2026-08-28 at 19:39:40 | INFO | T:\Н папка\програмирование\python\project\pythonProject1\programForTecher\admin\Log\appFileLog.log
2026-08-28 at 19:39:40 | INFO | T:\Н папка\програмирование\python\project\pythonProject1\programForTecher\admin
2026-08-28 at 19:39:40 | INFO | T:\Н папка\програмирование\python\project\pythonProject1\programForTecher\client
2026-08-28 at 19:39:40 | INFO | {'\\Cookie\\local_cookie.json': {'Body': {'time_check_updates': '17:22 22.08.26', 'value_Check': False}}, '\\question.json': {'Body': [{'Qst': {'question_name': 'Кто такой Патрин?', 'answer': ['Бугалтер', 'Директор'], 'right_answer': ['Преподаватель'], 'id': 1}}]}, '\\static\\GetClientData\\UploadInServerClientCookie\\ClientCookieData\\question.json': {'client_flag': True, 'Body': [{'Qst': {'question_name': 'Кто такой Патрин?', 'answer': ['Бухгалтер ', 'Директор'], 'right_answer': ['Преподаватель'], 'id': 1}}]}, '\\Settings\\SettingsPage\\settings_page.json': {'Body': [{'name': 'version', 'value': 2.1}, {'name': 'url for update', 'value': 'https://github.com/RustFarmer/Test/blob/main/update_url_file.json'}]}, '\\Settings\\UpdateProgram\\UpdateData\\update_url_file.json': {'Body': {'rarFile': 'https://github.com/RustFarmer/Rust-helper/raw/refs/heads/main/v5.1.rar'}}, '\\static\\GetClientData\\UploadInServerClientCookie\\ClientCookieData\\settings.json': {'client_flag': True, 'Body': []}, '\\PassCutOff\\settings.json': {'Body': []}, '\\ImageResultScreen\\imageSettings.json': {'Body': []}, '\\ListBlancQuestion\\listBlancQuestion.json': {'Body': []}}
2026-08-28 at 19:39:40 | INFO | <class 'pathlib.WindowsPath'>
2026-08-28 at 19:39:40 | INFO | T:\Н папка\програмирование\python\project\pythonProject1\programForTecher\admin
2026-08-28 at 19:39:40 | INFO | {'\\Cookie\\local_cookie.json': {'Body': {'time_check_updates': '17:22 22.08.26', 'value_Check': False}}, '\\question.json': {'Body': [{'Qst': {'question_name': 'Кто такой Патрин?', 'answer': ['Бугалтер', 'Директор'], 'right_answer': ['Преподаватель'], 'id': 1}}]}, '\\static\\GetClientData\\UploadInServerClientCookie\\ClientCookieData\\question.json': {'client_flag': True, 'Body': [{'Qst': {'question_name': 'Кто такой Патрин?', 'answer': ['Бухгалтер ', 'Директор'], 'right_answer': ['Преподаватель'], 'id': 1}}]}, '\\Settings\\SettingsPage\\settings_page.json': {'Body': [{'name': 'version', 'value': 2.1}, {'name': 'url for update', 'value': 'https://github.com/RustFarmer/Test/blob/main/update_url_file.json'}]}, '\\Settings\\UpdateProgram\\UpdateData\\update_url_file.json': {'Body': {'rarFile': 'https://github.com/RustFarmer/Rust-helper/raw/refs/heads/main/v5.1.rar'}}, '\\static\\GetClientData\\UploadInServerClientCookie\\ClientCookieData\\settings.json': {'client_flag': True, 'Body': []}, '\\PassCutOff\\settings.json': {'Body': []}, '\\ImageResultScreen\\imageSettings.json': {'Body': []}, '\\ListBlancQuestion\\listBlancQuestion.json': {'Body': []}}
2026-08-28 at 19:39:40 | INFO | {'\\Cookie\\local_cookie.json': {'Body': {'time_check_updates': '17:22 22.08.26', 'value_Check': False}}, '\\question.json': {'Body': [{'Qst': {'question_name': 'Кто такой Патрин?', 'answer': ['Бугалтер', 'Директор'], 'right_answer': ['Преподаватель'], 'id': 1}}]}, '\\static\\GetClientData\\UploadInServerClientCookie\\ClientCookieData\\question.json': {'client_flag': True, 'Body': [{'Qst': {'question_name': 'Кто такой Патрин?', 'answer': ['Бухгалтер ', 'Директор'], 'right_answer': ['Преподаватель'], 'id': 1}}]}, '\\Settings\\SettingsPage\\settings_page.json': {'Body': [{'name': 'version', 'value': 2.1}, {'name': 'url for update', 'value': 'https://github.com/RustFarmer/Test/blob/main/update_url_file.json'}]}, '\\Settings\\UpdateProgram\\UpdateData\\update_url_file.json': {'Body': {'rarFile': 'https://github.com/RustFarmer/Rust-helper/raw/refs/heads/main/v5.1.rar'}}, '\\static\\GetClientData\\UploadInServerClientCookie\\ClientCookieData\\settings.json': {'client_flag': True, 'Body': []}, '\\PassCutOff\\settings.json': {'Body': []}, '\\ImageResultScreen\\imageSettings.json': {'Body': []}, '\\ListBlancQuestion\\listBlancQuestion.json': {'Body': []}}
2026-08-28 at 19:39:40 | INFO | T:\Н папка\програмирование\python\project\pythonProject1\programForTecher\admin\Cookie\local_cookie.json
2026-08-28 at 19:39:40 | INFO | \Cookie\local_cookie.json
2026-08-28 at 19:39:40 | INFO | {'Body': {'time_check_updates': '17:22 22.08.26', 'value_Check': False}}
2026-08-28 at 19:39:40 | INFO | T:\Н папка\програмирование\python\project\pythonProject1\programForTecher\admin\question.json
2026-08-28 at 19:39:40 | INFO | \question.json
2026-08-28 at 19:39:40 | INFO | {'Body': [{'Qst': {'question_name': 'Кто такой Патрин?', 'answer': ['Бугалтер', 'Директор'], 'right_answer': ['Преподаватель'], 'id': 1}}]}
2026-08-28 at 19:39:40 | INFO | T:\Н папка\програмирование\python\project\pythonProject1\programForTecher\admin\static\GetClientData\UploadInServerClientCookie\ClientCookieData\question.json
2026-08-28 at 19:39:40 | INFO | T:\Н папка\програмирование\python\project\pythonProject1\programForTecher\client\static\GetClientData\UploadInServerClientCookie\ClientCookieData\question.json
2026-08-28 at 19:39:40 | INFO | \static\GetClientData\UploadInServerClientCookie\ClientCookieData\question.json
2026-08-28 at 19:39:40 | INFO | {'client_flag': True, 'Body': [{'Qst': {'question_name': 'Кто такой Патрин?', 'answer': ['Бухгалтер ', 'Директор'], 'right_answer': ['Преподаватель'], 'id': 1}}]}
2026-08-28 at 19:39:40 | INFO | T:\Н папка\програмирование\python\project\pythonProject1\programForTecher\admin\Settings\SettingsPage\settings_page.json
2026-08-28 at 19:39:40 | INFO | \Settings\SettingsPage\settings_page.json
2026-08-28 at 19:39:40 | INFO | {'Body': [{'name': 'version', 'value': 2.1}, {'name': 'url for update', 'value': 'https://github.com/RustFarmer/Test/blob/main/update_url_file.json'}]}
2026-08-28 at 19:39:40 | INFO | T:\Н папка\програмирование\python\project\pythonProject1\programForTecher\admin\Settings\UpdateProgram\UpdateData\update_url_file.json
2026-08-28 at 19:39:40 | INFO | \Settings\UpdateProgram\UpdateData\update_url_file.json
2026-08-28 at 19:39:40 | INFO | {'Body': {'rarFile': 'https://github.com/RustFarmer/Rust-helper/raw/refs/heads/main/v5.1.rar'}}
2026-08-28 at 19:39:40 | INFO | T:\Н папка\програмирование\python\project\pythonProject1\programForTecher\admin\static\GetClientData\UploadInServerClientCookie\ClientCookieData\settings.json
2026-08-28 at 19:39:40 | INFO | T:\Н папка\програмирование\python\project\pythonProject1\programForTecher\client\static\GetClientData\UploadInServerClientCookie\ClientCookieData\settings.json
2026-08-28 at 19:39:40 | INFO | \static\GetClientData\UploadInServerClientCookie\ClientCookieData\settings.json
2026-08-28 at 19:39:40 | INFO | {'client_flag': True, 'Body': []}
2026-08-28 at 19:39:40 | INFO | T:\Н папка\програмирование\python\project\pythonProject1\programForTecher\admin\PassCutOff\settings.json
2026-08-28 at 19:39:40 | INFO | \PassCutOff\settings.json
2026-08-28 at 19:39:40 | INFO | {'Body': []}
2026-08-28 at 19:39:40 | INFO | T:\Н папка\програмирование\python\project\pythonProject1\programForTecher\admin\ImageResultScreen\imageSettings.json
2026-08-28 at 19:39:40 | INFO | \ImageResultScreen\imageSettings.json
2026-08-28 at 19:39:40 | INFO | {'Body': []}
2026-08-28 at 19:39:40 | INFO | T:\Н папка\програмирование\python\project\pythonProject1\programForTecher\admin\ListBlancQuestion\listBlancQuestion.json
2026-08-28 at 19:39:40 | INFO | \ListBlancQuestion\listBlancQuestion.json
2026-08-28 at 19:39:40 | INFO | {'Body': []}
2026-08-28 at 19:39:41 | INFO | https://raw.githubusercontent.com/RustFarmer/Test/main/update_url_file.json
2026-08-28 at 19:39:41 | INFO | {'rarFile': 'https://disk.yandex.ru/d/lQZ7yrzul_fpjg'}
2026-08-28 at 19:39:41 | INFO | {'rarFile': 'https://disk.yandex.ru/d/lQZ7yrzul_fpjg'}
2026-08-29 at 19:55:56 | INFO | T:\Н папка\програмирование\python\project\pythonProject1\programForTecher\admin\Log\appFileLog.log
2026-08-29 at 19:55:56 | INFO | T:\Н папка\програмирование\python\project\pythonProject1\programForTecher\admin
2026-08-29 at 19:55:56 | INFO | T:\Н папка\програмирование\python\project\pythonProject1\client\_internal
2026-08-29 at 19:55:56 | INFO | {'\\Cookie\\local_cookie.json': {'Body': {'time_check_updates': '17:22 22.08.26', 'value_Check': False}}, '\\question.json': {'Body': [{'Qst': {'question_name': 'Кто такой Патрин?', 'answer': ['Бугалтер', 'Директор'], 'right_answer': ['Преподаватель'], 'id': 1}}]}, '\\static\\GetClientData\\UploadInServerClientCookie\\ClientCookieData\\question.json': {'client_flag': True, 'Body': [{'Qst': {'question_name': 'Кто такой Патрин?', 'answer': ['Бухгалтер ', 'Директор'], 'right_answer': ['Преподаватель'], 'id': 1}}]}, '\\Settings\\SettingsPage\\settings_page.json': {'Body': [{'name': 'version', 'value': 2.1}, {'name': 'url for update', 'value': 'https://github.com/RustFarmer/Test/blob/main/update_url_file.json'}]}, '\\Settings\\UpdateProgram\\UpdateData\\update_url_file.json': {'Body': {'rarFile': 'https://github.com/RustFarmer/Rust-helper/raw/refs/heads/main/v5.1.rar'}}, '\\static\\GetClientData\\UploadInServerClientCookie\\ClientCookieData\\settings.json': {'client_flag': True, 'Body': []}, '\\PassCutOff\\settings.json': {'Body': []}, '\\ImageResultScreen\\imageSettings.json': {'Body': []}, '\\ListBlancQuestion\\listBlancQuestion.json': {'Body': []}}
2026-08-29 at 19:55:56 | INFO | <class 'pathlib.WindowsPath'>
2026-08-29 at 19:55:56 | INFO | T:\Н папка\програмирование\python\project\pythonProject1\programForTecher\admin
2026-08-29 at 19:55:56 | INFO | {'\\Cookie\\local_cookie.json': {'Body': {'time_check_updates': '17:22 22.08.26', 'value_Check': False}}, '\\question.json': {'Body': [{'Qst': {'question_name': 'Кто такой Патрин?', 'answer': ['Бугалтер', 'Директор'], 'right_answer': ['Преподаватель'], 'id': 1}}]}, '\\static\\GetClientData\\UploadInServerClientCookie\\ClientCookieData\\question.json': {'client_flag': True, 'Body': [{'Qst': {'question_name': 'Кто такой Патрин?', 'answer': ['Бухгалтер ', 'Директор'], 'right_answer': ['Преподаватель'], 'id': 1}}]}, '\\Settings\\SettingsPage\\settings_page.json': {'Body': [{'name': 'version', 'value': 2.1}, {'name': 'url for update', 'value': 'https://github.com/RustFarmer/Test/blob/main/update_url_file.json'}]}, '\\Settings\\UpdateProgram\\UpdateData\\update_url_file.json': {'Body': {'rarFile': 'https://github.com/RustFarmer/Rust-helper/raw/refs/heads/main/v5.1.rar'}}, '\\static\\GetClientData\\UploadInServerClientCookie\\ClientCookieData\\settings.json': {'client_flag': True, 'Body': []}, '\\PassCutOff\\settings.json': {'Body': []}, '\\ImageResultScreen\\imageSettings.json': {'Body': []}, '\\ListBlancQuestion\\listBlancQuestion.json': {'Body': []}}
2026-08-29 at 19:55:56 | INFO | {'\\Cookie\\local_cookie.json': {'Body': {'time_check_updates': '17:22 22.08.26', 'value_Check': False}}, '\\question.json': {'Body': [{'Qst': {'question_name': 'Кто такой Патрин?', 'answer': ['Бугалтер', 'Директор'], 'right_answer': ['Преподаватель'], 'id': 1}}]}, '\\static\\GetClientData\\UploadInServerClientCookie\\ClientCookieData\\question.json': {'client_flag': True, 'Body': [{'Qst': {'question_name': 'Кто такой Патрин?', 'answer': ['Бухгалтер ', 'Директор'], 'right_answer': ['Преподаватель'], 'id': 1}}]}, '\\Settings\\SettingsPage\\settings_page.json': {'Body': [{'name': 'version', 'value': 2.1}, {'name': 'url for update', 'value': 'https://github.com/RustFarmer/Test/blob/main/update_url_file.json'}]}, '\\Settings\\UpdateProgram\\UpdateData\\update_url_file.json': {'Body': {'rarFile': 'https://github.com/RustFarmer/Rust-helper/raw/refs/heads/main/v5.1.rar'}}, '\\static\\GetClientData\\UploadInServerClientCookie\\ClientCookieData\\settings.json': {'client_flag': True, 'Body': []}, '\\PassCutOff\\settings.json': {'Body': []}, '\\ImageResultScreen\\imageSettings.json': {'Body': []}, '\\ListBlancQuestion\\listBlancQuestion.json': {'Body': []}}
2026-08-29 at 19:55:56 | INFO | T:\Н папка\програмирование\python\project\pythonProject1\programForTecher\admin\Cookie\local_cookie.json
2026-08-29 at 19:55:56 | INFO | \Cookie\local_cookie.json
2026-08-29 at 19:55:56 | INFO | {'Body': {'time_check_updates': '17:22 22.08.26', 'value_Check': False}}
2026-08-29 at 19:55:56 | INFO | T:\Н папка\програмирование\python\project\pythonProject1\programForTecher\admin\question.json
2026-08-29 at 19:55:56 | INFO | \question.json
2026-08-29 at 19:55:56 | INFO | {'Body': [{'Qst': {'question_name': 'Кто такой Патрин?', 'answer': ['Бугалтер', 'Директор'], 'right_answer': ['Преподаватель'], 'id': 1}}]}
2026-08-29 at 19:55:56 | INFO | T:\Н папка\програмирование\python\project\pythonProject1\programForTecher\admin\static\GetClientData\UploadInServerClientCookie\ClientCookieData\question.json
2026-08-29 at 19:55:56 | INFO | T:\Н папка\програмирование\python\project\pythonProject1\client\_internal\static\GetClientData\UploadInServerClientCookie\ClientCookieData\question.json
2026-08-29 at 19:55:56 | CRITICAL | [Errno 2] No such file or directory: 'T:\\Н папка\\програмирование\\python\\project\\pythonProject1\\client\\_internal\\static\\GetClientData\\UploadInServerClientCookie\\ClientCookieData\\question.json'
2026-08-29 at 19:56:24 | INFO | T:\Н папка\програмирование\python\project\pythonProject1\programForTecher\admin\Log\appFileLog.log
2026-08-29 at 19:56:24 | INFO | T:\Н папка\програмирование\python\project\pythonProject1\programForTecher\admin
2026-08-29 at 19:56:24 | INFO | T:\Н папка\програмирование\python\project\pythonProject1\client\_internal
2026-08-29 at 19:56:24 | INFO | {'\\Cookie\\local_cookie.json': {'Body': {'time_check_updates': '17:22 22.08.26', 'value_Check': False}}, '\\question.json': {'Body': [{'Qst': {'question_name': 'Кто такой Патрин?', 'answer': ['Бугалтер', 'Директор'], 'right_answer': ['Преподаватель'], 'id': 1}}]}, '\\static\\GetClientData\\UploadInServerClientCookie\\ClientCookieData\\question.json': {'client_flag': True, 'Body': [{'Qst': {'question_name': 'Кто такой Патрин?', 'answer': ['Бухгалтер ', 'Директор'], 'right_answer': ['Преподаватель'], 'id': 1}}]}, '\\Settings\\SettingsPage\\settings_page.json': {'Body': [{'name': 'version', 'value': 2.1}, {'name': 'url for update', 'value': 'https://github.com/RustFarmer/Test/blob/main/update_url_file.json'}]}, '\\Settings\\UpdateProgram\\UpdateData\\update_url_file.json': {'Body': {'rarFile': 'https://github.com/RustFarmer/Rust-helper/raw/refs/heads/main/v5.1.rar'}}, '\\static\\GetClientData\\UploadInServerClientCookie\\ClientCookieData\\settings.json': {'client_flag': True, 'Body': []}, '\\PassCutOff\\settings.json': {'Body': []}, '\\ImageResultScreen\\imageSettings.json': {'Body': []}, '\\ListBlancQuestion\\listBlancQuestion.json': {'Body': []}}
2026-08-29 at 19:56:24 | INFO | <class 'pathlib.WindowsPath'>
2026-08-29 at 19:56:24 | INFO | T:\Н папка\програмирование\python\project\pythonProject1\programForTecher\admin
2026-08-29 at 19:56:24 | INFO | {'\\Cookie\\local_cookie.json': {'Body': {'time_check_updates': '17:22 22.08.26', 'value_Check': False}}, '\\question.json': {'Body': [{'Qst': {'question_name': 'Кто такой Патрин?', 'answer': ['Бугалтер', 'Директор'], 'right_answer': ['Преподаватель'], 'id': 1}}]}, '\\static\\GetClientData\\UploadInServerClientCookie\\ClientCookieData\\question.json': {'client_flag': True, 'Body': [{'Qst': {'question_name': 'Кто такой Патрин?', 'answer': ['Бухгалтер ', 'Директор'], 'right_answer': ['Преподаватель'], 'id': 1}}]}, '\\Settings\\SettingsPage\\settings_page.json': {'Body': [{'name': 'version', 'value': 2.1}, {'name': 'url for update', 'value': 'https://github.com/RustFarmer/Test/blob/main/update_url_file.json'}]}, '\\Settings\\UpdateProgram\\UpdateData\\update_url_file.json': {'Body': {'rarFile': 'https://github.com/RustFarmer/Rust-helper/raw/refs/heads/main/v5.1.rar'}}, '\\static\\GetClientData\\UploadInServerClientCookie\\ClientCookieData\\settings.json': {'client_flag': True, 'Body': []}, '\\PassCutOff\\settings.json': {'Body': []}, '\\ImageResultScreen\\imageSettings.json': {'Body': []}, '\\ListBlancQuestion\\listBlancQuestion.json': {'Body': []}}
2026-08-29 at 19:56:24 | INFO | {'\\Cookie\\local_cookie.json': {'Body': {'time_check_updates': '17:22 22.08.26', 'value_Check': False}}, '\\question.json': {'Body': [{'Qst': {'question_name': 'Кто такой Патрин?', 'answer': ['Бугалтер', 'Директор'], 'right_answer': ['Преподаватель'], 'id': 1}}]}, '\\static\\GetClientData\\UploadInServerClientCookie\\ClientCookieData\\question.json': {'client_flag': True, 'Body': [{'Qst': {'question_name': 'Кто такой Патрин?', 'answer': ['Бухгалтер ', 'Директор'], 'right_answer': ['Преподаватель'], 'id': 1}}]}, '\\Settings\\SettingsPage\\settings_page.json': {'Body': [{'name': 'version', 'value': 2.1}, {'name': 'url for update', 'value': 'https://github.com/RustFarmer/Test/blob/main/update_url_file.json'}]}, '\\Settings\\UpdateProgram\\UpdateData\\update_url_file.json': {'Body': {'rarFile': 'https://github.com/RustFarmer/Rust-helper/raw/refs/heads/main/v5.1.rar'}}, '\\static\\GetClientData\\UploadInServerClientCookie\\ClientCookieData\\settings.json': {'client_flag': True, 'Body': []}, '\\PassCutOff\\settings.json': {'Body': []}, '\\ImageResultScreen\\imageSettings.json': {'Body': []}, '\\ListBlancQuestion\\listBlancQuestion.json': {'Body': []}}
2026-08-29 at 19:56:24 | INFO | T:\Н папка\програмирование\python\project\pythonProject1\programForTecher\admin\Cookie\local_cookie.json
2026-08-29 at 19:56:24 | INFO | \Cookie\local_cookie.json
2026-08-29 at 19:56:24 | INFO | {'Body': {'time_check_updates': '17:22 22.08.26', 'value_Check': False}}
2026-08-29 at 19:56:24 | INFO | T:\Н папка\програмирование\python\project\pythonProject1\programForTecher\admin\question.json
2026-08-29 at 19:56:24 | INFO | \question.json
2026-08-29 at 19:56:24 | INFO | {'Body': [{'Qst': {'question_name': 'Кто такой Патрин?', 'answer': ['Бугалтер', 'Директор'], 'right_answer': ['Преподаватель'], 'id': 1}}]}
2026-08-29 at 19:56:24 | INFO | T:\Н папка\програмирование\python\project\pythonProject1\programForTecher\admin\static\GetClientData\UploadInServerClientCookie\ClientCookieData\question.json
2026-08-29 at 19:56:24 | INFO | T:\Н папка\програмирование\python\project\pythonProject1\client\_internal\static\GetClientData\UploadInServerClientCookie\ClientCookieData\question.json
2026-08-29 at 19:56:24 | CRITICAL | [Errno 2] No such file or directory: 'T:\\Н папка\\програмирование\\python\\project\\pythonProject1\\client\\_internal\\static\\GetClientData\\UploadInServerClientCookie\\ClientCookieData\\question.json'
2026-08-29 at 20:16:30 | INFO | T:\Н папка\програмирование\python\project\pythonProject1\programForTecher\admin\Log\appFileLog.log
2026-08-29 at 20:16:30 | INFO | T:\Н папка\програмирование\python\project\pythonProject1\programForTecher\admin
2026-08-29 at 20:16:30 | INFO | T:\Н папка\програмирование\python\project\pythonProject1\client\_internal
2026-08-29 at 20:16:30 | INFO | {'\\Cookie\\local_cookie.json': {'Body': {'time_check_updates': '17:22 22.08.26', 'value_Check': False}}, '\\question.json': {'Body': [{'Qst': {'question_name': 'Кто такой Патрин?', 'answer': ['Бугалтер', 'Директор'], 'right_answer': ['Преподаватель'], 'id': 1}}]}, '\\static\\GetClientData\\UploadInServerClientCookie\\ClientCookieData\\question.json': {'client_flag': True, 'Body': [{'Qst': {'question_name': 'Кто такой Патрин?', 'answer': ['Бухгалтер ', 'Директор'], 'right_answer': ['Преподаватель'], 'id': 1}}]}, '\\Settings\\SettingsPage\\settings_page.json': {'Body': [{'name': 'version', 'value': 2.1}, {'name': 'url for update', 'value': 'https://github.com/RustFarmer/Test/blob/main/update_url_file.json'}]}, '\\Settings\\UpdateProgram\\UpdateData\\update_url_file.json': {'Body': {'rarFile': 'https://github.com/RustFarmer/Rust-helper/raw/refs/heads/main/v5.1.rar'}}, '\\static\\GetClientData\\UploadInServerClientCookie\\ClientCookieData\\settings.json': {'client_flag': True, 'Body': []}, '\\PassCutOff\\settings.json': {'Body': []}, '\\ImageResultScreen\\imageSettings.json': {'Body': []}, '\\ListBlancQuestion\\listBlancQuestion.json': {'Body': []}}
2026-08-29 at 20:16:30 | INFO | <class 'pathlib.WindowsPath'>
2026-08-29 at 20:16:30 | INFO | T:\Н папка\програмирование\python\project\pythonProject1\programForTecher\admin
2026-08-29 at 20:16:30 | INFO | {'\\Cookie\\local_cookie.json': {'Body': {'time_check_updates': '17:22 22.08.26', 'value_Check': False}}, '\\question.json': {'Body': [{'Qst': {'question_name': 'Кто такой Патрин?', 'answer': ['Бугалтер', 'Директор'], 'right_answer': ['Преподаватель'], 'id': 1}}]}, '\\static\\GetClientData\\UploadInServerClientCookie\\ClientCookieData\\question.json': {'client_flag': True, 'Body': [{'Qst': {'question_name': 'Кто такой Патрин?', 'answer': ['Бухгалтер ', 'Директор'], 'right_answer': ['Преподаватель'], 'id': 1}}]}, '\\Settings\\SettingsPage\\settings_page.json': {'Body': [{'name': 'version', 'value': 2.1}, {'name': 'url for update', 'value': 'https://github.com/RustFarmer/Test/blob/main/update_url_file.json'}]}, '\\Settings\\UpdateProgram\\UpdateData\\update_url_file.json': {'Body': {'rarFile': 'https://github.com/RustFarmer/Rust-helper/raw/refs/heads/main/v5.1.rar'}}, '\\static\\GetClientData\\UploadInServerClientCookie\\ClientCookieData\\settings.json': {'client_flag': True, 'Body': []}, '\\PassCutOff\\settings.json': {'Body': []}, '\\ImageResultScreen\\imageSettings.json': {'Body': []}, '\\ListBlancQuestion\\listBlancQuestion.json': {'Body': []}}
2026-08-29 at 20:16:30 | INFO | {'\\Cookie\\local_cookie.json': {'Body': {'time_check_updates': '17:22 22.08.26', 'value_Check': False}}, '\\question.json': {'Body': [{'Qst': {'question_name': 'Кто такой Патрин?', 'answer': ['Бугалтер', 'Директор'], 'right_answer': ['Преподаватель'], 'id': 1}}]}, '\\static\\GetClientData\\UploadInServerClientCookie\\ClientCookieData\\question.json': {'client_flag': True, 'Body': [{'Qst': {'question_name': 'Кто такой Патрин?', 'answer': ['Бухгалтер ', 'Директор'], 'right_answer': ['Преподаватель'], 'id': 1}}]}, '\\Settings\\SettingsPage\\settings_page.json': {'Body': [{'name': 'version', 'value': 2.1}, {'name': 'url for update', 'value': 'https://github.com/RustFarmer/Test/blob/main/update_url_file.json'}]}, '\\Settings\\UpdateProgram\\UpdateData\\update_url_file.json': {'Body': {'rarFile': 'https://github.com/RustFarmer/Rust-helper/raw/refs/heads/main/v5.1.rar'}}, '\\static\\GetClientData\\UploadInServerClientCookie\\ClientCookieData\\settings.json': {'client_flag': True, 'Body': []}, '\\PassCutOff\\settings.json': {'Body': []}, '\\ImageResultScreen\\imageSettings.json': {'Body': []}, '\\ListBlancQuestion\\listBlancQuestion.json': {'Body': []}}
2026-08-29 at 20:16:30 | INFO | T:\Н папка\програмирование\python\project\pythonProject1\programForTecher\admin\Cookie\local_cookie.json
2026-08-29 at 20:16:30 | INFO | \Cookie\local_cookie.json
2026-08-29 at 20:16:30 | INFO | {'Body': {'time_check_updates': '17:22 22.08.26', 'value_Check': False}}
2026-08-29 at 20:16:30 | INFO | T:\Н папка\програмирование\python\project\pythonProject1\programForTecher\admin\question.json
2026-08-29 at 20:16:30 | INFO | \question.json
2026-08-29 at 20:16:30 | INFO | {'Body': [{'Qst': {'question_name': 'Кто такой Патрин?', 'answer': ['Бугалтер', 'Директор'], 'right_answer': ['Преподаватель'], 'id': 1}}]}
2026-08-29 at 20:16:30 | INFO | T:\Н папка\програмирование\python\project\pythonProject1\programForTecher\admin\static\GetClientData\UploadInServerClientCookie\ClientCookieData\question.json
2026-08-29 at 20:16:30 | INFO | T:\Н папка\програмирование\python\project\pythonProject1\client\_internal\static\GetClientData\UploadInServerClientCookie\ClientCookieData\question.json
2026-08-29 at 20:16:30 | CRITICAL | [Errno 2] No such file or directory: 'T:\\Н папка\\програмирование\\python\\project\\pythonProject1\\client\\_internal\\static\\GetClientData\\UploadInServerClientCookie\\ClientCookieData\\question.json'
2026-08-29 at 20:16:45 | INFO | T:\Н папка\програмирование\python\project\pythonProject1\programForTecher\admin\Log\appFileLog.log
2026-08-29 at 20:16:45 | INFO | T:\Н папка\програмирование\python\project\pythonProject1\programForTecher\admin
2026-08-29 at 20:16:45 | INFO | T:\Н папка\програмирование\python\project\pythonProject1\client
2026-08-29 at 20:16:45 | INFO | {'\\Cookie\\local_cookie.json': {'Body': {'time_check_updates': '17:22 22.08.26', 'value_Check': False}}, '\\question.json': {'Body': [{'Qst': {'question_name': 'Кто такой Патрин?', 'answer': ['Бугалтер', 'Директор'], 'right_answer': ['Преподаватель'], 'id': 1}}]}, '\\static\\GetClientData\\UploadInServerClientCookie\\ClientCookieData\\question.json': {'client_flag': True, 'Body': [{'Qst': {'question_name': 'Кто такой Патрин?', 'answer': ['Бухгалтер ', 'Директор'], 'right_answer': ['Преподаватель'], 'id': 1}}]}, '\\Settings\\SettingsPage\\settings_page.json': {'Body': [{'name': 'version', 'value': 2.1}, {'name': 'url for update', 'value': 'https://github.com/RustFarmer/Test/blob/main/update_url_file.json'}]}, '\\Settings\\UpdateProgram\\UpdateData\\update_url_file.json': {'Body': {'rarFile': 'https://github.com/RustFarmer/Rust-helper/raw/refs/heads/main/v5.1.rar'}}, '\\static\\GetClientData\\UploadInServerClientCookie\\ClientCookieData\\settings.json': {'client_flag': True, 'Body': []}, '\\PassCutOff\\settings.json': {'Body': []}, '\\ImageResultScreen\\imageSettings.json': {'Body': []}, '\\ListBlancQuestion\\listBlancQuestion.json': {'Body': []}}
2026-08-29 at 20:16:45 | INFO | <class 'pathlib.WindowsPath'>
2026-08-29 at 20:16:45 | INFO | T:\Н папка\програмирование\python\project\pythonProject1\programForTecher\admin
2026-08-29 at 20:16:45 | INFO | {'\\Cookie\\local_cookie.json': {'Body': {'time_check_updates': '17:22 22.08.26', 'value_Check': False}}, '\\question.json': {'Body': [{'Qst': {'question_name': 'Кто такой Патрин?', 'answer': ['Бугалтер', 'Директор'], 'right_answer': ['Преподаватель'], 'id': 1}}]}, '\\static\\GetClientData\\UploadInServerClientCookie\\ClientCookieData\\question.json': {'client_flag': True, 'Body': [{'Qst': {'question_name': 'Кто такой Патрин?', 'answer': ['Бухгалтер ', 'Директор'], 'right_answer': ['Преподаватель'], 'id': 1}}]}, '\\Settings\\SettingsPage\\settings_page.json': {'Body': [{'name': 'version', 'value': 2.1}, {'name': 'url for update', 'value': 'https://github.com/RustFarmer/Test/blob/main/update_url_file.json'}]}, '\\Settings\\UpdateProgram\\UpdateData\\update_url_file.json': {'Body': {'rarFile': 'https://github.com/RustFarmer/Rust-helper/raw/refs/heads/main/v5.1.rar'}}, '\\static\\GetClientData\\UploadInServerClientCookie\\ClientCookieData\\settings.json': {'client_flag': True, 'Body': []}, '\\PassCutOff\\settings.json': {'Body': []}, '\\ImageResultScreen\\imageSettings.json': {'Body': []}, '\\ListBlancQuestion\\listBlancQuestion.json': {'Body': []}}
2026-08-29 at 20:16:45 | INFO | {'\\Cookie\\local_cookie.json': {'Body': {'time_check_updates': '17:22 22.08.26', 'value_Check': False}}, '\\question.json': {'Body': [{'Qst': {'question_name': 'Кто такой Патрин?', 'answer': ['Бугалтер', 'Директор'], 'right_answer': ['Преподаватель'], 'id': 1}}]}, '\\static\\GetClientData\\UploadInServerClientCookie\\ClientCookieData\\question.json': {'client_flag': True, 'Body': [{'Qst': {'question_name': 'Кто такой Патрин?', 'answer': ['Бухгалтер ', 'Директор'], 'right_answer': ['Преподаватель'], 'id': 1}}]}, '\\Settings\\SettingsPage\\settings_page.json': {'Body': [{'name': 'version', 'value': 2.1}, {'name': 'url for update', 'value': 'https://github.com/RustFarmer/Test/blob/main/update_url_file.json'}]}, '\\Settings\\UpdateProgram\\UpdateData\\update_url_file.json': {'Body': {'rarFile': 'https://github.com/RustFarmer/Rust-helper/raw/refs/heads/main/v5.1.rar'}}, '\\static\\GetClientData\\UploadInServerClientCookie\\ClientCookieData\\settings.json': {'client_flag': True, 'Body': []}, '\\PassCutOff\\settings.json': {'Body': []}, '\\ImageResultScreen\\imageSettings.json': {'Body': []}, '\\ListBlancQuestion\\listBlancQuestion.json': {'Body': []}}
2026-08-29 at 20:16:45 | INFO | T:\Н папка\програмирование\python\project\pythonProject1\programForTecher\admin\Cookie\local_cookie.json
2026-08-29 at 20:16:45 | INFO | \Cookie\local_cookie.json
2026-08-29 at 20:16:45 | INFO | {'Body': {'time_check_updates': '17:22 22.08.26', 'value_Check': False}}
2026-08-29 at 20:16:45 | INFO | T:\Н папка\програмирование\python\project\pythonProject1\programForTecher\admin\question.json
2026-08-29 at 20:16:45 | INFO | \question.json
2026-08-29 at 20:16:45 | INFO | {'Body': [{'Qst': {'question_name': 'Кто такой Патрин?', 'answer': ['Бугалтер', 'Директор'], 'right_answer': ['Преподаватель'], 'id': 1}}]}
2026-08-29 at 20:16:45 | INFO | T:\Н папка\програмирование\python\project\pythonProject1\programForTecher\admin\static\GetClientData\UploadInServerClientCookie\ClientCookieData\question.json
2026-08-29 at 20:16:45 | INFO | T:\Н папка\програмирование\python\project\pythonProject1\client\static\GetClientData\UploadInServerClientCookie\ClientCookieData\question.json
2026-08-29 at 20:16:45 | CRITICAL | [Errno 2] No such file or directory: 'T:\\Н папка\\програмирование\\python\\project\\pythonProject1\\client\\static\\GetClientData\\UploadInServerClientCookie\\ClientCookieData\\question.json'
2026-08-29 at 20:18:15 | INFO | T:\Н папка\програмирование\python\project\pythonProject1\programForTecher\admin\Log\appFileLog.log
2026-08-29 at 20:18:15 | INFO | T:\Н папка\програмирование\python\project\pythonProject1\programForTecher\admin
2026-08-29 at 20:18:15 | INFO | T:\Н папка\програмирование\python\project\pythonProject1\client
2026-08-29 at 20:18:15 | INFO | {'\\Cookie\\local_cookie.json': {'Body': {'time_check_updates': '17:22 22.08.26', 'value_Check': False}}, '\\question.json': {'Body': [{'Qst': {'question_name': 'Кто такой Патрин?', 'answer': ['Бугалтер', 'Директор'], 'right_answer': ['Преподаватель'], 'id': 1}}]}, '\\static\\GetClientData\\UploadInServerClientCookie\\ClientCookieData\\question.json': {'client_flag': True, 'Body': [{'Qst': {'question_name': 'Кто такой Патрин?', 'answer': ['Бухгалтер ', 'Директор'], 'right_answer': ['Преподаватель'], 'id': 1}}]}, '\\Settings\\SettingsPage\\settings_page.json': {'Body': [{'name': 'version', 'value': 2.1}, {'name': 'url for update', 'value': 'https://github.com/RustFarmer/Test/blob/main/update_url_file.json'}]}, '\\Settings\\UpdateProgram\\UpdateData\\update_url_file.json': {'Body': {'rarFile': 'https://github.com/RustFarmer/Rust-helper/raw/refs/heads/main/v5.1.rar'}}, '\\static\\GetClientData\\UploadInServerClientCookie\\ClientCookieData\\settings.json': {'client_flag': True, 'Body': []}, '\\PassCutOff\\settings.json': {'Body': []}, '\\ImageResultScreen\\imageSettings.json': {'Body': []}, '\\ListBlancQuestion\\listBlancQuestion.json': {'Body': []}}
2026-08-29 at 20:18:15 | INFO | <class 'pathlib.WindowsPath'>
2026-08-29 at 20:18:15 | INFO | T:\Н папка\програмирование\python\project\pythonProject1\programForTecher\admin
2026-08-29 at 20:18:15 | INFO | {'\\Cookie\\local_cookie.json': {'Body': {'time_check_updates': '17:22 22.08.26', 'value_Check': False}}, '\\question.json': {'Body': [{'Qst': {'question_name': 'Кто такой Патрин?', 'answer': ['Бугалтер', 'Директор'], 'right_answer': ['Преподаватель'], 'id': 1}}]}, '\\static\\GetClientData\\UploadInServerClientCookie\\ClientCookieData\\question.json': {'client_flag': True, 'Body': [{'Qst': {'question_name': 'Кто такой Патрин?', 'answer': ['Бухгалтер ', 'Директор'], 'right_answer': ['Преподаватель'], 'id': 1}}]}, '\\Settings\\SettingsPage\\settings_page.json': {'Body': [{'name': 'version', 'value': 2.1}, {'name': 'url for update', 'value': 'https://github.com/RustFarmer/Test/blob/main/update_url_file.json'}]}, '\\Settings\\UpdateProgram\\UpdateData\\update_url_file.json': {'Body': {'rarFile': 'https://github.com/RustFarmer/Rust-helper/raw/refs/heads/main/v5.1.rar'}}, '\\static\\GetClientData\\UploadInServerClientCookie\\ClientCookieData\\settings.json': {'client_flag': True, 'Body': []}, '\\PassCutOff\\settings.json': {'Body': []}, '\\ImageResultScreen\\imageSettings.json': {'Body': []}, '\\ListBlancQuestion\\listBlancQuestion.json': {'Body': []}}
2026-08-29 at 20:18:15 | INFO | {'\\Cookie\\local_cookie.json': {'Body': {'time_check_updates': '17:22 22.08.26', 'value_Check': False}}, '\\question.json': {'Body': [{'Qst': {'question_name': 'Кто такой Патрин?', 'answer': ['Бугалтер', 'Директор'], 'right_answer': ['Преподаватель'], 'id': 1}}]}, '\\static\\GetClientData\\UploadInServerClientCookie\\ClientCookieData\\question.json': {'client_flag': True, 'Body': [{'Qst': {'question_name': 'Кто такой Патрин?', 'answer': ['Бухгалтер ', 'Директор'], 'right_answer': ['Преподаватель'], 'id': 1}}]}, '\\Settings\\SettingsPage\\settings_page.json': {'Body': [{'name': 'version', 'value': 2.1}, {'name': 'url for update', 'value': 'https://github.com/RustFarmer/Test/blob/main/update_url_file.json'}]}, '\\Settings\\UpdateProgram\\UpdateData\\update_url_file.json': {'Body': {'rarFile': 'https://github.com/RustFarmer/Rust-helper/raw/refs/heads/main/v5.1.rar'}}, '\\static\\GetClientData\\UploadInServerClientCookie\\ClientCookieData\\settings.json': {'client_flag': True, 'Body': []}, '\\PassCutOff\\settings.json': {'Body': []}, '\\ImageResultScreen\\imageSettings.json': {'Body': []}, '\\ListBlancQuestion\\listBlancQuestion.json': {'Body': []}}
2026-08-29 at 20:18:15 | INFO | T:\Н папка\програмирование\python\project\pythonProject1\programForTecher\admin\Cookie\local_cookie.json
2026-08-29 at 20:18:15 | INFO | \Cookie\local_cookie.json
2026-08-29 at 20:18:15 | INFO | {'Body': {'time_check_updates': '17:22 22.08.26', 'value_Check': False}}
2026-08-29 at 20:18:15 | INFO | T:\Н папка\програмирование\python\project\pythonProject1\programForTecher\admin\question.json
2026-08-29 at 20:18:15 | INFO | \question.json
2026-08-29 at 20:18:15 | INFO | {'Body': [{'Qst': {'question_name': 'Кто такой Патрин?', 'answer': ['Бугалтер', 'Директор'], 'right_answer': ['Преподаватель'], 'id': 1}}]}
2026-08-29 at 20:18:15 | INFO | T:\Н папка\програмирование\python\project\pythonProject1\programForTecher\admin\static\GetClientData\UploadInServerClientCookie\ClientCookieData\question.json
2026-08-29 at 20:18:15 | INFO | T:\Н папка\програмирование\python\project\pythonProject1\client\static\GetClientData\UploadInServerClientCookie\ClientCookieData\question.json
2026-08-29 at 20:18:15 | CRITICAL | [Errno 2] No such file or directory: 'T:\\Н папка\\програмирование\\python\\project\\pythonProject1\\client\\static\\GetClientData\\UploadInServerClientCookie\\ClientCookieData\\question.json'
2026-08-29 at 20:18:26 | INFO | T:\Н папка\програмирование\python\project\pythonProject1\programForTecher\admin\Log\appFileLog.log
2026-08-29 at 20:18:26 | INFO | T:\Н папка\програмирование\python\project\pythonProject1\programForTecher\admin
2026-08-29 at 20:18:26 | INFO | T:\Н папка\програмирование\python\project\pythonProject1\programForTecher\client
2026-08-29 at 20:18:26 | INFO | {'\\Cookie\\local_cookie.json': {'Body': {'time_check_updates': '17:22 22.08.26', 'value_Check': False}}, '\\question.json': {'Body': [{'Qst': {'question_name': 'Кто такой Патрин?', 'answer': ['Бугалтер', 'Директор'], 'right_answer': ['Преподаватель'], 'id': 1}}]}, '\\static\\GetClientData\\UploadInServerClientCookie\\ClientCookieData\\question.json': {'client_flag': True, 'Body': [{'Qst': {'question_name': 'Кто такой Патрин?', 'answer': ['Бухгалтер ', 'Директор'], 'right_answer': ['Преподаватель'], 'id': 1}}]}, '\\Settings\\SettingsPage\\settings_page.json': {'Body': [{'name': 'version', 'value': 2.1}, {'name': 'url for update', 'value': 'https://github.com/RustFarmer/Test/blob/main/update_url_file.json'}]}, '\\Settings\\UpdateProgram\\UpdateData\\update_url_file.json': {'Body': {'rarFile': 'https://github.com/RustFarmer/Rust-helper/raw/refs/heads/main/v5.1.rar'}}, '\\static\\GetClientData\\UploadInServerClientCookie\\ClientCookieData\\settings.json': {'client_flag': True, 'Body': []}, '\\PassCutOff\\settings.json': {'Body': []}, '\\ImageResultScreen\\imageSettings.json': {'Body': []}, '\\ListBlancQuestion\\listBlancQuestion.json': {'Body': []}}
2026-08-29 at 20:18:26 | INFO | <class 'pathlib.WindowsPath'>
2026-08-29 at 20:18:26 | INFO | T:\Н папка\програмирование\python\project\pythonProject1\programForTecher\admin
2026-08-29 at 20:18:26 | INFO | {'\\Cookie\\local_cookie.json': {'Body': {'time_check_updates': '17:22 22.08.26', 'value_Check': False}}, '\\question.json': {'Body': [{'Qst': {'question_name': 'Кто такой Патрин?', 'answer': ['Бугалтер', 'Директор'], 'right_answer': ['Преподаватель'], 'id': 1}}]}, '\\static\\GetClientData\\UploadInServerClientCookie\\ClientCookieData\\question.json': {'client_flag': True, 'Body': [{'Qst': {'question_name': 'Кто такой Патрин?', 'answer': ['Бухгалтер ', 'Директор'], 'right_answer': ['Преподаватель'], 'id': 1}}]}, '\\Settings\\SettingsPage\\settings_page.json': {'Body': [{'name': 'version', 'value': 2.1}, {'name': 'url for update', 'value': 'https://github.com/RustFarmer/Test/blob/main/update_url_file.json'}]}, '\\Settings\\UpdateProgram\\UpdateData\\update_url_file.json': {'Body': {'rarFile': 'https://github.com/RustFarmer/Rust-helper/raw/refs/heads/main/v5.1.rar'}}, '\\static\\GetClientData\\UploadInServerClientCookie\\ClientCookieData\\settings.json': {'client_flag': True, 'Body': []}, '\\PassCutOff\\settings.json': {'Body': []}, '\\ImageResultScreen\\imageSettings.json': {'Body': []}, '\\ListBlancQuestion\\listBlancQuestion.json': {'Body': []}}
2026-08-29 at 20:18:26 | INFO | {'\\Cookie\\local_cookie.json': {'Body': {'time_check_updates': '17:22 22.08.26', 'value_Check': False}}, '\\question.json': {'Body': [{'Qst': {'question_name': 'Кто такой Патрин?', 'answer': ['Бугалтер', 'Директор'], 'right_answer': ['Преподаватель'], 'id': 1}}]}, '\\static\\GetClientData\\UploadInServerClientCookie\\ClientCookieData\\question.json': {'client_flag': True, 'Body': [{'Qst': {'question_name': 'Кто такой Патрин?', 'answer': ['Бухгалтер ', 'Директор'], 'right_answer': ['Преподаватель'], 'id': 1}}]}, '\\Settings\\SettingsPage\\settings_page.json': {'Body': [{'name': 'version', 'value': 2.1}, {'name': 'url for update', 'value': 'https://github.com/RustFarmer/Test/blob/main/update_url_file.json'}]}, '\\Settings\\UpdateProgram\\UpdateData\\update_url_file.json': {'Body': {'rarFile': 'https://github.com/RustFarmer/Rust-helper/raw/refs/heads/main/v5.1.rar'}}, '\\static\\GetClientData\\UploadInServerClientCookie\\ClientCookieData\\settings.json': {'client_flag': True, 'Body': []}, '\\PassCutOff\\settings.json': {'Body': []}, '\\ImageResultScreen\\imageSettings.json': {'Body': []}, '\\ListBlancQuestion\\listBlancQuestion.json': {'Body': []}}
2026-08-29 at 20:18:26 | INFO | T:\Н папка\програмирование\python\project\pythonProject1\programForTecher\admin\Cookie\local_cookie.json
2026-08-29 at 20:18:26 | INFO | \Cookie\local_cookie.json
2026-08-29 at 20:18:26 | INFO | {'Body': {'time_check_updates': '17:22 22.08.26', 'value_Check': False}}
2026-08-29 at 20:18:26 | INFO | T:\Н папка\програмирование\python\project\pythonProject1\programForTecher\admin\question.json
2026-08-29 at 20:18:26 | INFO | \question.json
2026-08-29 at 20:18:26 | INFO | {'Body': [{'Qst': {'question_name': 'Кто такой Патрин?', 'answer': ['Бугалтер', 'Директор'], 'right_answer': ['Преподаватель'], 'id': 1}}]}
2026-08-29 at 20:18:26 | INFO | T:\Н папка\програмирование\python\project\pythonProject1\programForTecher\admin\static\GetClientData\UploadInServerClientCookie\ClientCookieData\question.json
2026-08-29 at 20:18:26 | INFO | T:\Н папка\програмирование\python\project\pythonProject1\programForTecher\client\static\GetClientData\UploadInServerClientCookie\ClientCookieData\question.json
2026-08-29 at 20:18:26 | INFO | \static\GetClientData\UploadInServerClientCookie\ClientCookieData\question.json
2026-08-29 at 20:18:26 | INFO | {'client_flag': True, 'Body': [{'Qst': {'question_name': 'Кто такой Патрин?', 'answer': ['Бухгалтер ', 'Директор'], 'right_answer': ['Преподаватель'], 'id': 1}}]}
2026-08-29 at 20:18:26 | INFO | T:\Н папка\програмирование\python\project\pythonProject1\programForTecher\admin\Settings\SettingsPage\settings_page.json
2026-08-29 at 20:18:26 | INFO | \Settings\SettingsPage\settings_page.json
2026-08-29 at 20:18:26 | INFO | {'Body': [{'name': 'version', 'value': 2.1}, {'name': 'url for update', 'value': 'https://github.com/RustFarmer/Test/blob/main/update_url_file.json'}]}
2026-08-29 at 20:18:26 | INFO | T:\Н папка\програмирование\python\project\pythonProject1\programForTecher\admin\Settings\UpdateProgram\UpdateData\update_url_file.json
2026-08-29 at 20:18:26 | INFO | \Settings\UpdateProgram\UpdateData\update_url_file.json
2026-08-29 at 20:18:26 | INFO | {'Body': {'rarFile': 'https://github.com/RustFarmer/Rust-helper/raw/refs/heads/main/v5.1.rar'}}
2026-08-29 at 20:18:26 | INFO | T:\Н папка\програмирование\python\project\pythonProject1\programForTecher\admin\static\GetClientData\UploadInServerClientCookie\ClientCookieData\settings.json
2026-08-29 at 20:18:26 | INFO | T:\Н папка\програмирование\python\project\pythonProject1\programForTecher\client\static\GetClientData\UploadInServerClientCookie\ClientCookieData\settings.json
2026-08-29 at 20:18:26 | INFO | \static\GetClientData\UploadInServerClientCookie\ClientCookieData\settings.json
2026-08-29 at 20:18:26 | INFO | {'client_flag': True, 'Body': []}
2026-08-29 at 20:18:26 | INFO | T:\Н папка\програмирование\python\project\pythonProject1\programForTecher\admin\PassCutOff\settings.json
2026-08-29 at 20:18:26 | INFO | \PassCutOff\settings.json
2026-08-29 at 20:18:26 | INFO | {'Body': []}
2026-08-29 at 20:18:26 | INFO | T:\Н папка\програмирование\python\project\pythonProject1\programForTecher\admin\ImageResultScreen\imageSettings.json
2026-08-29 at 20:18:26 | INFO | \ImageResultScreen\imageSettings.json
2026-08-29 at 20:18:26 | INFO | {'Body': []}
2026-08-29 at 20:18:26 | INFO | T:\Н папка\програмирование\python\project\pythonProject1\programForTecher\admin\ListBlancQuestion\listBlancQuestion.json
2026-08-29 at 20:18:26 | INFO | \ListBlancQuestion\listBlancQuestion.json
2026-08-29 at 20:18:26 | INFO | {'Body': []}
2026-08-29 at 20:18:28 | INFO | Time to re-check for updates.
2026-08-29 at 20:18:29 | INFO | <Response [200]>
2026-08-29 at 20:18:29 | INFO | https://raw.githubusercontent.com/RustFarmer/Test/main/settingsProgram.json
2026-08-29 at 20:18:29 | INFO | T:\Н папка\програмирование\python\project\pythonProject1\programForTecher\admin\Settings\UpdateProgram\UpdateData\settingsProgram.json
2026-08-29 at 20:18:29 | INFO | 2.2
2026-08-29 at 20:18:30 | INFO | <Response [200]>
2026-08-29 at 20:18:30 | INFO | 2.1
2026-08-29 at 20:18:30 | INFO | 2.2
2026-08-29 at 20:18:30 | INFO | True
2026-08-29 at 20:18:30 | INFO | Session saved: {'time_check_updates': '20:18 29.08.26', 'value_Check': True}
2026-08-29 at 20:18:30 | INFO | https://raw.githubusercontent.com/RustFarmer/Test/main/update_url_file.json
2026-08-29 at 20:18:30 | INFO | {'rarFile': 'https://disk.yandex.ru/d/lQZ7yrzul_fpjg'}
2026-08-29 at 20:18:30 | INFO | {'rarFile': 'https://disk.yandex.ru/d/lQZ7yrzul_fpjg'}
2026-08-29 at 20:18:30 | INFO | True
2026-08-29 at 20:18:30 | INFO | https://disk.yandex.ru/d/lQZ7yrzul_fpjg
2026-08-29 at 20:18:30 | INFO | [{'Qst': {'question_name': 'Кто такой Патрин?', 'answer': ['Бугалтер', 'Директор'], 'right_answer': ['Преподаватель'], 'id': 1}}]
2026-08-29 at 20:20:09 | INFO | T:\Н папка\програмирование\python\project\pythonProject1\programForTecher\admin\Log\appFileLog.log
2026-08-29 at 20:20:09 | INFO | T:\Н папка\програмирование\python\project\pythonProject1\programForTecher\admin
2026-08-29 at 20:20:09 | INFO | T:\Н папка\програмирование\python\project\pythonProject1\programForTecher\client
2026-08-29 at 20:20:09 | INFO | {'\\Cookie\\local_cookie.json': {'Body': {'time_check_updates': '17:22 22.08.26', 'value_Check': False}}, '\\question.json': {'Body': [{'Qst': {'question_name': 'Кто такой Патрин?', 'answer': ['Бугалтер', 'Директор'], 'right_answer': ['Преподаватель'], 'id': 1}}]}, '\\static\\GetClientData\\UploadInServerClientCookie\\ClientCookieData\\question.json': {'client_flag': True, 'Body': [{'Qst': {'question_name': 'Кто такой Патрин?', 'answer': ['Бухгалтер ', 'Директор'], 'right_answer': ['Преподаватель'], 'id': 1}}]}, '\\Settings\\SettingsPage\\settings_page.json': {'Body': [{'name': 'version', 'value': 2.1}, {'name': 'url for update', 'value': 'https://github.com/RustFarmer/Test/blob/main/update_url_file.json'}]}, '\\Settings\\UpdateProgram\\UpdateData\\update_url_file.json': {'Body': {'rarFile': 'https://github.com/RustFarmer/Rust-helper/raw/refs/heads/main/v5.1.rar'}}, '\\static\\GetClientData\\UploadInServerClientCookie\\ClientCookieData\\settings.json': {'client_flag': True, 'Body': []}, '\\PassCutOff\\settings.json': {'Body': []}, '\\ImageResultScreen\\imageSettings.json': {'Body': []}, '\\ListBlancQuestion\\listBlancQuestion.json': {'Body': []}}
2026-08-29 at 20:20:09 | INFO | <class 'pathlib.WindowsPath'>
2026-08-29 at 20:20:09 | INFO | T:\Н папка\програмирование\python\project\pythonProject1\programForTecher\admin
2026-08-29 at 20:20:09 | INFO | {'\\Cookie\\local_cookie.json': {'Body': {'time_check_updates': '17:22 22.08.26', 'value_Check': False}}, '\\question.json': {'Body': [{'Qst': {'question_name': 'Кто такой Патрин?', 'answer': ['Бугалтер', 'Директор'], 'right_answer': ['Преподаватель'], 'id': 1}}]}, '\\static\\GetClientData\\UploadInServerClientCookie\\ClientCookieData\\question.json': {'client_flag': True, 'Body': [{'Qst': {'question_name': 'Кто такой Патрин?', 'answer': ['Бухгалтер ', 'Директор'], 'right_answer': ['Преподаватель'], 'id': 1}}]}, '\\Settings\\SettingsPage\\settings_page.json': {'Body': [{'name': 'version', 'value': 2.1}, {'name': 'url for update', 'value': 'https://github.com/RustFarmer/Test/blob/main/update_url_file.json'}]}, '\\Settings\\UpdateProgram\\UpdateData\\update_url_file.json': {'Body': {'rarFile': 'https://github.com/RustFarmer/Rust-helper/raw/refs/heads/main/v5.1.rar'}}, '\\static\\GetClientData\\UploadInServerClientCookie\\ClientCookieData\\settings.json': {'client_flag': True, 'Body': []}, '\\PassCutOff\\settings.json': {'Body': []}, '\\ImageResultScreen\\imageSettings.json': {'Body': []}, '\\ListBlancQuestion\\listBlancQuestion.json': {'Body': []}}
2026-08-29 at 20:20:09 | INFO | {'\\Cookie\\local_cookie.json': {'Body': {'time_check_updates': '17:22 22.08.26', 'value_Check': False}}, '\\question.json': {'Body': [{'Qst': {'question_name': 'Кто такой Патрин?', 'answer': ['Бугалтер', 'Директор'], 'right_answer': ['Преподаватель'], 'id': 1}}]}, '\\static\\GetClientData\\UploadInServerClientCookie\\ClientCookieData\\question.json': {'client_flag': True, 'Body': [{'Qst': {'question_name': 'Кто такой Патрин?', 'answer': ['Бухгалтер ', 'Директор'], 'right_answer': ['Преподаватель'], 'id': 1}}]}, '\\Settings\\SettingsPage\\settings_page.json': {'Body': [{'name': 'version', 'value': 2.1}, {'name': 'url for update', 'value': 'https://github.com/RustFarmer/Test/blob/main/update_url_file.json'}]}, '\\Settings\\UpdateProgram\\UpdateData\\update_url_file.json': {'Body': {'rarFile': 'https://github.com/RustFarmer/Rust-helper/raw/refs/heads/main/v5.1.rar'}}, '\\static\\GetClientData\\UploadInServerClientCookie\\ClientCookieData\\settings.json': {'client_flag': True, 'Body': []}, '\\PassCutOff\\settings.json': {'Body': []}, '\\ImageResultScreen\\imageSettings.json': {'Body': []}, '\\ListBlancQuestion\\listBlancQuestion.json': {'Body': []}}
2026-08-29 at 20:20:09 | INFO | T:\Н папка\програмирование\python\project\pythonProject1\programForTecher\admin\Cookie\local_cookie.json
2026-08-29 at 20:20:09 | INFO | \Cookie\local_cookie.json
2026-08-29 at 20:20:09 | INFO | {'Body': {'time_check_updates': '17:22 22.08.26', 'value_Check': False}}
2026-08-29 at 20:20:09 | INFO | T:\Н папка\програмирование\python\project\pythonProject1\programForTecher\admin\question.json
2026-08-29 at 20:20:09 | INFO | \question.json
2026-08-29 at 20:20:09 | INFO | {'Body': [{'Qst': {'question_name': 'Кто такой Патрин?', 'answer': ['Бугалтер', 'Директор'], 'right_answer': ['Преподаватель'], 'id': 1}}]}
2026-08-29 at 20:20:09 | INFO | T:\Н папка\програмирование\python\project\pythonProject1\programForTecher\admin\static\GetClientData\UploadInServerClientCookie\ClientCookieData\question.json
2026-08-29 at 20:20:09 | INFO | T:\Н папка\програмирование\python\project\pythonProject1\programForTecher\client\static\GetClientData\UploadInServerClientCookie\ClientCookieData\question.json
2026-08-29 at 20:20:09 | INFO | \static\GetClientData\UploadInServerClientCookie\ClientCookieData\question.json
2026-08-29 at 20:20:09 | INFO | {'client_flag': True, 'Body': [{'Qst': {'question_name': 'Кто такой Патрин?', 'answer': ['Бухгалтер ', 'Директор'], 'right_answer': ['Преподаватель'], 'id': 1}}]}
2026-08-29 at 20:20:09 | INFO | T:\Н папка\програмирование\python\project\pythonProject1\programForTecher\admin\Settings\SettingsPage\settings_page.json
2026-08-29 at 20:20:09 | INFO | \Settings\SettingsPage\settings_page.json
2026-08-29 at 20:20:09 | INFO | {'Body': [{'name': 'version', 'value': 2.1}, {'name': 'url for update', 'value': 'https://github.com/RustFarmer/Test/blob/main/update_url_file.json'}]}
2026-08-29 at 20:20:09 | INFO | T:\Н папка\програмирование\python\project\pythonProject1\programForTecher\admin\Settings\UpdateProgram\UpdateData\update_url_file.json
2026-08-29 at 20:20:09 | INFO | \Settings\UpdateProgram\UpdateData\update_url_file.json
2026-08-29 at 20:20:09 | INFO | {'Body': {'rarFile': 'https://github.com/RustFarmer/Rust-helper/raw/refs/heads/main/v5.1.rar'}}
2026-08-29 at 20:20:09 | INFO | T:\Н папка\програмирование\python\project\pythonProject1\programForTecher\admin\static\GetClientData\UploadInServerClientCookie\ClientCookieData\settings.json
2026-08-29 at 20:20:09 | INFO | T:\Н папка\програмирование\python\project\pythonProject1\programForTecher\client\static\GetClientData\UploadInServerClientCookie\ClientCookieData\settings.json
2026-08-29 at 20:20:09 | INFO | \static\GetClientData\UploadInServerClientCookie\ClientCookieData\settings.json
2026-08-29 at 20:20:09 | INFO | {'client_flag': True, 'Body': []}
2026-08-29 at 20:20:09 | INFO | T:\Н папка\програмирование\python\project\pythonProject1\programForTecher\admin\PassCutOff\settings.json
2026-08-29 at 20:20:09 | INFO | \PassCutOff\settings.json
2026-08-29 at 20:20:09 | INFO | {'Body': []}
2026-08-29 at 20:20:09 | INFO | T:\Н папка\програмирование\python\project\pythonProject1\programForTecher\admin\ImageResultScreen\imageSettings.json
2026-08-29 at 20:20:09 | INFO | \ImageResultScreen\imageSettings.json
2026-08-29 at 20:20:09 | INFO | {'Body': []}
2026-08-29 at 20:20:09 | INFO | T:\Н папка\програмирование\python\project\pythonProject1\programForTecher\admin\ListBlancQuestion\listBlancQuestion.json
2026-08-29 at 20:20:09 | INFO | \ListBlancQuestion\listBlancQuestion.json
2026-08-29 at 20:20:09 | INFO | {'Body': []}
2026-08-29 at 20:20:10 | INFO | https://raw.githubusercontent.com/RustFarmer/Test/main/update_url_file.json
2026-08-29 at 20:20:10 | INFO | {'rarFile': 'https://disk.yandex.ru/d/lQZ7yrzul_fpjg'}
2026-08-29 at 20:20:11 | INFO | {'rarFile': 'https://disk.yandex.ru/d/lQZ7yrzul_fpjg'}
2026-08-29 at 20:20:11 | INFO | True
2026-08-29 at 20:20:11 | INFO | https://disk.yandex.ru/d/lQZ7yrzul_fpjg
2026-08-29 at 20:20:11 | INFO | [{'Qst': {'question_name': 'Кто такой Патрин?', 'answer': ['Бугалтер', 'Директор'], 'right_answer': ['Преподаватель'], 'id': 1}}]
2026-08-29 at 20:20:11 | INFO | https://raw.githubusercontent.com/RustFarmer/Test/main/update_url_file.json
2026-08-29 at 20:20:11 | INFO | {'rarFile': 'https://disk.yandex.ru/d/lQZ7yrzul_fpjg'}
2026-08-29 at 20:20:12 | INFO | {'rarFile': 'https://disk.yandex.ru/d/lQZ7yrzul_fpjg'}
2026-08-29 at 20:20:12 | INFO | True
2026-08-29 at 20:20:12 | INFO | https://disk.yandex.ru/d/lQZ7yrzul_fpjg
2026-08-29 at 20:20:12 | INFO | [{'Qst': {'question_name': 'Кто такой Патрин?', 'answer': ['Бугалтер', 'Директор'], 'right_answer': ['Преподаватель'], 'id': 1}}]
2026-08-29 at 20:21:55 | INFO | T:\Н папка\програмирование\python\project\pythonProject1\programForTecher\admin\Log\appFileLog.log
2026-08-29 at 20:21:55 | INFO | T:\Н папка\програмирование\python\project\pythonProject1\programForTecher\admin
2026-08-29 at 20:21:55 | INFO | T:\Н папка\програмирование\python\project\pythonProject1\programForTecher\client
2026-08-29 at 20:21:55 | INFO | {'\\Cookie\\local_cookie.json': {'Body': {'time_check_updates': '17:22 22.08.26', 'value_Check': False}}, '\\question.json': {'Body': [{'Qst': {'question_name': 'Кто такой Патрин?', 'answer': ['Бугалтер', 'Директор'], 'right_answer': ['Преподаватель'], 'id': 1}}]}, '\\static\\GetClientData\\UploadInServerClientCookie\\ClientCookieData\\question.json': {'client_flag': True, 'Body': [{'Qst': {'question_name': 'Кто такой Патрин?', 'answer': ['Бухгалтер ', 'Директор'], 'right_answer': ['Преподаватель'], 'id': 1}}]}, '\\Settings\\SettingsPage\\settings_page.json': {'Body': [{'name': 'version', 'value': 2.1}, {'name': 'url for update', 'value': 'https://github.com/RustFarmer/Test/blob/main/update_url_file.json'}]}, '\\Settings\\UpdateProgram\\UpdateData\\update_url_file.json': {'Body': {'rarFile': 'https://github.com/RustFarmer/Rust-helper/raw/refs/heads/main/v5.1.rar'}}, '\\static\\GetClientData\\UploadInServerClientCookie\\ClientCookieData\\settings.json': {'client_flag': True, 'Body': []}, '\\PassCutOff\\settings.json': {'Body': []}, '\\ImageResultScreen\\imageSettings.json': {'Body': []}, '\\ListBlancQuestion\\listBlancQuestion.json': {'Body': []}}
2026-08-29 at 20:21:55 | INFO | <class 'pathlib.WindowsPath'>
2026-08-29 at 20:21:55 | INFO | T:\Н папка\програмирование\python\project\pythonProject1\programForTecher\admin
2026-08-29 at 20:21:55 | INFO | {'\\Cookie\\local_cookie.json': {'Body': {'time_check_updates': '17:22 22.08.26', 'value_Check': False}}, '\\question.json': {'Body': [{'Qst': {'question_name': 'Кто такой Патрин?', 'answer': ['Бугалтер', 'Директор'], 'right_answer': ['Преподаватель'], 'id': 1}}]}, '\\static\\GetClientData\\UploadInServerClientCookie\\ClientCookieData\\question.json': {'client_flag': True, 'Body': [{'Qst': {'question_name': 'Кто такой Патрин?', 'answer': ['Бухгалтер ', 'Директор'], 'right_answer': ['Преподаватель'], 'id': 1}}]}, '\\Settings\\SettingsPage\\settings_page.json': {'Body': [{'name': 'version', 'value': 2.1}, {'name': 'url for update', 'value': 'https://github.com/RustFarmer/Test/blob/main/update_url_file.json'}]}, '\\Settings\\UpdateProgram\\UpdateData\\update_url_file.json': {'Body': {'rarFile': 'https://github.com/RustFarmer/Rust-helper/raw/refs/heads/main/v5.1.rar'}}, '\\static\\GetClientData\\UploadInServerClientCookie\\ClientCookieData\\settings.json': {'client_flag': True, 'Body': []}, '\\PassCutOff\\settings.json': {'Body': []}, '\\ImageResultScreen\\imageSettings.json': {'Body': []}, '\\ListBlancQuestion\\listBlancQuestion.json': {'Body': []}}
2026-08-29 at 20:21:55 | INFO | {'\\Cookie\\local_cookie.json': {'Body': {'time_check_updates': '17:22 22.08.26', 'value_Check': False}}, '\\question.json': {'Body': [{'Qst': {'question_name': 'Кто такой Патрин?', 'answer': ['Бугалтер', 'Директор'], 'right_answer': ['Преподаватель'], 'id': 1}}]}, '\\static\\GetClientData\\UploadInServerClientCookie\\ClientCookieData\\question.json': {'client_flag': True, 'Body': [{'Qst': {'question_name': 'Кто такой Патрин?', 'answer': ['Бухгалтер ', 'Директор'], 'right_answer': ['Преподаватель'], 'id': 1}}]}, '\\Settings\\SettingsPage\\settings_page.json': {'Body': [{'name': 'version', 'value': 2.1}, {'name': 'url for update', 'value': 'https://github.com/RustFarmer/Test/blob/main/update_url_file.json'}]}, '\\Settings\\UpdateProgram\\UpdateData\\update_url_file.json': {'Body': {'rarFile': 'https://github.com/RustFarmer/Rust-helper/raw/refs/heads/main/v5.1.rar'}}, '\\static\\GetClientData\\UploadInServerClientCookie\\ClientCookieData\\settings.json': {'client_flag': True, 'Body': []}, '\\PassCutOff\\settings.json': {'Body': []}, '\\ImageResultScreen\\imageSettings.json': {'Body': []}, '\\ListBlancQuestion\\listBlancQuestion.json': {'Body': []}}
2026-08-29 at 20:21:55 | INFO | T:\Н папка\програмирование\python\project\pythonProject1\programForTecher\admin\Cookie\local_cookie.json
2026-08-29 at 20:21:55 | INFO | \Cookie\local_cookie.json
2026-08-29 at 20:21:55 | INFO | {'Body': {'time_check_updates': '17:22 22.08.26', 'value_Check': False}}
2026-08-29 at 20:21:55 | INFO | T:\Н папка\програмирование\python\project\pythonProject1\programForTecher\admin\question.json
2026-08-29 at 20:21:55 | INFO | \question.json
2026-08-29 at 20:21:55 | INFO | {'Body': [{'Qst': {'question_name': 'Кто такой Патрин?', 'answer': ['Бугалтер', 'Директор'], 'right_answer': ['Преподаватель'], 'id': 1}}]}
2026-08-29 at 20:21:55 | INFO | T:\Н папка\програмирование\python\project\pythonProject1\programForTecher\admin\static\GetClientData\UploadInServerClientCookie\ClientCookieData\question.json
2026-08-29 at 20:21:55 | INFO | T:\Н папка\програмирование\python\project\pythonProject1\programForTecher\client\static\GetClientData\UploadInServerClientCookie\ClientCookieData\question.json
2026-08-29 at 20:21:55 | INFO | \static\GetClientData\UploadInServerClientCookie\ClientCookieData\question.json
2026-08-29 at 20:21:55 | INFO | {'client_flag': True, 'Body': [{'Qst': {'question_name': 'Кто такой Патрин?', 'answer': ['Бухгалтер ', 'Директор'], 'right_answer': ['Преподаватель'], 'id': 1}}]}
2026-08-29 at 20:21:55 | INFO | T:\Н папка\програмирование\python\project\pythonProject1\programForTecher\admin\Settings\SettingsPage\settings_page.json
2026-08-29 at 20:21:55 | INFO | \Settings\SettingsPage\settings_page.json
2026-08-29 at 20:21:55 | INFO | {'Body': [{'name': 'version', 'value': 2.1}, {'name': 'url for update', 'value': 'https://github.com/RustFarmer/Test/blob/main/update_url_file.json'}]}
2026-08-29 at 20:21:55 | INFO | T:\Н папка\програмирование\python\project\pythonProject1\programForTecher\admin\Settings\UpdateProgram\UpdateData\update_url_file.json
2026-08-29 at 20:21:55 | INFO | \Settings\UpdateProgram\UpdateData\update_url_file.json
2026-08-29 at 20:21:55 | INFO | {'Body': {'rarFile': 'https://github.com/RustFarmer/Rust-helper/raw/refs/heads/main/v5.1.rar'}}
2026-08-29 at 20:21:55 | INFO | T:\Н папка\програмирование\python\project\pythonProject1\programForTecher\admin\static\GetClientData\UploadInServerClientCookie\ClientCookieData\settings.json
2026-08-29 at 20:21:55 | INFO | T:\Н папка\програмирование\python\project\pythonProject1\programForTecher\client\static\GetClientData\UploadInServerClientCookie\ClientCookieData\settings.json
2026-08-29 at 20:21:55 | INFO | \static\GetClientData\UploadInServerClientCookie\ClientCookieData\settings.json
2026-08-29 at 20:21:55 | INFO | {'client_flag': True, 'Body': []}
2026-08-29 at 20:21:55 | INFO | T:\Н папка\програмирование\python\project\pythonProject1\programForTecher\admin\PassCutOff\settings.json
2026-08-29 at 20:21:55 | INFO | \PassCutOff\settings.json
2026-08-29 at 20:21:55 | INFO | {'Body': []}
2026-08-29 at 20:21:55 | INFO | T:\Н папка\програмирование\python\project\pythonProject1\programForTecher\admin\ImageResultScreen\imageSettings.json
2026-08-29 at 20:21:55 | INFO | \ImageResultScreen\imageSettings.json
2026-08-29 at 20:21:55 | INFO | {'Body': []}
2026-08-29 at 20:21:55 | INFO | T:\Н папка\програмирование\python\project\pythonProject1\programForTecher\admin\ListBlancQuestion\listBlancQuestion.json
2026-08-29 at 20:21:55 | INFO | \ListBlancQuestion\listBlancQuestion.json
2026-08-29 at 20:21:55 | INFO | {'Body': []}
2026-08-29 at 20:21:56 | INFO | https://raw.githubusercontent.com/RustFarmer/Test/main/update_url_file.json
2026-08-29 at 20:21:56 | INFO | {'rarFile': 'https://disk.yandex.ru/d/lQZ7yrzul_fpjg'}
2026-08-29 at 20:21:56 | INFO | {'rarFile': 'https://disk.yandex.ru/d/lQZ7yrzul_fpjg'}
2026-08-29 at 20:21:56 | INFO | True
2026-08-29 at 20:21:56 | INFO | https://disk.yandex.ru/d/lQZ7yrzul_fpjg
2026-08-29 at 20:21:56 | INFO | [{'Qst': {'question_name': 'Кто такой Патрин?', 'answer': ['Бугалтер', 'Директор'], 'right_answer': ['Преподаватель'], 'id': 1}}]
2026-08-29 at 20:23:40 | INFO | T:\Н папка\програмирование\python\project\pythonProject1\programForTecher\admin\Log\appFileLog.log
2026-08-29 at 20:23:40 | INFO | T:\Н папка\програмирование\python\project\pythonProject1\programForTecher\admin
2026-08-29 at 20:23:40 | INFO | T:\Н папка\програмирование\python\project\pythonProject1\programForTecher\client
2026-08-29 at 20:23:40 | INFO | {'\\Cookie\\local_cookie.json': {'Body': {'time_check_updates': '17:22 22.08.26', 'value_Check': False}}, '\\question.json': {'Body': [{'Qst': {'question_name': 'Кто такой Патрин?', 'answer': ['Бугалтер', 'Директор'], 'right_answer': ['Преподаватель'], 'id': 1}}]}, '\\static\\GetClientData\\UploadInServerClientCookie\\ClientCookieData\\question.json': {'client_flag': True, 'Body': [{'Qst': {'question_name': 'Кто такой Патрин?', 'answer': ['Бухгалтер ', 'Директор'], 'right_answer': ['Преподаватель'], 'id': 1}}]}, '\\Settings\\SettingsPage\\settings_page.json': {'Body': [{'name': 'version', 'value': 2.1}, {'name': 'url for update', 'value': 'https://github.com/RustFarmer/Test/blob/main/update_url_file.json'}]}, '\\Settings\\UpdateProgram\\UpdateData\\update_url_file.json': {'Body': {'rarFile': 'https://github.com/RustFarmer/Rust-helper/raw/refs/heads/main/v5.1.rar'}}, '\\static\\GetClientData\\UploadInServerClientCookie\\ClientCookieData\\settings.json': {'client_flag': True, 'Body': []}, '\\PassCutOff\\settings.json': {'Body': []}, '\\ImageResultScreen\\imageSettings.json': {'Body': []}, '\\ListBlancQuestion\\listBlancQuestion.json': {'Body': []}}
2026-08-29 at 20:23:40 | INFO | <class 'pathlib.WindowsPath'>
2026-08-29 at 20:23:40 | INFO | T:\Н папка\програмирование\python\project\pythonProject1\programForTecher\admin
2026-08-29 at 20:23:40 | INFO | {'\\Cookie\\local_cookie.json': {'Body': {'time_check_updates': '17:22 22.08.26', 'value_Check': False}}, '\\question.json': {'Body': [{'Qst': {'question_name': 'Кто такой Патрин?', 'answer': ['Бугалтер', 'Директор'], 'right_answer': ['Преподаватель'], 'id': 1}}]}, '\\static\\GetClientData\\UploadInServerClientCookie\\ClientCookieData\\question.json': {'client_flag': True, 'Body': [{'Qst': {'question_name': 'Кто такой Патрин?', 'answer': ['Бухгалтер ', 'Директор'], 'right_answer': ['Преподаватель'], 'id': 1}}]}, '\\Settings\\SettingsPage\\settings_page.json': {'Body': [{'name': 'version', 'value': 2.1}, {'name': 'url for update', 'value': 'https://github.com/RustFarmer/Test/blob/main/update_url_file.json'}]}, '\\Settings\\UpdateProgram\\UpdateData\\update_url_file.json': {'Body': {'rarFile': 'https://github.com/RustFarmer/Rust-helper/raw/refs/heads/main/v5.1.rar'}}, '\\static\\GetClientData\\UploadInServerClientCookie\\ClientCookieData\\settings.json': {'client_flag': True, 'Body': []}, '\\PassCutOff\\settings.json': {'Body': []}, '\\ImageResultScreen\\imageSettings.json': {'Body': []}, '\\ListBlancQuestion\\listBlancQuestion.json': {'Body': []}}
2026-08-29 at 20:23:40 | INFO | {'\\Cookie\\local_cookie.json': {'Body': {'time_check_updates': '17:22 22.08.26', 'value_Check': False}}, '\\question.json': {'Body': [{'Qst': {'question_name': 'Кто такой Патрин?', 'answer': ['Бугалтер', 'Директор'], 'right_answer': ['Преподаватель'], 'id': 1}}]}, '\\static\\GetClientData\\UploadInServerClientCookie\\ClientCookieData\\question.json': {'client_flag': True, 'Body': [{'Qst': {'question_name': 'Кто такой Патрин?', 'answer': ['Бухгалтер ', 'Директор'], 'right_answer': ['Преподаватель'], 'id': 1}}]}, '\\Settings\\SettingsPage\\settings_page.json': {'Body': [{'name': 'version', 'value': 2.1}, {'name': 'url for update', 'value': 'https://github.com/RustFarmer/Test/blob/main/update_url_file.json'}]}, '\\Settings\\UpdateProgram\\UpdateData\\update_url_file.json': {'Body': {'rarFile': 'https://github.com/RustFarmer/Rust-helper/raw/refs/heads/main/v5.1.rar'}}, '\\static\\GetClientData\\UploadInServerClientCookie\\ClientCookieData\\settings.json': {'client_flag': True, 'Body': []}, '\\PassCutOff\\settings.json': {'Body': []}, '\\ImageResultScreen\\imageSettings.json': {'Body': []}, '\\ListBlancQuestion\\listBlancQuestion.json': {'Body': []}}
2026-08-29 at 20:23:40 | INFO | T:\Н папка\програмирование\python\project\pythonProject1\programForTecher\admin\Cookie\local_cookie.json
2026-08-29 at 20:23:40 | INFO | \Cookie\local_cookie.json
2026-08-29 at 20:23:40 | INFO | {'Body': {'time_check_updates': '17:22 22.08.26', 'value_Check': False}}
2026-08-29 at 20:23:40 | INFO | T:\Н папка\програмирование\python\project\pythonProject1\programForTecher\admin\question.json
2026-08-29 at 20:23:40 | INFO | \question.json
2026-08-29 at 20:23:40 | INFO | {'Body': [{'Qst': {'question_name': 'Кто такой Патрин?', 'answer': ['Бугалтер', 'Директор'], 'right_answer': ['Преподаватель'], 'id': 1}}]}
2026-08-29 at 20:23:40 | INFO | T:\Н папка\програмирование\python\project\pythonProject1\programForTecher\admin\static\GetClientData\UploadInServerClientCookie\ClientCookieData\question.json
2026-08-29 at 20:23:40 | INFO | T:\Н папка\програмирование\python\project\pythonProject1\programForTecher\client\static\GetClientData\UploadInServerClientCookie\ClientCookieData\question.json
2026-08-29 at 20:23:40 | INFO | \static\GetClientData\UploadInServerClientCookie\ClientCookieData\question.json
2026-08-29 at 20:23:40 | INFO | {'client_flag': True, 'Body': [{'Qst': {'question_name': 'Кто такой Патрин?', 'answer': ['Бухгалтер ', 'Директор'], 'right_answer': ['Преподаватель'], 'id': 1}}]}
2026-08-29 at 20:23:40 | INFO | T:\Н папка\програмирование\python\project\pythonProject1\programForTecher\admin\Settings\SettingsPage\settings_page.json
2026-08-29 at 20:23:40 | INFO | \Settings\SettingsPage\settings_page.json
2026-08-29 at 20:23:40 | INFO | {'Body': [{'name': 'version', 'value': 2.1}, {'name': 'url for update', 'value': 'https://github.com/RustFarmer/Test/blob/main/update_url_file.json'}]}
2026-08-29 at 20:23:40 | INFO | T:\Н папка\програмирование\python\project\pythonProject1\programForTecher\admin\Settings\UpdateProgram\UpdateData\update_url_file.json
2026-08-29 at 20:23:40 | INFO | \Settings\UpdateProgram\UpdateData\update_url_file.json
2026-08-29 at 20:23:40 | INFO | {'Body': {'rarFile': 'https://github.com/RustFarmer/Rust-helper/raw/refs/heads/main/v5.1.rar'}}
2026-08-29 at 20:23:40 | INFO | T:\Н папка\програмирование\python\project\pythonProject1\programForTecher\admin\static\GetClientData\UploadInServerClientCookie\ClientCookieData\settings.json
2026-08-29 at 20:23:40 | INFO | T:\Н папка\програмирование\python\project\pythonProject1\programForTecher\client\static\GetClientData\UploadInServerClientCookie\ClientCookieData\settings.json
2026-08-29 at 20:23:40 | INFO | \static\GetClientData\UploadInServerClientCookie\ClientCookieData\settings.json
2026-08-29 at 20:23:40 | INFO | {'client_flag': True, 'Body': []}
2026-08-29 at 20:23:40 | INFO | T:\Н папка\програмирование\python\project\pythonProject1\programForTecher\admin\PassCutOff\settings.json
2026-08-29 at 20:23:40 | INFO | \PassCutOff\settings.json
2026-08-29 at 20:23:40 | INFO | {'Body': []}
2026-08-29 at 20:23:40 | INFO | T:\Н папка\програмирование\python\project\pythonProject1\programForTecher\admin\ImageResultScreen\imageSettings.json
2026-08-29 at 20:23:40 | INFO | \ImageResultScreen\imageSettings.json
2026-08-29 at 20:23:40 | INFO | {'Body': []}
2026-08-29 at 20:23:40 | INFO | T:\Н папка\програмирование\python\project\pythonProject1\programForTecher\admin\ListBlancQuestion\listBlancQuestion.json
2026-08-29 at 20:23:40 | INFO | \ListBlancQuestion\listBlancQuestion.json
2026-08-29 at 20:23:40 | INFO | {'Body': []}
2026-08-29 at 20:23:42 | INFO | https://raw.githubusercontent.com/RustFarmer/Test/main/update_url_file.json
2026-08-29 at 20:23:42 | INFO | {'rarFile': 'https://disk.yandex.ru/d/lQZ7yrzul_fpjg'}
2026-08-29 at 20:23:42 | INFO | {'rarFile': 'https://disk.yandex.ru/d/lQZ7yrzul_fpjg'}
2026-08-29 at 20:23:42 | INFO | True
2026-08-29 at 20:23:42 | INFO | https://disk.yandex.ru/d/lQZ7yrzul_fpjg
2026-08-29 at 20:23:42 | INFO | [{'Qst': {'question_name': 'Кто такой Патрин?', 'answer': ['Бугалтер', 'Директор'], 'right_answer': ['Преподаватель'], 'id': 1}}]
2026-08-29 at 20:23:45 | INFO | T:\Н папка\програмирование\python\project\pythonProject1\programForTecher\admin\Log\appFileLog.log
2026-08-29 at 20:23:45 | INFO | T:\Н папка\програмирование\python\project\pythonProject1\programForTecher\admin
2026-08-29 at 20:23:45 | INFO | T:\Н папка\програмирование\python\project\pythonProject1\programForTecher\client
2026-08-29 at 20:23:45 | INFO | {'\\Cookie\\local_cookie.json': {'Body': {'time_check_updates': '17:22 22.08.26', 'value_Check': False}}, '\\question.json': {'Body': [{'Qst': {'question_name': 'Кто такой Патрин?', 'answer': ['Бугалтер', 'Директор'], 'right_answer': ['Преподаватель'], 'id': 1}}]}, '\\static\\GetClientData\\UploadInServerClientCookie\\ClientCookieData\\question.json': {'client_flag': True, 'Body': [{'Qst': {'question_name': 'Кто такой Патрин?', 'answer': ['Бухгалтер ', 'Директор'], 'right_answer': ['Преподаватель'], 'id': 1}}]}, '\\Settings\\SettingsPage\\settings_page.json': {'Body': [{'name': 'version', 'value': 2.1}, {'name': 'url for update', 'value': 'https://github.com/RustFarmer/Test/blob/main/update_url_file.json'}]}, '\\Settings\\UpdateProgram\\UpdateData\\update_url_file.json': {'Body': {'rarFile': 'https://github.com/RustFarmer/Rust-helper/raw/refs/heads/main/v5.1.rar'}}, '\\static\\GetClientData\\UploadInServerClientCookie\\ClientCookieData\\settings.json': {'client_flag': True, 'Body': []}, '\\PassCutOff\\settings.json': {'Body': []}, '\\ImageResultScreen\\imageSettings.json': {'Body': []}, '\\ListBlancQuestion\\listBlancQuestion.json': {'Body': []}}
2026-08-29 at 20:23:45 | INFO | <class 'pathlib.WindowsPath'>
2026-08-29 at 20:23:45 | INFO | T:\Н папка\програмирование\python\project\pythonProject1\programForTecher\admin
2026-08-29 at 20:23:45 | INFO | {'\\Cookie\\local_cookie.json': {'Body': {'time_check_updates': '17:22 22.08.26', 'value_Check': False}}, '\\question.json': {'Body': [{'Qst': {'question_name': 'Кто такой Патрин?', 'answer': ['Бугалтер', 'Директор'], 'right_answer': ['Преподаватель'], 'id': 1}}]}, '\\static\\GetClientData\\UploadInServerClientCookie\\ClientCookieData\\question.json': {'client_flag': True, 'Body': [{'Qst': {'question_name': 'Кто такой Патрин?', 'answer': ['Бухгалтер ', 'Директор'], 'right_answer': ['Преподаватель'], 'id': 1}}]}, '\\Settings\\SettingsPage\\settings_page.json': {'Body': [{'name': 'version', 'value': 2.1}, {'name': 'url for update', 'value': 'https://github.com/RustFarmer/Test/blob/main/update_url_file.json'}]}, '\\Settings\\UpdateProgram\\UpdateData\\update_url_file.json': {'Body': {'rarFile': 'https://github.com/RustFarmer/Rust-helper/raw/refs/heads/main/v5.1.rar'}}, '\\static\\GetClientData\\UploadInServerClientCookie\\ClientCookieData\\settings.json': {'client_flag': True, 'Body': []}, '\\PassCutOff\\settings.json': {'Body': []}, '\\ImageResultScreen\\imageSettings.json': {'Body': []}, '\\ListBlancQuestion\\listBlancQuestion.json': {'Body': []}}
2026-08-29 at 20:23:45 | INFO | {'\\Cookie\\local_cookie.json': {'Body': {'time_check_updates': '17:22 22.08.26', 'value_Check': False}}, '\\question.json': {'Body': [{'Qst': {'question_name': 'Кто такой Патрин?', 'answer': ['Бугалтер', 'Директор'], 'right_answer': ['Преподаватель'], 'id': 1}}]}, '\\static\\GetClientData\\UploadInServerClientCookie\\ClientCookieData\\question.json': {'client_flag': True, 'Body': [{'Qst': {'question_name': 'Кто такой Патрин?', 'answer': ['Бухгалтер ', 'Директор'], 'right_answer': ['Преподаватель'], 'id': 1}}]}, '\\Settings\\SettingsPage\\settings_page.json': {'Body': [{'name': 'version', 'value': 2.1}, {'name': 'url for update', 'value': 'https://github.com/RustFarmer/Test/blob/main/update_url_file.json'}]}, '\\Settings\\UpdateProgram\\UpdateData\\update_url_file.json': {'Body': {'rarFile': 'https://github.com/RustFarmer/Rust-helper/raw/refs/heads/main/v5.1.rar'}}, '\\static\\GetClientData\\UploadInServerClientCookie\\ClientCookieData\\settings.json': {'client_flag': True, 'Body': []}, '\\PassCutOff\\settings.json': {'Body': []}, '\\ImageResultScreen\\imageSettings.json': {'Body': []}, '\\ListBlancQuestion\\listBlancQuestion.json': {'Body': []}}
2026-08-29 at 20:23:45 | INFO | T:\Н папка\програмирование\python\project\pythonProject1\programForTecher\admin\Cookie\local_cookie.json
2026-08-29 at 20:23:45 | INFO | \Cookie\local_cookie.json
2026-08-29 at 20:23:45 | INFO | {'Body': {'time_check_updates': '17:22 22.08.26', 'value_Check': False}}
2026-08-29 at 20:23:45 | INFO | T:\Н папка\програмирование\python\project\pythonProject1\programForTecher\admin\question.json
2026-08-29 at 20:23:45 | INFO | \question.json
2026-08-29 at 20:23:45 | INFO | {'Body': [{'Qst': {'question_name': 'Кто такой Патрин?', 'answer': ['Бугалтер', 'Директор'], 'right_answer': ['Преподаватель'], 'id': 1}}]}
2026-08-29 at 20:23:45 | INFO | T:\Н папка\програмирование\python\project\pythonProject1\programForTecher\admin\static\GetClientData\UploadInServerClientCookie\ClientCookieData\question.json
2026-08-29 at 20:23:45 | INFO | T:\Н папка\програмирование\python\project\pythonProject1\programForTecher\client\static\GetClientData\UploadInServerClientCookie\ClientCookieData\question.json
2026-08-29 at 20:23:45 | INFO | \static\GetClientData\UploadInServerClientCookie\ClientCookieData\question.json
2026-08-29 at 20:23:45 | INFO | {'client_flag': True, 'Body': [{'Qst': {'question_name': 'Кто такой Патрин?', 'answer': ['Бухгалтер ', 'Директор'], 'right_answer': ['Преподаватель'], 'id': 1}}]}
2026-08-29 at 20:23:45 | INFO | T:\Н папка\програмирование\python\project\pythonProject1\programForTecher\admin\Settings\SettingsPage\settings_page.json
2026-08-29 at 20:23:45 | INFO | \Settings\SettingsPage\settings_page.json
2026-08-29 at 20:23:45 | INFO | {'Body': [{'name': 'version', 'value': 2.1}, {'name': 'url for update', 'value': 'https://github.com/RustFarmer/Test/blob/main/update_url_file.json'}]}
2026-08-29 at 20:23:45 | INFO | T:\Н папка\програмирование\python\project\pythonProject1\programForTecher\admin\Settings\UpdateProgram\UpdateData\update_url_file.json
2026-08-29 at 20:23:45 | INFO | \Settings\UpdateProgram\UpdateData\update_url_file.json
2026-08-29 at 20:23:45 | INFO | {'Body': {'rarFile': 'https://github.com/RustFarmer/Rust-helper/raw/refs/heads/main/v5.1.rar'}}
2026-08-29 at 20:23:45 | INFO | T:\Н папка\програмирование\python\project\pythonProject1\programForTecher\admin\static\GetClientData\UploadInServerClientCookie\ClientCookieData\settings.json
2026-08-29 at 20:23:45 | INFO | T:\Н папка\програмирование\python\project\pythonProject1\programForTecher\client\static\GetClientData\UploadInServerClientCookie\ClientCookieData\settings.json
2026-08-29 at 20:23:45 | INFO | \static\GetClientData\UploadInServerClientCookie\ClientCookieData\settings.json
2026-08-29 at 20:23:45 | INFO | {'client_flag': True, 'Body': []}
2026-08-29 at 20:23:45 | INFO | T:\Н папка\програмирование\python\project\pythonProject1\programForTecher\admin\PassCutOff\settings.json
2026-08-29 at 20:23:45 | INFO | \PassCutOff\settings.json
2026-08-29 at 20:23:45 | INFO | {'Body': []}
2026-08-29 at 20:23:45 | INFO | T:\Н папка\програмирование\python\project\pythonProject1\programForTecher\admin\ImageResultScreen\imageSettings.json
2026-08-29 at 20:23:45 | INFO | \ImageResultScreen\imageSettings.json
2026-08-29 at 20:23:45 | INFO | {'Body': []}
2026-08-29 at 20:23:45 | INFO | T:\Н папка\програмирование\python\project\pythonProject1\programForTecher\admin\ListBlancQuestion\listBlancQuestion.json
2026-08-29 at 20:23:45 | INFO | \ListBlancQuestion\listBlancQuestion.json
2026-08-29 at 20:23:45 | INFO | {'Body': []}
2026-08-29 at 20:23:46 | INFO | https://raw.githubusercontent.com/RustFarmer/Test/main/update_url_file.json
2026-08-29 at 20:23:46 | INFO | {'rarFile': 'https://disk.yandex.ru/d/lQZ7yrzul_fpjg'}
2026-08-29 at 20:23:46 | INFO | {'rarFile': 'https://disk.yandex.ru/d/lQZ7yrzul_fpjg'}
2026-08-29 at 20:23:46 | INFO | True
2026-08-29 at 20:23:46 | INFO | https://disk.yandex.ru/d/lQZ7yrzul_fpjg
2026-08-29 at 20:23:46 | INFO | [{'Qst': {'question_name': 'Кто такой Патрин?', 'answer': ['Бугалтер', 'Директор'], 'right_answer': ['Преподаватель'], 'id': 1}}]
2026-08-29 at 20:26:34 | INFO | T:\Н папка\програмирование\python\project\pythonProject1\programForTecher\admin\Log\appFileLog.log
2026-08-29 at 20:26:34 | INFO | T:\Н папка\програмирование\python\project\pythonProject1\programForTecher\admin
2026-08-29 at 20:26:34 | INFO | T:\Н папка\програмирование\python\project\pythonProject1\programForTecher\client
2026-08-29 at 20:26:34 | INFO | {'\\Cookie\\local_cookie.json': {'Body': {'time_check_updates': '17:22 22.08.26', 'value_Check': False}}, '\\question.json': {'Body': [{'Qst': {'question_name': 'Кто такой Патрин?', 'answer': ['Бугалтер', 'Директор'], 'right_answer': ['Преподаватель'], 'id': 1}}]}, '\\static\\GetClientData\\UploadInServerClientCookie\\ClientCookieData\\question.json': {'client_flag': True, 'Body': [{'Qst': {'question_name': 'Кто такой Патрин?', 'answer': ['Бухгалтер ', 'Директор'], 'right_answer': ['Преподаватель'], 'id': 1}}]}, '\\Settings\\SettingsPage\\settings_page.json': {'Body': [{'name': 'version', 'value': 2.1}, {'name': 'url for update', 'value': 'https://github.com/RustFarmer/Test/blob/main/update_url_file.json'}]}, '\\Settings\\UpdateProgram\\UpdateData\\update_url_file.json': {'Body': {'rarFile': 'https://github.com/RustFarmer/Rust-helper/raw/refs/heads/main/v5.1.rar'}}, '\\static\\GetClientData\\UploadInServerClientCookie\\ClientCookieData\\settings.json': {'client_flag': True, 'Body': []}, '\\PassCutOff\\settings.json': {'Body': []}, '\\ImageResultScreen\\imageSettings.json': {'Body': []}, '\\ListBlancQuestion\\listBlancQuestion.json': {'Body': []}}
2026-08-29 at 20:26:34 | INFO | <class 'pathlib.WindowsPath'>
2026-08-29 at 20:26:34 | INFO | T:\Н папка\програмирование\python\project\pythonProject1\programForTecher\admin
2026-08-29 at 20:26:34 | INFO | {'\\Cookie\\local_cookie.json': {'Body': {'time_check_updates': '17:22 22.08.26', 'value_Check': False}}, '\\question.json': {'Body': [{'Qst': {'question_name': 'Кто такой Патрин?', 'answer': ['Бугалтер', 'Директор'], 'right_answer': ['Преподаватель'], 'id': 1}}]}, '\\static\\GetClientData\\UploadInServerClientCookie\\ClientCookieData\\question.json': {'client_flag': True, 'Body': [{'Qst': {'question_name': 'Кто такой Патрин?', 'answer': ['Бухгалтер ', 'Директор'], 'right_answer': ['Преподаватель'], 'id': 1}}]}, '\\Settings\\SettingsPage\\settings_page.json': {'Body': [{'name': 'version', 'value': 2.1}, {'name': 'url for update', 'value': 'https://github.com/RustFarmer/Test/blob/main/update_url_file.json'}]}, '\\Settings\\UpdateProgram\\UpdateData\\update_url_file.json': {'Body': {'rarFile': 'https://github.com/RustFarmer/Rust-helper/raw/refs/heads/main/v5.1.rar'}}, '\\static\\GetClientData\\UploadInServerClientCookie\\ClientCookieData\\settings.json': {'client_flag': True, 'Body': []}, '\\PassCutOff\\settings.json': {'Body': []}, '\\ImageResultScreen\\imageSettings.json': {'Body': []}, '\\ListBlancQuestion\\listBlancQuestion.json': {'Body': []}}
2026-08-29 at 20:26:34 | INFO | {'\\Cookie\\local_cookie.json': {'Body': {'time_check_updates': '17:22 22.08.26', 'value_Check': False}}, '\\question.json': {'Body': [{'Qst': {'question_name': 'Кто такой Патрин?', 'answer': ['Бугалтер', 'Директор'], 'right_answer': ['Преподаватель'], 'id': 1}}]}, '\\static\\GetClientData\\UploadInServerClientCookie\\ClientCookieData\\question.json': {'client_flag': True, 'Body': [{'Qst': {'question_name': 'Кто такой Патрин?', 'answer': ['Бухгалтер ', 'Директор'], 'right_answer': ['Преподаватель'], 'id': 1}}]}, '\\Settings\\SettingsPage\\settings_page.json': {'Body': [{'name': 'version', 'value': 2.1}, {'name': 'url for update', 'value': 'https://github.com/RustFarmer/Test/blob/main/update_url_file.json'}]}, '\\Settings\\UpdateProgram\\UpdateData\\update_url_file.json': {'Body': {'rarFile': 'https://github.com/RustFarmer/Rust-helper/raw/refs/heads/main/v5.1.rar'}}, '\\static\\GetClientData\\UploadInServerClientCookie\\ClientCookieData\\settings.json': {'client_flag': True, 'Body': []}, '\\PassCutOff\\settings.json': {'Body': []}, '\\ImageResultScreen\\imageSettings.json': {'Body': []}, '\\ListBlancQuestion\\listBlancQuestion.json': {'Body': []}}
2026-08-29 at 20:26:34 | INFO | T:\Н папка\програмирование\python\project\pythonProject1\programForTecher\admin\Cookie\local_cookie.json
2026-08-29 at 20:26:34 | INFO | \Cookie\local_cookie.json
2026-08-29 at 20:26:34 | INFO | {'Body': {'time_check_updates': '17:22 22.08.26', 'value_Check': False}}
2026-08-29 at 20:26:34 | INFO | T:\Н папка\програмирование\python\project\pythonProject1\programForTecher\admin\question.json
2026-08-29 at 20:26:34 | INFO | \question.json
2026-08-29 at 20:26:34 | INFO | {'Body': [{'Qst': {'question_name': 'Кто такой Патрин?', 'answer': ['Бугалтер', 'Директор'], 'right_answer': ['Преподаватель'], 'id': 1}}]}
2026-08-29 at 20:26:34 | INFO | T:\Н папка\програмирование\python\project\pythonProject1\programForTecher\admin\static\GetClientData\UploadInServerClientCookie\ClientCookieData\question.json
2026-08-29 at 20:26:34 | INFO | T:\Н папка\програмирование\python\project\pythonProject1\programForTecher\client\static\GetClientData\UploadInServerClientCookie\ClientCookieData\question.json
2026-08-29 at 20:26:34 | INFO | \static\GetClientData\UploadInServerClientCookie\ClientCookieData\question.json
2026-08-29 at 20:26:34 | INFO | {'client_flag': True, 'Body': [{'Qst': {'question_name': 'Кто такой Патрин?', 'answer': ['Бухгалтер ', 'Директор'], 'right_answer': ['Преподаватель'], 'id': 1}}]}
2026-08-29 at 20:26:34 | INFO | T:\Н папка\програмирование\python\project\pythonProject1\programForTecher\admin\Settings\SettingsPage\settings_page.json
2026-08-29 at 20:26:34 | INFO | \Settings\SettingsPage\settings_page.json
2026-08-29 at 20:26:34 | INFO | {'Body': [{'name': 'version', 'value': 2.1}, {'name': 'url for update', 'value': 'https://github.com/RustFarmer/Test/blob/main/update_url_file.json'}]}
2026-08-29 at 20:26:34 | INFO | T:\Н папка\програмирование\python\project\pythonProject1\programForTecher\admin\Settings\UpdateProgram\UpdateData\update_url_file.json
2026-08-29 at 20:26:34 | INFO | \Settings\UpdateProgram\UpdateData\update_url_file.json
2026-08-29 at 20:26:34 | INFO | {'Body': {'rarFile': 'https://github.com/RustFarmer/Rust-helper/raw/refs/heads/main/v5.1.rar'}}
2026-08-29 at 20:26:34 | INFO | T:\Н папка\програмирование\python\project\pythonProject1\programForTecher\admin\static\GetClientData\UploadInServerClientCookie\ClientCookieData\settings.json
2026-08-29 at 20:26:34 | INFO | T:\Н папка\програмирование\python\project\pythonProject1\programForTecher\client\static\GetClientData\UploadInServerClientCookie\ClientCookieData\settings.json
2026-08-29 at 20:26:34 | INFO | \static\GetClientData\UploadInServerClientCookie\ClientCookieData\settings.json
2026-08-29 at 20:26:34 | INFO | {'client_flag': True, 'Body': []}
2026-08-29 at 20:26:34 | INFO | T:\Н папка\програмирование\python\project\pythonProject1\programForTecher\admin\PassCutOff\settings.json
2026-08-29 at 20:26:34 | INFO | \PassCutOff\settings.json
2026-08-29 at 20:26:34 | INFO | {'Body': []}
2026-08-29 at 20:26:34 | INFO | T:\Н папка\програмирование\python\project\pythonProject1\programForTecher\admin\ImageResultScreen\imageSettings.json
2026-08-29 at 20:26:34 | INFO | \ImageResultScreen\imageSettings.json
2026-08-29 at 20:26:34 | INFO | {'Body': []}
2026-08-29 at 20:26:34 | INFO | T:\Н папка\програмирование\python\project\pythonProject1\programForTecher\admin\ListBlancQuestion\listBlancQuestion.json
2026-08-29 at 20:26:34 | INFO | \ListBlancQuestion\listBlancQuestion.json
2026-08-29 at 20:26:34 | INFO | {'Body': []}
2026-08-29 at 20:26:35 | INFO | T:\Н папка\програмирование\python\project\pythonProject1\programForTecher\admin\Log\appFileLog.log
2026-08-29 at 20:26:35 | INFO | T:\Н папка\програмирование\python\project\pythonProject1\programForTecher\admin
2026-08-29 at 20:26:35 | INFO | T:\Н папка\програмирование\python\project\pythonProject1\programForTecher\client
2026-08-29 at 20:26:35 | INFO | {'\\Cookie\\local_cookie.json': {'Body': {'time_check_updates': '17:22 22.08.26', 'value_Check': False}}, '\\question.json': {'Body': [{'Qst': {'question_name': 'Кто такой Патрин?', 'answer': ['Бугалтер', 'Директор'], 'right_answer': ['Преподаватель'], 'id': 1}}]}, '\\static\\GetClientData\\UploadInServerClientCookie\\ClientCookieData\\question.json': {'client_flag': True, 'Body': [{'Qst': {'question_name': 'Кто такой Патрин?', 'answer': ['Бухгалтер ', 'Директор'], 'right_answer': ['Преподаватель'], 'id': 1}}]}, '\\Settings\\SettingsPage\\settings_page.json': {'Body': [{'name': 'version', 'value': 2.1}, {'name': 'url for update', 'value': 'https://github.com/RustFarmer/Test/blob/main/update_url_file.json'}]}, '\\Settings\\UpdateProgram\\UpdateData\\update_url_file.json': {'Body': {'rarFile': 'https://github.com/RustFarmer/Rust-helper/raw/refs/heads/main/v5.1.rar'}}, '\\static\\GetClientData\\UploadInServerClientCookie\\ClientCookieData\\settings.json': {'client_flag': True, 'Body': []}, '\\PassCutOff\\settings.json': {'Body': []}, '\\ImageResultScreen\\imageSettings.json': {'Body': []}, '\\ListBlancQuestion\\listBlancQuestion.json': {'Body': []}}
2026-08-29 at 20:26:35 | INFO | <class 'pathlib.WindowsPath'>
2026-08-29 at 20:26:35 | INFO | T:\Н папка\програмирование\python\project\pythonProject1\programForTecher\admin
2026-08-29 at 20:26:35 | INFO | {'\\Cookie\\local_cookie.json': {'Body': {'time_check_updates': '17:22 22.08.26', 'value_Check': False}}, '\\question.json': {'Body': [{'Qst': {'question_name': 'Кто такой Патрин?', 'answer': ['Бугалтер', 'Директор'], 'right_answer': ['Преподаватель'], 'id': 1}}]}, '\\static\\GetClientData\\UploadInServerClientCookie\\ClientCookieData\\question.json': {'client_flag': True, 'Body': [{'Qst': {'question_name': 'Кто такой Патрин?', 'answer': ['Бухгалтер ', 'Директор'], 'right_answer': ['Преподаватель'], 'id': 1}}]}, '\\Settings\\SettingsPage\\settings_page.json': {'Body': [{'name': 'version', 'value': 2.1}, {'name': 'url for update', 'value': 'https://github.com/RustFarmer/Test/blob/main/update_url_file.json'}]}, '\\Settings\\UpdateProgram\\UpdateData\\update_url_file.json': {'Body': {'rarFile': 'https://github.com/RustFarmer/Rust-helper/raw/refs/heads/main/v5.1.rar'}}, '\\static\\GetClientData\\UploadInServerClientCookie\\ClientCookieData\\settings.json': {'client_flag': True, 'Body': []}, '\\PassCutOff\\settings.json': {'Body': []}, '\\ImageResultScreen\\imageSettings.json': {'Body': []}, '\\ListBlancQuestion\\listBlancQuestion.json': {'Body': []}}
2026-08-29 at 20:26:35 | INFO | {'\\Cookie\\local_cookie.json': {'Body': {'time_check_updates': '17:22 22.08.26', 'value_Check': False}}, '\\question.json': {'Body': [{'Qst': {'question_name': 'Кто такой Патрин?', 'answer': ['Бугалтер', 'Директор'], 'right_answer': ['Преподаватель'], 'id': 1}}]}, '\\static\\GetClientData\\UploadInServerClientCookie\\ClientCookieData\\question.json': {'client_flag': True, 'Body': [{'Qst': {'question_name': 'Кто такой Патрин?', 'answer': ['Бухгалтер ', 'Директор'], 'right_answer': ['Преподаватель'], 'id': 1}}]}, '\\Settings\\SettingsPage\\settings_page.json': {'Body': [{'name': 'version', 'value': 2.1}, {'name': 'url for update', 'value': 'https://github.com/RustFarmer/Test/blob/main/update_url_file.json'}]}, '\\Settings\\UpdateProgram\\UpdateData\\update_url_file.json': {'Body': {'rarFile': 'https://github.com/RustFarmer/Rust-helper/raw/refs/heads/main/v5.1.rar'}}, '\\static\\GetClientData\\UploadInServerClientCookie\\ClientCookieData\\settings.json': {'client_flag': True, 'Body': []}, '\\PassCutOff\\settings.json': {'Body': []}, '\\ImageResultScreen\\imageSettings.json': {'Body': []}, '\\ListBlancQuestion\\listBlancQuestion.json': {'Body': []}}
2026-08-29 at 20:26:35 | INFO | T:\Н папка\програмирование\python\project\pythonProject1\programForTecher\admin\Cookie\local_cookie.json
2026-08-29 at 20:26:35 | INFO | \Cookie\local_cookie.json
2026-08-29 at 20:26:35 | INFO | {'Body': {'time_check_updates': '17:22 22.08.26', 'value_Check': False}}
2026-08-29 at 20:26:35 | INFO | T:\Н папка\програмирование\python\project\pythonProject1\programForTecher\admin\question.json
2026-08-29 at 20:26:35 | INFO | \question.json
2026-08-29 at 20:26:35 | INFO | {'Body': [{'Qst': {'question_name': 'Кто такой Патрин?', 'answer': ['Бугалтер', 'Директор'], 'right_answer': ['Преподаватель'], 'id': 1}}]}
2026-08-29 at 20:26:35 | INFO | T:\Н папка\програмирование\python\project\pythonProject1\programForTecher\admin\static\GetClientData\UploadInServerClientCookie\ClientCookieData\question.json
2026-08-29 at 20:26:35 | INFO | T:\Н папка\програмирование\python\project\pythonProject1\programForTecher\client\static\GetClientData\UploadInServerClientCookie\ClientCookieData\question.json
2026-08-29 at 20:26:35 | INFO | \static\GetClientData\UploadInServerClientCookie\ClientCookieData\question.json
2026-08-29 at 20:26:35 | INFO | {'client_flag': True, 'Body': [{'Qst': {'question_name': 'Кто такой Патрин?', 'answer': ['Бухгалтер ', 'Директор'], 'right_answer': ['Преподаватель'], 'id': 1}}]}
2026-08-29 at 20:26:35 | INFO | T:\Н папка\програмирование\python\project\pythonProject1\programForTecher\admin\Settings\SettingsPage\settings_page.json
2026-08-29 at 20:26:35 | INFO | \Settings\SettingsPage\settings_page.json
2026-08-29 at 20:26:35 | INFO | {'Body': [{'name': 'version', 'value': 2.1}, {'name': 'url for update', 'value': 'https://github.com/RustFarmer/Test/blob/main/update_url_file.json'}]}
2026-08-29 at 20:26:35 | INFO | T:\Н папка\програмирование\python\project\pythonProject1\programForTecher\admin\Settings\UpdateProgram\UpdateData\update_url_file.json
2026-08-29 at 20:26:35 | INFO | \Settings\UpdateProgram\UpdateData\update_url_file.json
2026-08-29 at 20:26:35 | INFO | {'Body': {'rarFile': 'https://github.com/RustFarmer/Rust-helper/raw/refs/heads/main/v5.1.rar'}}
2026-08-29 at 20:26:35 | INFO | T:\Н папка\програмирование\python\project\pythonProject1\programForTecher\admin\static\GetClientData\UploadInServerClientCookie\ClientCookieData\settings.json
2026-08-29 at 20:26:35 | INFO | T:\Н папка\програмирование\python\project\pythonProject1\programForTecher\client\static\GetClientData\UploadInServerClientCookie\ClientCookieData\settings.json
2026-08-29 at 20:26:35 | INFO | \static\GetClientData\UploadInServerClientCookie\ClientCookieData\settings.json
2026-08-29 at 20:26:35 | INFO | {'client_flag': True, 'Body': []}
2026-08-29 at 20:26:35 | INFO | T:\Н папка\програмирование\python\project\pythonProject1\programForTecher\admin\PassCutOff\settings.json
2026-08-29 at 20:26:35 | INFO | \PassCutOff\settings.json
2026-08-29 at 20:26:35 | INFO | {'Body': []}
2026-08-29 at 20:26:35 | INFO | T:\Н папка\програмирование\python\project\pythonProject1\programForTecher\admin\ImageResultScreen\imageSettings.json
2026-08-29 at 20:26:35 | INFO | \ImageResultScreen\imageSettings.json
2026-08-29 at 20:26:35 | INFO | {'Body': []}
2026-08-29 at 20:26:35 | INFO | T:\Н папка\програмирование\python\project\pythonProject1\programForTecher\admin\ListBlancQuestion\listBlancQuestion.json
2026-08-29 at 20:26:35 | INFO | \ListBlancQuestion\listBlancQuestion.json
2026-08-29 at 20:26:35 | INFO | {'Body': []}
2026-08-29 at 20:26:36 | INFO | https://raw.githubusercontent.com/RustFarmer/Test/main/update_url_file.json
2026-08-29 at 20:26:36 | INFO | {'rarFile': 'https://disk.yandex.ru/d/lQZ7yrzul_fpjg'}
2026-08-29 at 20:26:37 | INFO | {'rarFile': 'https://disk.yandex.ru/d/lQZ7yrzul_fpjg'}
2026-08-29 at 20:26:37 | INFO | True
2026-08-29 at 20:26:37 | INFO | https://disk.yandex.ru/d/lQZ7yrzul_fpjg
2026-08-29 at 20:26:37 | INFO | [{'Qst': {'question_name': 'Кто такой Патрин?', 'answer': ['Бугалтер', 'Директор'], 'right_answer': ['Преподаватель'], 'id': 1}}]
2026-08-29 at 20:26:37 | INFO | https://raw.githubusercontent.com/RustFarmer/Test/main/update_url_file.json
2026-08-29 at 20:26:37 | INFO | {'rarFile': 'https://disk.yandex.ru/d/lQZ7yrzul_fpjg'}
2026-08-29 at 20:26:38 | INFO | {'rarFile': 'https://disk.yandex.ru/d/lQZ7yrzul_fpjg'}
2026-08-29 at 20:26:38 | INFO | True
2026-08-29 at 20:26:38 | INFO | https://disk.yandex.ru/d/lQZ7yrzul_fpjg
2026-08-29 at 20:26:38 | INFO | [{'Qst': {'question_name': 'Кто такой Патрин?', 'answer': ['Бугалтер', 'Директор'], 'right_answer': ['Преподаватель'], 'id': 1}}]
2026-08-29 at 20:26:40 | INFO | T:\Н папка\програмирование\python\project\pythonProject1\programForTecher\admin\Log\appFileLog.log
2026-08-29 at 20:26:40 | INFO | T:\Н папка\програмирование\python\project\pythonProject1\programForTecher\admin
2026-08-29 at 20:26:40 | INFO | T:\Н папка\програмирование\python\project\pythonProject1\programForTecher\client
2026-08-29 at 20:26:40 | INFO | {'\\Cookie\\local_cookie.json': {'Body': {'time_check_updates': '17:22 22.08.26', 'value_Check': False}}, '\\question.json': {'Body': [{'Qst': {'question_name': 'Кто такой Патрин?', 'answer': ['Бугалтер', 'Директор'], 'right_answer': ['Преподаватель'], 'id': 1}}]}, '\\static\\GetClientData\\UploadInServerClientCookie\\ClientCookieData\\question.json': {'client_flag': True, 'Body': [{'Qst': {'question_name': 'Кто такой Патрин?', 'answer': ['Бухгалтер ', 'Директор'], 'right_answer': ['Преподаватель'], 'id': 1}}]}, '\\Settings\\SettingsPage\\settings_page.json': {'Body': [{'name': 'version', 'value': 2.1}, {'name': 'url for update', 'value': 'https://github.com/RustFarmer/Test/blob/main/update_url_file.json'}]}, '\\Settings\\UpdateProgram\\UpdateData\\update_url_file.json': {'Body': {'rarFile': 'https://github.com/RustFarmer/Rust-helper/raw/refs/heads/main/v5.1.rar'}}, '\\static\\GetClientData\\UploadInServerClientCookie\\ClientCookieData\\settings.json': {'client_flag': True, 'Body': []}, '\\PassCutOff\\settings.json': {'Body': []}, '\\ImageResultScreen\\imageSettings.json': {'Body': []}, '\\ListBlancQuestion\\listBlancQuestion.json': {'Body': []}}
2026-08-29 at 20:26:40 | INFO | <class 'pathlib.WindowsPath'>
2026-08-29 at 20:26:40 | INFO | T:\Н папка\програмирование\python\project\pythonProject1\programForTecher\admin
2026-08-29 at 20:26:40 | INFO | {'\\Cookie\\local_cookie.json': {'Body': {'time_check_updates': '17:22 22.08.26', 'value_Check': False}}, '\\question.json': {'Body': [{'Qst': {'question_name': 'Кто такой Патрин?', 'answer': ['Бугалтер', 'Директор'], 'right_answer': ['Преподаватель'], 'id': 1}}]}, '\\static\\GetClientData\\UploadInServerClientCookie\\ClientCookieData\\question.json': {'client_flag': True, 'Body': [{'Qst': {'question_name': 'Кто такой Патрин?', 'answer': ['Бухгалтер ', 'Директор'], 'right_answer': ['Преподаватель'], 'id': 1}}]}, '\\Settings\\SettingsPage\\settings_page.json': {'Body': [{'name': 'version', 'value': 2.1}, {'name': 'url for update', 'value': 'https://github.com/RustFarmer/Test/blob/main/update_url_file.json'}]}, '\\Settings\\UpdateProgram\\UpdateData\\update_url_file.json': {'Body': {'rarFile': 'https://github.com/RustFarmer/Rust-helper/raw/refs/heads/main/v5.1.rar'}}, '\\static\\GetClientData\\UploadInServerClientCookie\\ClientCookieData\\settings.json': {'client_flag': True, 'Body': []}, '\\PassCutOff\\settings.json': {'Body': []}, '\\ImageResultScreen\\imageSettings.json': {'Body': []}, '\\ListBlancQuestion\\listBlancQuestion.json': {'Body': []}}
2026-08-29 at 20:26:40 | INFO | {'\\Cookie\\local_cookie.json': {'Body': {'time_check_updates': '17:22 22.08.26', 'value_Check': False}}, '\\question.json': {'Body': [{'Qst': {'question_name': 'Кто такой Патрин?', 'answer': ['Бугалтер', 'Директор'], 'right_answer': ['Преподаватель'], 'id': 1}}]}, '\\static\\GetClientData\\UploadInServerClientCookie\\ClientCookieData\\question.json': {'client_flag': True, 'Body': [{'Qst': {'question_name': 'Кто такой Патрин?', 'answer': ['Бухгалтер ', 'Директор'], 'right_answer': ['Преподаватель'], 'id': 1}}]}, '\\Settings\\SettingsPage\\settings_page.json': {'Body': [{'name': 'version', 'value': 2.1}, {'name': 'url for update', 'value': 'https://github.com/RustFarmer/Test/blob/main/update_url_file.json'}]}, '\\Settings\\UpdateProgram\\UpdateData\\update_url_file.json': {'Body': {'rarFile': 'https://github.com/RustFarmer/Rust-helper/raw/refs/heads/main/v5.1.rar'}}, '\\static\\GetClientData\\UploadInServerClientCookie\\ClientCookieData\\settings.json': {'client_flag': True, 'Body': []}, '\\PassCutOff\\settings.json': {'Body': []}, '\\ImageResultScreen\\imageSettings.json': {'Body': []}, '\\ListBlancQuestion\\listBlancQuestion.json': {'Body': []}}
2026-08-29 at 20:26:40 | INFO | T:\Н папка\програмирование\python\project\pythonProject1\programForTecher\admin\Cookie\local_cookie.json
2026-08-29 at 20:26:40 | INFO | \Cookie\local_cookie.json
2026-08-29 at 20:26:40 | INFO | {'Body': {'time_check_updates': '17:22 22.08.26', 'value_Check': False}}
2026-08-29 at 20:26:40 | INFO | T:\Н папка\програмирование\python\project\pythonProject1\programForTecher\admin\question.json
2026-08-29 at 20:26:40 | INFO | \question.json
2026-08-29 at 20:26:40 | INFO | {'Body': [{'Qst': {'question_name': 'Кто такой Патрин?', 'answer': ['Бугалтер', 'Директор'], 'right_answer': ['Преподаватель'], 'id': 1}}]}
2026-08-29 at 20:26:40 | INFO | T:\Н папка\програмирование\python\project\pythonProject1\programForTecher\admin\static\GetClientData\UploadInServerClientCookie\ClientCookieData\question.json
2026-08-29 at 20:26:40 | INFO | T:\Н папка\програмирование\python\project\pythonProject1\programForTecher\client\static\GetClientData\UploadInServerClientCookie\ClientCookieData\question.json
2026-08-29 at 20:26:40 | INFO | \static\GetClientData\UploadInServerClientCookie\ClientCookieData\question.json
2026-08-29 at 20:26:40 | INFO | {'client_flag': True, 'Body': [{'Qst': {'question_name': 'Кто такой Патрин?', 'answer': ['Бухгалтер ', 'Директор'], 'right_answer': ['Преподаватель'], 'id': 1}}]}
2026-08-29 at 20:26:40 | INFO | T:\Н папка\програмирование\python\project\pythonProject1\programForTecher\admin\Settings\SettingsPage\settings_page.json
2026-08-29 at 20:26:40 | INFO | \Settings\SettingsPage\settings_page.json
2026-08-29 at 20:26:40 | INFO | {'Body': [{'name': 'version', 'value': 2.1}, {'name': 'url for update', 'value': 'https://github.com/RustFarmer/Test/blob/main/update_url_file.json'}]}
2026-08-29 at 20:26:40 | INFO | T:\Н папка\програмирование\python\project\pythonProject1\programForTecher\admin\Settings\UpdateProgram\UpdateData\update_url_file.json
2026-08-29 at 20:26:40 | INFO | \Settings\UpdateProgram\UpdateData\update_url_file.json
2026-08-29 at 20:26:40 | INFO | {'Body': {'rarFile': 'https://github.com/RustFarmer/Rust-helper/raw/refs/heads/main/v5.1.rar'}}
2026-08-29 at 20:26:40 | INFO | T:\Н папка\програмирование\python\project\pythonProject1\programForTecher\admin\static\GetClientData\UploadInServerClientCookie\ClientCookieData\settings.json
2026-08-29 at 20:26:40 | INFO | T:\Н папка\програмирование\python\project\pythonProject1\programForTecher\client\static\GetClientData\UploadInServerClientCookie\ClientCookieData\settings.json
2026-08-29 at 20:26:40 | INFO | \static\GetClientData\UploadInServerClientCookie\ClientCookieData\settings.json
2026-08-29 at 20:26:40 | INFO | {'client_flag': True, 'Body': []}
2026-08-29 at 20:26:40 | INFO | T:\Н папка\програмирование\python\project\pythonProject1\programForTecher\admin\PassCutOff\settings.json
2026-08-29 at 20:26:40 | INFO | \PassCutOff\settings.json
2026-08-29 at 20:26:40 | INFO | {'Body': []}
2026-08-29 at 20:26:40 | INFO | T:\Н папка\програмирование\python\project\pythonProject1\programForTecher\admin\ImageResultScreen\imageSettings.json
2026-08-29 at 20:26:40 | INFO | \ImageResultScreen\imageSettings.json
2026-08-29 at 20:26:40 | INFO | {'Body': []}
2026-08-29 at 20:26:40 | INFO | T:\Н папка\програмирование\python\project\pythonProject1\programForTecher\admin\ListBlancQuestion\listBlancQuestion.json
2026-08-29 at 20:26:40 | INFO | \ListBlancQuestion\listBlancQuestion.json
2026-08-29 at 20:26:40 | INFO | {'Body': []}
2026-08-29 at 20:26:42 | INFO | T:\Н папка\програмирование\python\project\pythonProject1\programForTecher\admin\Log\appFileLog.log
2026-08-29 at 20:26:42 | INFO | T:\Н папка\програмирование\python\project\pythonProject1\programForTecher\admin
2026-08-29 at 20:26:42 | INFO | T:\Н папка\програмирование\python\project\pythonProject1\programForTecher\client
2026-08-29 at 20:26:42 | INFO | {'\\Cookie\\local_cookie.json': {'Body': {'time_check_updates': '17:22 22.08.26', 'value_Check': False}}, '\\question.json': {'Body': [{'Qst': {'question_name': 'Кто такой Патрин?', 'answer': ['Бугалтер', 'Директор'], 'right_answer': ['Преподаватель'], 'id': 1}}]}, '\\static\\GetClientData\\UploadInServerClientCookie\\ClientCookieData\\question.json': {'client_flag': True, 'Body': [{'Qst': {'question_name': 'Кто такой Патрин?', 'answer': ['Бухгалтер ', 'Директор'], 'right_answer': ['Преподаватель'], 'id': 1}}]}, '\\Settings\\SettingsPage\\settings_page.json': {'Body': [{'name': 'version', 'value': 2.1}, {'name': 'url for update', 'value': 'https://github.com/RustFarmer/Test/blob/main/update_url_file.json'}]}, '\\Settings\\UpdateProgram\\UpdateData\\update_url_file.json': {'Body': {'rarFile': 'https://github.com/RustFarmer/Rust-helper/raw/refs/heads/main/v5.1.rar'}}, '\\static\\GetClientData\\UploadInServerClientCookie\\ClientCookieData\\settings.json': {'client_flag': True, 'Body': []}, '\\PassCutOff\\settings.json': {'Body': []}, '\\ImageResultScreen\\imageSettings.json': {'Body': []}, '\\ListBlancQuestion\\listBlancQuestion.json': {'Body': []}}
2026-08-29 at 20:26:42 | INFO | <class 'pathlib.WindowsPath'>
2026-08-29 at 20:26:42 | INFO | T:\Н папка\програмирование\python\project\pythonProject1\programForTecher\admin
2026-08-29 at 20:26:42 | INFO | {'\\Cookie\\local_cookie.json': {'Body': {'time_check_updates': '17:22 22.08.26', 'value_Check': False}}, '\\question.json': {'Body': [{'Qst': {'question_name': 'Кто такой Патрин?', 'answer': ['Бугалтер', 'Директор'], 'right_answer': ['Преподаватель'], 'id': 1}}]}, '\\static\\GetClientData\\UploadInServerClientCookie\\ClientCookieData\\question.json': {'client_flag': True, 'Body': [{'Qst': {'question_name': 'Кто такой Патрин?', 'answer': ['Бухгалтер ', 'Директор'], 'right_answer': ['Преподаватель'], 'id': 1}}]}, '\\Settings\\SettingsPage\\settings_page.json': {'Body': [{'name': 'version', 'value': 2.1}, {'name': 'url for update', 'value': 'https://github.com/RustFarmer/Test/blob/main/update_url_file.json'}]}, '\\Settings\\UpdateProgram\\UpdateData\\update_url_file.json': {'Body': {'rarFile': 'https://github.com/RustFarmer/Rust-helper/raw/refs/heads/main/v5.1.rar'}}, '\\static\\GetClientData\\UploadInServerClientCookie\\ClientCookieData\\settings.json': {'client_flag': True, 'Body': []}, '\\PassCutOff\\settings.json': {'Body': []}, '\\ImageResultScreen\\imageSettings.json': {'Body': []}, '\\ListBlancQuestion\\listBlancQuestion.json': {'Body': []}}
2026-08-29 at 20:26:42 | INFO | {'\\Cookie\\local_cookie.json': {'Body': {'time_check_updates': '17:22 22.08.26', 'value_Check': False}}, '\\question.json': {'Body': [{'Qst': {'question_name': 'Кто такой Патрин?', 'answer': ['Бугалтер', 'Директор'], 'right_answer': ['Преподаватель'], 'id': 1}}]}, '\\static\\GetClientData\\UploadInServerClientCookie\\ClientCookieData\\question.json': {'client_flag': True, 'Body': [{'Qst': {'question_name': 'Кто такой Патрин?', 'answer': ['Бухгалтер ', 'Директор'], 'right_answer': ['Преподаватель'], 'id': 1}}]}, '\\Settings\\SettingsPage\\settings_page.json': {'Body': [{'name': 'version', 'value': 2.1}, {'name': 'url for update', 'value': 'https://github.com/RustFarmer/Test/blob/main/update_url_file.json'}]}, '\\Settings\\UpdateProgram\\UpdateData\\update_url_file.json': {'Body': {'rarFile': 'https://github.com/RustFarmer/Rust-helper/raw/refs/heads/main/v5.1.rar'}}, '\\static\\GetClientData\\UploadInServerClientCookie\\ClientCookieData\\settings.json': {'client_flag': True, 'Body': []}, '\\PassCutOff\\settings.json': {'Body': []}, '\\ImageResultScreen\\imageSettings.json': {'Body': []}, '\\ListBlancQuestion\\listBlancQuestion.json': {'Body': []}}
2026-08-29 at 20:26:42 | INFO | T:\Н папка\програмирование\python\project\pythonProject1\programForTecher\admin\Cookie\local_cookie.json
2026-08-29 at 20:26:42 | INFO | \Cookie\local_cookie.json
2026-08-29 at 20:26:42 | INFO | {'Body': {'time_check_updates': '17:22 22.08.26', 'value_Check': False}}
2026-08-29 at 20:26:42 | INFO | T:\Н папка\програмирование\python\project\pythonProject1\programForTecher\admin\question.json
2026-08-29 at 20:26:42 | INFO | \question.json
2026-08-29 at 20:26:42 | INFO | {'Body': [{'Qst': {'question_name': 'Кто такой Патрин?', 'answer': ['Бугалтер', 'Директор'], 'right_answer': ['Преподаватель'], 'id': 1}}]}
2026-08-29 at 20:26:42 | INFO | T:\Н папка\програмирование\python\project\pythonProject1\programForTecher\admin\static\GetClientData\UploadInServerClientCookie\ClientCookieData\question.json
2026-08-29 at 20:26:42 | INFO | T:\Н папка\програмирование\python\project\pythonProject1\programForTecher\client\static\GetClientData\UploadInServerClientCookie\ClientCookieData\question.json
2026-08-29 at 20:26:42 | INFO | \static\GetClientData\UploadInServerClientCookie\ClientCookieData\question.json
2026-08-29 at 20:26:42 | INFO | {'client_flag': True, 'Body': [{'Qst': {'question_name': 'Кто такой Патрин?', 'answer': ['Бухгалтер ', 'Директор'], 'right_answer': ['Преподаватель'], 'id': 1}}]}
2026-08-29 at 20:26:42 | INFO | T:\Н папка\програмирование\python\project\pythonProject1\programForTecher\admin\Settings\SettingsPage\settings_page.json
2026-08-29 at 20:26:42 | INFO | \Settings\SettingsPage\settings_page.json
2026-08-29 at 20:26:42 | INFO | {'Body': [{'name': 'version', 'value': 2.1}, {'name': 'url for update', 'value': 'https://github.com/RustFarmer/Test/blob/main/update_url_file.json'}]}
2026-08-29 at 20:26:42 | INFO | T:\Н папка\програмирование\python\project\pythonProject1\programForTecher\admin\Settings\UpdateProgram\UpdateData\update_url_file.json
2026-08-29 at 20:26:42 | INFO | \Settings\UpdateProgram\UpdateData\update_url_file.json
2026-08-29 at 20:26:42 | INFO | {'Body': {'rarFile': 'https://github.com/RustFarmer/Rust-helper/raw/refs/heads/main/v5.1.rar'}}
2026-08-29 at 20:26:42 | INFO | T:\Н папка\програмирование\python\project\pythonProject1\programForTecher\admin\static\GetClientData\UploadInServerClientCookie\ClientCookieData\settings.json
2026-08-29 at 20:26:42 | INFO | T:\Н папка\програмирование\python\project\pythonProject1\programForTecher\client\static\GetClientData\UploadInServerClientCookie\ClientCookieData\settings.json
2026-08-29 at 20:26:42 | INFO | \static\GetClientData\UploadInServerClientCookie\ClientCookieData\settings.json
2026-08-29 at 20:26:42 | INFO | {'client_flag': True, 'Body': []}
2026-08-29 at 20:26:42 | INFO | T:\Н папка\програмирование\python\project\pythonProject1\programForTecher\admin\PassCutOff\settings.json
2026-08-29 at 20:26:42 | INFO | \PassCutOff\settings.json
2026-08-29 at 20:26:42 | INFO | {'Body': []}
2026-08-29 at 20:26:42 | INFO | T:\Н папка\програмирование\python\project\pythonProject1\programForTecher\admin\ImageResultScreen\imageSettings.json
2026-08-29 at 20:26:42 | INFO | \ImageResultScreen\imageSettings.json
2026-08-29 at 20:26:42 | INFO | {'Body': []}
2026-08-29 at 20:26:42 | INFO | T:\Н папка\програмирование\python\project\pythonProject1\programForTecher\admin\ListBlancQuestion\listBlancQuestion.json
2026-08-29 at 20:26:42 | INFO | \ListBlancQuestion\listBlancQuestion.json
2026-08-29 at 20:26:42 | INFO | {'Body': []}
2026-08-29 at 20:57:54 | INFO | Time to re-check for updates.
2026-08-29 at 20:57:55 | INFO | <Response [200]>
2026-08-29 at 20:57:55 | INFO | https://raw.githubusercontent.com/RustFarmer/Test/main/settingsProgram.json
2026-08-29 at 20:57:55 | INFO | T:\Н папка\програмирование\python\project\pythonProject1\programForTecher\admin\Settings\UpdateProgram\UpdateData\settingsProgram.json
2026-08-29 at 20:57:55 | INFO | 2.2
2026-08-29 at 20:57:56 | INFO | <Response [200]>
2026-08-29 at 20:57:56 | INFO | 2.1
2026-08-29 at 20:57:56 | INFO | 2.2
2026-08-29 at 20:57:56 | INFO | True
2026-08-29 at 20:57:56 | INFO | Session saved: {'time_check_updates': '20:57 29.08.26', 'value_Check': True}
2026-08-29 at 20:57:56 | INFO | https://raw.githubusercontent.com/RustFarmer/Test/main/update_url_file.json
2026-08-29 at 20:57:56 | INFO | {'rarFile': 'https://disk.yandex.ru/d/lQZ7yrzul_fpjg'}
2026-08-29 at 20:57:57 | INFO | {'rarFile': 'https://disk.yandex.ru/d/lQZ7yrzul_fpjg'}
2026-08-29 at 20:57:57 | INFO | True
2026-08-29 at 20:57:57 | INFO | https://disk.yandex.ru/d/lQZ7yrzul_fpjg
2026-08-29 at 20:57:57 | INFO | [{'Qst': {'question_name': 'Кто такой Патрин?', 'answer': ['Бугалтер', 'Директор'], 'right_answer': ['Преподаватель'], 'id': 1}}]
2026-08-29 at 21:00:00 | INFO | T:\Н папка\програмирование\python\project\pythonProject1\programForTecher\admin\Log\appFileLog.log
2026-08-29 at 21:00:00 | INFO | T:\Н папка\програмирование\python\project\pythonProject1\programForTecher\admin
2026-08-29 at 21:00:00 | INFO | T:\Н папка\програмирование\python\project\pythonProject1\programForTecher\client
2026-08-29 at 21:00:00 | INFO | {'\\Cookie\\local_cookie.json': {'Body': {'time_check_updates': '17:22 22.08.26', 'value_Check': False}}, '\\question.json': {'Body': [{'Qst': {'question_name': 'Кто такой Патрин?', 'answer': ['Бугалтер', 'Директор'], 'right_answer': ['Преподаватель'], 'id': 1}}]}, '\\static\\GetClientData\\UploadInServerClientCookie\\ClientCookieData\\question.json': {'client_flag': True, 'Body': [{'Qst': {'question_name': 'Кто такой Патрин?', 'answer': ['Бухгалтер ', 'Директор'], 'right_answer': ['Преподаватель'], 'id': 1}}]}, '\\Settings\\SettingsPage\\settings_page.json': {'Body': [{'name': 'version', 'value': 2.1}, {'name': 'url for update', 'value': 'https://github.com/RustFarmer/Test/blob/main/update_url_file.json'}]}, '\\Settings\\UpdateProgram\\UpdateData\\update_url_file.json': {'Body': {'rarFile': 'https://github.com/RustFarmer/Rust-helper/raw/refs/heads/main/v5.1.rar'}}, '\\static\\GetClientData\\UploadInServerClientCookie\\ClientCookieData\\settings.json': {'client_flag': True, 'Body': []}, '\\PassCutOff\\settings.json': {'Body': []}, '\\ImageResultScreen\\imageSettings.json': {'Body': []}, '\\ListBlancQuestion\\listBlancQuestion.json': {'Body': []}}
2026-08-29 at 21:00:00 | INFO | <class 'pathlib.WindowsPath'>
2026-08-29 at 21:00:00 | INFO | T:\Н папка\програмирование\python\project\pythonProject1\programForTecher\admin
2026-08-29 at 21:00:00 | INFO | {'\\Cookie\\local_cookie.json': {'Body': {'time_check_updates': '17:22 22.08.26', 'value_Check': False}}, '\\question.json': {'Body': [{'Qst': {'question_name': 'Кто такой Патрин?', 'answer': ['Бугалтер', 'Директор'], 'right_answer': ['Преподаватель'], 'id': 1}}]}, '\\static\\GetClientData\\UploadInServerClientCookie\\ClientCookieData\\question.json': {'client_flag': True, 'Body': [{'Qst': {'question_name': 'Кто такой Патрин?', 'answer': ['Бухгалтер ', 'Директор'], 'right_answer': ['Преподаватель'], 'id': 1}}]}, '\\Settings\\SettingsPage\\settings_page.json': {'Body': [{'name': 'version', 'value': 2.1}, {'name': 'url for update', 'value': 'https://github.com/RustFarmer/Test/blob/main/update_url_file.json'}]}, '\\Settings\\UpdateProgram\\UpdateData\\update_url_file.json': {'Body': {'rarFile': 'https://github.com/RustFarmer/Rust-helper/raw/refs/heads/main/v5.1.rar'}}, '\\static\\GetClientData\\UploadInServerClientCookie\\ClientCookieData\\settings.json': {'client_flag': True, 'Body': []}, '\\PassCutOff\\settings.json': {'Body': []}, '\\ImageResultScreen\\imageSettings.json': {'Body': []}, '\\ListBlancQuestion\\listBlancQuestion.json': {'Body': []}}
2026-08-29 at 21:00:00 | INFO | {'\\Cookie\\local_cookie.json': {'Body': {'time_check_updates': '17:22 22.08.26', 'value_Check': False}}, '\\question.json': {'Body': [{'Qst': {'question_name': 'Кто такой Патрин?', 'answer': ['Бугалтер', 'Директор'], 'right_answer': ['Преподаватель'], 'id': 1}}]}, '\\static\\GetClientData\\UploadInServerClientCookie\\ClientCookieData\\question.json': {'client_flag': True, 'Body': [{'Qst': {'question_name': 'Кто такой Патрин?', 'answer': ['Бухгалтер ', 'Директор'], 'right_answer': ['Преподаватель'], 'id': 1}}]}, '\\Settings\\SettingsPage\\settings_page.json': {'Body': [{'name': 'version', 'value': 2.1}, {'name': 'url for update', 'value': 'https://github.com/RustFarmer/Test/blob/main/update_url_file.json'}]}, '\\Settings\\UpdateProgram\\UpdateData\\update_url_file.json': {'Body': {'rarFile': 'https://github.com/RustFarmer/Rust-helper/raw/refs/heads/main/v5.1.rar'}}, '\\static\\GetClientData\\UploadInServerClientCookie\\ClientCookieData\\settings.json': {'client_flag': True, 'Body': []}, '\\PassCutOff\\settings.json': {'Body': []}, '\\ImageResultScreen\\imageSettings.json': {'Body': []}, '\\ListBlancQuestion\\listBlancQuestion.json': {'Body': []}}
2026-08-29 at 21:00:00 | INFO | T:\Н папка\програмирование\python\project\pythonProject1\programForTecher\admin\Cookie\local_cookie.json
2026-08-29 at 21:00:00 | INFO | \Cookie\local_cookie.json
2026-08-29 at 21:00:00 | INFO | {'Body': {'time_check_updates': '17:22 22.08.26', 'value_Check': False}}
2026-08-29 at 21:00:00 | INFO | T:\Н папка\програмирование\python\project\pythonProject1\programForTecher\admin\question.json
2026-08-29 at 21:00:00 | INFO | \question.json
2026-08-29 at 21:00:00 | INFO | {'Body': [{'Qst': {'question_name': 'Кто такой Патрин?', 'answer': ['Бугалтер', 'Директор'], 'right_answer': ['Преподаватель'], 'id': 1}}]}
2026-08-29 at 21:00:00 | INFO | T:\Н папка\програмирование\python\project\pythonProject1\programForTecher\admin\static\GetClientData\UploadInServerClientCookie\ClientCookieData\question.json
2026-08-29 at 21:00:00 | INFO | T:\Н папка\програмирование\python\project\pythonProject1\programForTecher\client\static\GetClientData\UploadInServerClientCookie\ClientCookieData\question.json
2026-08-29 at 21:00:00 | INFO | \static\GetClientData\UploadInServerClientCookie\ClientCookieData\question.json
2026-08-29 at 21:00:00 | INFO | {'client_flag': True, 'Body': [{'Qst': {'question_name': 'Кто такой Патрин?', 'answer': ['Бухгалтер ', 'Директор'], 'right_answer': ['Преподаватель'], 'id': 1}}]}
2026-08-29 at 21:00:00 | INFO | T:\Н папка\програмирование\python\project\pythonProject1\programForTecher\admin\Settings\SettingsPage\settings_page.json
2026-08-29 at 21:00:00 | INFO | \Settings\SettingsPage\settings_page.json
2026-08-29 at 21:00:00 | INFO | {'Body': [{'name': 'version', 'value': 2.1}, {'name': 'url for update', 'value': 'https://github.com/RustFarmer/Test/blob/main/update_url_file.json'}]}
2026-08-29 at 21:00:00 | INFO | T:\Н папка\програмирование\python\project\pythonProject1\programForTecher\admin\Settings\UpdateProgram\UpdateData\update_url_file.json
2026-08-29 at 21:00:00 | INFO | \Settings\UpdateProgram\UpdateData\update_url_file.json
2026-08-29 at 21:00:00 | INFO | {'Body': {'rarFile': 'https://github.com/RustFarmer/Rust-helper/raw/refs/heads/main/v5.1.rar'}}
2026-08-29 at 21:00:00 | INFO | T:\Н папка\програмирование\python\project\pythonProject1\programForTecher\admin\static\GetClientData\UploadInServerClientCookie\ClientCookieData\settings.json
2026-08-29 at 21:00:00 | INFO | T:\Н папка\програмирование\python\project\pythonProject1\programForTecher\client\static\GetClientData\UploadInServerClientCookie\ClientCookieData\settings.json
2026-08-29 at 21:00:00 | INFO | \static\GetClientData\UploadInServerClientCookie\ClientCookieData\settings.json
2026-08-29 at 21:00:00 | INFO | {'client_flag': True, 'Body': []}
2026-08-29 at 21:00:00 | INFO | T:\Н папка\програмирование\python\project\pythonProject1\programForTecher\admin\PassCutOff\settings.json
2026-08-29 at 21:00:00 | INFO | \PassCutOff\settings.json
2026-08-29 at 21:00:00 | INFO | {'Body': []}
2026-08-29 at 21:00:00 | INFO | T:\Н папка\програмирование\python\project\pythonProject1\programForTecher\admin\ImageResultScreen\imageSettings.json
2026-08-29 at 21:00:00 | INFO | \ImageResultScreen\imageSettings.json
2026-08-29 at 21:00:00 | INFO | {'Body': []}
2026-08-29 at 21:00:00 | INFO | T:\Н папка\програмирование\python\project\pythonProject1\programForTecher\admin\ListBlancQuestion\listBlancQuestion.json
2026-08-29 at 21:00:00 | INFO | \ListBlancQuestion\listBlancQuestion.json
2026-08-29 at 21:00:00 | INFO | {'Body': []}
2026-08-29 at 21:00:07 | INFO | T:\Н папка\програмирование\python\project\pythonProject1\programForTecher\admin\Log\appFileLog.log
2026-08-29 at 21:00:07 | INFO | T:\Н папка\програмирование\python\project\pythonProject1\programForTecher\admin
2026-08-29 at 21:00:07 | INFO | T:\Н папка\програмирование\python\project\pythonProject1\programForTecher\client
2026-08-29 at 21:00:07 | INFO | {'\\Cookie\\local_cookie.json': {'Body': {'time_check_updates': '17:22 22.08.26', 'value_Check': False}}, '\\question.json': {'Body': [{'Qst': {'question_name': 'Кто такой Патрин?', 'answer': ['Бугалтер', 'Директор'], 'right_answer': ['Преподаватель'], 'id': 1}}]}, '\\static\\GetClientData\\UploadInServerClientCookie\\ClientCookieData\\question.json': {'client_flag': True, 'Body': [{'Qst': {'question_name': 'Кто такой Патрин?', 'answer': ['Бухгалтер ', 'Директор'], 'right_answer': ['Преподаватель'], 'id': 1}}]}, '\\Settings\\SettingsPage\\settings_page.json': {'Body': [{'name': 'version', 'value': 2.1}, {'name': 'url for update', 'value': 'https://github.com/RustFarmer/Test/blob/main/update_url_file.json'}]}, '\\Settings\\UpdateProgram\\UpdateData\\update_url_file.json': {'Body': {'rarFile': 'https://github.com/RustFarmer/Rust-helper/raw/refs/heads/main/v5.1.rar'}}, '\\static\\GetClientData\\UploadInServerClientCookie\\ClientCookieData\\settings.json': {'client_flag': True, 'Body': []}, '\\PassCutOff\\settings.json': {'Body': []}, '\\ImageResultScreen\\imageSettings.json': {'Body': []}, '\\ListBlancQuestion\\listBlancQuestion.json': {'Body': []}}
2026-08-29 at 21:00:07 | INFO | <class 'pathlib.WindowsPath'>
2026-08-29 at 21:00:07 | INFO | T:\Н папка\програмирование\python\project\pythonProject1\programForTecher\admin
2026-08-29 at 21:00:07 | INFO | {'\\Cookie\\local_cookie.json': {'Body': {'time_check_updates': '17:22 22.08.26', 'value_Check': False}}, '\\question.json': {'Body': [{'Qst': {'question_name': 'Кто такой Патрин?', 'answer': ['Бугалтер', 'Директор'], 'right_answer': ['Преподаватель'], 'id': 1}}]}, '\\static\\GetClientData\\UploadInServerClientCookie\\ClientCookieData\\question.json': {'client_flag': True, 'Body': [{'Qst': {'question_name': 'Кто такой Патрин?', 'answer': ['Бухгалтер ', 'Директор'], 'right_answer': ['Преподаватель'], 'id': 1}}]}, '\\Settings\\SettingsPage\\settings_page.json': {'Body': [{'name': 'version', 'value': 2.1}, {'name': 'url for update', 'value': 'https://github.com/RustFarmer/Test/blob/main/update_url_file.json'}]}, '\\Settings\\UpdateProgram\\UpdateData\\update_url_file.json': {'Body': {'rarFile': 'https://github.com/RustFarmer/Rust-helper/raw/refs/heads/main/v5.1.rar'}}, '\\static\\GetClientData\\UploadInServerClientCookie\\ClientCookieData\\settings.json': {'client_flag': True, 'Body': []}, '\\PassCutOff\\settings.json': {'Body': []}, '\\ImageResultScreen\\imageSettings.json': {'Body': []}, '\\ListBlancQuestion\\listBlancQuestion.json': {'Body': []}}
2026-08-29 at 21:00:07 | INFO | {'\\Cookie\\local_cookie.json': {'Body': {'time_check_updates': '17:22 22.08.26', 'value_Check': False}}, '\\question.json': {'Body': [{'Qst': {'question_name': 'Кто такой Патрин?', 'answer': ['Бугалтер', 'Директор'], 'right_answer': ['Преподаватель'], 'id': 1}}]}, '\\static\\GetClientData\\UploadInServerClientCookie\\ClientCookieData\\question.json': {'client_flag': True, 'Body': [{'Qst': {'question_name': 'Кто такой Патрин?', 'answer': ['Бухгалтер ', 'Директор'], 'right_answer': ['Преподаватель'], 'id': 1}}]}, '\\Settings\\SettingsPage\\settings_page.json': {'Body': [{'name': 'version', 'value': 2.1}, {'name': 'url for update', 'value': 'https://github.com/RustFarmer/Test/blob/main/update_url_file.json'}]}, '\\Settings\\UpdateProgram\\UpdateData\\update_url_file.json': {'Body': {'rarFile': 'https://github.com/RustFarmer/Rust-helper/raw/refs/heads/main/v5.1.rar'}}, '\\static\\GetClientData\\UploadInServerClientCookie\\ClientCookieData\\settings.json': {'client_flag': True, 'Body': []}, '\\PassCutOff\\settings.json': {'Body': []}, '\\ImageResultScreen\\imageSettings.json': {'Body': []}, '\\ListBlancQuestion\\listBlancQuestion.json': {'Body': []}}
2026-08-29 at 21:00:07 | INFO | T:\Н папка\програмирование\python\project\pythonProject1\programForTecher\admin\Cookie\local_cookie.json
2026-08-29 at 21:00:07 | INFO | \Cookie\local_cookie.json
2026-08-29 at 21:00:07 | INFO | {'Body': {'time_check_updates': '17:22 22.08.26', 'value_Check': False}}
2026-08-29 at 21:00:07 | INFO | T:\Н папка\програмирование\python\project\pythonProject1\programForTecher\admin\question.json
2026-08-29 at 21:00:07 | INFO | \question.json
2026-08-29 at 21:00:07 | INFO | {'Body': [{'Qst': {'question_name': 'Кто такой Патрин?', 'answer': ['Бугалтер', 'Директор'], 'right_answer': ['Преподаватель'], 'id': 1}}]}
2026-08-29 at 21:00:07 | INFO | T:\Н папка\програмирование\python\project\pythonProject1\programForTecher\admin\static\GetClientData\UploadInServerClientCookie\ClientCookieData\question.json
2026-08-29 at 21:00:07 | INFO | T:\Н папка\програмирование\python\project\pythonProject1\programForTecher\client\static\GetClientData\UploadInServerClientCookie\ClientCookieData\question.json
2026-08-29 at 21:00:07 | INFO | \static\GetClientData\UploadInServerClientCookie\ClientCookieData\question.json
2026-08-29 at 21:00:07 | INFO | {'client_flag': True, 'Body': [{'Qst': {'question_name': 'Кто такой Патрин?', 'answer': ['Бухгалтер ', 'Директор'], 'right_answer': ['Преподаватель'], 'id': 1}}]}
2026-08-29 at 21:00:07 | INFO | T:\Н папка\програмирование\python\project\pythonProject1\programForTecher\admin\Settings\SettingsPage\settings_page.json
2026-08-29 at 21:00:07 | INFO | \Settings\SettingsPage\settings_page.json
2026-08-29 at 21:00:07 | INFO | {'Body': [{'name': 'version', 'value': 2.1}, {'name': 'url for update', 'value': 'https://github.com/RustFarmer/Test/blob/main/update_url_file.json'}]}
2026-08-29 at 21:00:07 | INFO | T:\Н папка\програмирование\python\project\pythonProject1\programForTecher\admin\Settings\UpdateProgram\UpdateData\update_url_file.json
2026-08-29 at 21:00:07 | INFO | \Settings\UpdateProgram\UpdateData\update_url_file.json
2026-08-29 at 21:00:07 | INFO | {'Body': {'rarFile': 'https://github.com/RustFarmer/Rust-helper/raw/refs/heads/main/v5.1.rar'}}
2026-08-29 at 21:00:07 | INFO | T:\Н папка\програмирование\python\project\pythonProject1\programForTecher\admin\static\GetClientData\UploadInServerClientCookie\ClientCookieData\settings.json
2026-08-29 at 21:00:07 | INFO | T:\Н папка\програмирование\python\project\pythonProject1\programForTecher\client\static\GetClientData\UploadInServerClientCookie\ClientCookieData\settings.json
2026-08-29 at 21:00:07 | INFO | \static\GetClientData\UploadInServerClientCookie\ClientCookieData\settings.json
2026-08-29 at 21:00:07 | INFO | {'client_flag': True, 'Body': []}
2026-08-29 at 21:00:07 | INFO | T:\Н папка\програмирование\python\project\pythonProject1\programForTecher\admin\PassCutOff\settings.json
2026-08-29 at 21:00:07 | INFO | \PassCutOff\settings.json
2026-08-29 at 21:00:07 | INFO | {'Body': []}
2026-08-29 at 21:00:07 | INFO | T:\Н папка\програмирование\python\project\pythonProject1\programForTecher\admin\ImageResultScreen\imageSettings.json
2026-08-29 at 21:00:07 | INFO | \ImageResultScreen\imageSettings.json
2026-08-29 at 21:00:07 | INFO | {'Body': []}
2026-08-29 at 21:00:07 | INFO | T:\Н папка\програмирование\python\project\pythonProject1\programForTecher\admin\ListBlancQuestion\listBlancQuestion.json
2026-08-29 at 21:00:07 | INFO | \ListBlancQuestion\listBlancQuestion.json
2026-08-29 at 21:00:07 | INFO | {'Body': []}
2026-08-29 at 21:02:49 | INFO | T:\Н папка\програмирование\python\project\pythonProject1\programForTecher\admin\Log\appFileLog.log
2026-08-29 at 21:02:49 | INFO | T:\Н папка\програмирование\python\project\pythonProject1\programForTecher\admin
2026-08-29 at 21:02:49 | INFO | T:\Н папка\програмирование\python\project\pythonProject1\programForTecher\client
2026-08-29 at 21:02:49 | INFO | {'\\Cookie\\local_cookie.json': {'Body': {'time_check_updates': '17:22 22.08.26', 'value_Check': False}}, '\\question.json': {'Body': [{'Qst': {'question_name': 'Кто такой Патрин?', 'answer': ['Бугалтер', 'Директор'], 'right_answer': ['Преподаватель'], 'id': 1}}]}, '\\static\\GetClientData\\UploadInServerClientCookie\\ClientCookieData\\question.json': {'client_flag': True, 'Body': [{'Qst': {'question_name': 'Кто такой Патрин?', 'answer': ['Бухгалтер ', 'Директор'], 'right_answer': ['Преподаватель'], 'id': 1}}]}, '\\Settings\\SettingsPage\\settings_page.json': {'Body': [{'name': 'version', 'value': 2.1}, {'name': 'url for update', 'value': 'https://github.com/RustFarmer/Test/blob/main/update_url_file.json'}]}, '\\Settings\\UpdateProgram\\UpdateData\\update_url_file.json': {'Body': {'rarFile': 'https://github.com/RustFarmer/Rust-helper/raw/refs/heads/main/v5.1.rar'}}, '\\static\\GetClientData\\UploadInServerClientCookie\\ClientCookieData\\settings.json': {'client_flag': True, 'Body': []}, '\\PassCutOff\\settings.json': {'Body': []}, '\\ImageResultScreen\\imageSettings.json': {'Body': []}, '\\ListBlancQuestion\\listBlancQuestion.json': {'Body': []}}
2026-08-29 at 21:02:49 | INFO | <class 'pathlib.WindowsPath'>
2026-08-29 at 21:02:49 | INFO | T:\Н папка\програмирование\python\project\pythonProject1\programForTecher\admin
2026-08-29 at 21:02:49 | INFO | {'\\Cookie\\local_cookie.json': {'Body': {'time_check_updates': '17:22 22.08.26', 'value_Check': False}}, '\\question.json': {'Body': [{'Qst': {'question_name': 'Кто такой Патрин?', 'answer': ['Бугалтер', 'Директор'], 'right_answer': ['Преподаватель'], 'id': 1}}]}, '\\static\\GetClientData\\UploadInServerClientCookie\\ClientCookieData\\question.json': {'client_flag': True, 'Body': [{'Qst': {'question_name': 'Кто такой Патрин?', 'answer': ['Бухгалтер ', 'Директор'], 'right_answer': ['Преподаватель'], 'id': 1}}]}, '\\Settings\\SettingsPage\\settings_page.json': {'Body': [{'name': 'version', 'value': 2.1}, {'name': 'url for update', 'value': 'https://github.com/RustFarmer/Test/blob/main/update_url_file.json'}]}, '\\Settings\\UpdateProgram\\UpdateData\\update_url_file.json': {'Body': {'rarFile': 'https://github.com/RustFarmer/Rust-helper/raw/refs/heads/main/v5.1.rar'}}, '\\static\\GetClientData\\UploadInServerClientCookie\\ClientCookieData\\settings.json': {'client_flag': True, 'Body': []}, '\\PassCutOff\\settings.json': {'Body': []}, '\\ImageResultScreen\\imageSettings.json': {'Body': []}, '\\ListBlancQuestion\\listBlancQuestion.json': {'Body': []}}
2026-08-29 at 21:02:49 | INFO | {'\\Cookie\\local_cookie.json': {'Body': {'time_check_updates': '17:22 22.08.26', 'value_Check': False}}, '\\question.json': {'Body': [{'Qst': {'question_name': 'Кто такой Патрин?', 'answer': ['Бугалтер', 'Директор'], 'right_answer': ['Преподаватель'], 'id': 1}}]}, '\\static\\GetClientData\\UploadInServerClientCookie\\ClientCookieData\\question.json': {'client_flag': True, 'Body': [{'Qst': {'question_name': 'Кто такой Патрин?', 'answer': ['Бухгалтер ', 'Директор'], 'right_answer': ['Преподаватель'], 'id': 1}}]}, '\\Settings\\SettingsPage\\settings_page.json': {'Body': [{'name': 'version', 'value': 2.1}, {'name': 'url for update', 'value': 'https://github.com/RustFarmer/Test/blob/main/update_url_file.json'}]}, '\\Settings\\UpdateProgram\\UpdateData\\update_url_file.json': {'Body': {'rarFile': 'https://github.com/RustFarmer/Rust-helper/raw/refs/heads/main/v5.1.rar'}}, '\\static\\GetClientData\\UploadInServerClientCookie\\ClientCookieData\\settings.json': {'client_flag': True, 'Body': []}, '\\PassCutOff\\settings.json': {'Body': []}, '\\ImageResultScreen\\imageSettings.json': {'Body': []}, '\\ListBlancQuestion\\listBlancQuestion.json': {'Body': []}}
2026-08-29 at 21:02:49 | INFO | T:\Н папка\програмирование\python\project\pythonProject1\programForTecher\admin\Cookie\local_cookie.json
2026-08-29 at 21:02:49 | INFO | \Cookie\local_cookie.json
2026-08-29 at 21:02:49 | INFO | {'Body': {'time_check_updates': '17:22 22.08.26', 'value_Check': False}}
2026-08-29 at 21:02:49 | INFO | T:\Н папка\програмирование\python\project\pythonProject1\programForTecher\admin\question.json
2026-08-29 at 21:02:49 | INFO | \question.json
2026-08-29 at 21:02:49 | INFO | {'Body': [{'Qst': {'question_name': 'Кто такой Патрин?', 'answer': ['Бугалтер', 'Директор'], 'right_answer': ['Преподаватель'], 'id': 1}}]}
2026-08-29 at 21:02:49 | INFO | T:\Н папка\програмирование\python\project\pythonProject1\programForTecher\admin\static\GetClientData\UploadInServerClientCookie\ClientCookieData\question.json
2026-08-29 at 21:02:49 | INFO | T:\Н папка\програмирование\python\project\pythonProject1\programForTecher\client\static\GetClientData\UploadInServerClientCookie\ClientCookieData\question.json
2026-08-29 at 21:02:49 | INFO | \static\GetClientData\UploadInServerClientCookie\ClientCookieData\question.json
2026-08-29 at 21:02:49 | INFO | {'client_flag': True, 'Body': [{'Qst': {'question_name': 'Кто такой Патрин?', 'answer': ['Бухгалтер ', 'Директор'], 'right_answer': ['Преподаватель'], 'id': 1}}]}
2026-08-29 at 21:02:49 | INFO | T:\Н папка\програмирование\python\project\pythonProject1\programForTecher\admin\Settings\SettingsPage\settings_page.json
2026-08-29 at 21:02:49 | INFO | \Settings\SettingsPage\settings_page.json
2026-08-29 at 21:02:49 | INFO | {'Body': [{'name': 'version', 'value': 2.1}, {'name': 'url for update', 'value': 'https://github.com/RustFarmer/Test/blob/main/update_url_file.json'}]}
2026-08-29 at 21:02:49 | INFO | T:\Н папка\програмирование\python\project\pythonProject1\programForTecher\admin\Settings\UpdateProgram\UpdateData\update_url_file.json
2026-08-29 at 21:02:49 | INFO | \Settings\UpdateProgram\UpdateData\update_url_file.json
2026-08-29 at 21:02:49 | INFO | {'Body': {'rarFile': 'https://github.com/RustFarmer/Rust-helper/raw/refs/heads/main/v5.1.rar'}}
2026-08-29 at 21:02:49 | INFO | T:\Н папка\програмирование\python\project\pythonProject1\programForTecher\admin\static\GetClientData\UploadInServerClientCookie\ClientCookieData\settings.json
2026-08-29 at 21:02:49 | INFO | T:\Н папка\програмирование\python\project\pythonProject1\programForTecher\client\static\GetClientData\UploadInServerClientCookie\ClientCookieData\settings.json
2026-08-29 at 21:02:49 | INFO | \static\GetClientData\UploadInServerClientCookie\ClientCookieData\settings.json
2026-08-29 at 21:02:49 | INFO | {'client_flag': True, 'Body': []}
2026-08-29 at 21:02:49 | INFO | T:\Н папка\програмирование\python\project\pythonProject1\programForTecher\admin\PassCutOff\settings.json
2026-08-29 at 21:02:49 | INFO | \PassCutOff\settings.json
2026-08-29 at 21:02:49 | INFO | {'Body': []}
2026-08-29 at 21:02:49 | INFO | T:\Н папка\програмирование\python\project\pythonProject1\programForTecher\admin\ImageResultScreen\imageSettings.json
2026-08-29 at 21:02:49 | INFO | \ImageResultScreen\imageSettings.json
2026-08-29 at 21:02:49 | INFO | {'Body': []}
2026-08-29 at 21:02:49 | INFO | T:\Н папка\програмирование\python\project\pythonProject1\programForTecher\admin\ListBlancQuestion\listBlancQuestion.json
2026-08-29 at 21:02:49 | INFO | \ListBlancQuestion\listBlancQuestion.json
2026-08-29 at 21:02:49 | INFO | {'Body': []}
2026-08-29 at 21:08:13 | INFO | T:\Н папка\програмирование\python\project\pythonProject1\programForTecher\admin\Log\appFileLog.log
2026-08-29 at 21:08:13 | INFO | T:\Н папка\програмирование\python\project\pythonProject1\programForTecher\admin
2026-08-29 at 21:08:13 | INFO | T:\Н папка\програмирование\python\project\pythonProject1\programForTecher\client
2026-08-29 at 21:08:13 | INFO | {'\\Cookie\\local_cookie.json': {'Body': {'time_check_updates': '17:22 22.08.26', 'value_Check': False}}, '\\question.json': {'Body': [{'Qst': {'question_name': 'Кто такой Патрин?', 'answer': ['Бугалтер', 'Директор'], 'right_answer': ['Преподаватель'], 'id': 1}}]}, '\\static\\GetClientData\\UploadInServerClientCookie\\ClientCookieData\\question.json': {'client_flag': True, 'Body': [{'Qst': {'question_name': 'Кто такой Патрин?', 'answer': ['Бухгалтер ', 'Директор'], 'right_answer': ['Преподаватель'], 'id': 1}}]}, '\\Settings\\SettingsPage\\settings_page.json': {'Body': [{'name': 'version', 'value': 2.1}, {'name': 'url for update', 'value': 'https://github.com/RustFarmer/Test/blob/main/update_url_file.json'}]}, '\\Settings\\UpdateProgram\\UpdateData\\update_url_file.json': {'Body': {'rarFile': 'https://github.com/RustFarmer/Rust-helper/raw/refs/heads/main/v5.1.rar'}}, '\\static\\GetClientData\\UploadInServerClientCookie\\ClientCookieData\\settings.json': {'client_flag': True, 'Body': []}, '\\PassCutOff\\settings.json': {'Body': []}, '\\ImageResultScreen\\imageSettings.json': {'Body': []}, '\\ListBlancQuestion\\listBlancQuestion.json': {'Body': []}}
2026-08-29 at 21:08:13 | INFO | <class 'pathlib.WindowsPath'>
2026-08-29 at 21:08:13 | INFO | T:\Н папка\програмирование\python\project\pythonProject1\programForTecher\admin
2026-08-29 at 21:08:13 | INFO | {'\\Cookie\\local_cookie.json': {'Body': {'time_check_updates': '17:22 22.08.26', 'value_Check': False}}, '\\question.json': {'Body': [{'Qst': {'question_name': 'Кто такой Патрин?', 'answer': ['Бугалтер', 'Директор'], 'right_answer': ['Преподаватель'], 'id': 1}}]}, '\\static\\GetClientData\\UploadInServerClientCookie\\ClientCookieData\\question.json': {'client_flag': True, 'Body': [{'Qst': {'question_name': 'Кто такой Патрин?', 'answer': ['Бухгалтер ', 'Директор'], 'right_answer': ['Преподаватель'], 'id': 1}}]}, '\\Settings\\SettingsPage\\settings_page.json': {'Body': [{'name': 'version', 'value': 2.1}, {'name': 'url for update', 'value': 'https://github.com/RustFarmer/Test/blob/main/update_url_file.json'}]}, '\\Settings\\UpdateProgram\\UpdateData\\update_url_file.json': {'Body': {'rarFile': 'https://github.com/RustFarmer/Rust-helper/raw/refs/heads/main/v5.1.rar'}}, '\\static\\GetClientData\\UploadInServerClientCookie\\ClientCookieData\\settings.json': {'client_flag': True, 'Body': []}, '\\PassCutOff\\settings.json': {'Body': []}, '\\ImageResultScreen\\imageSettings.json': {'Body': []}, '\\ListBlancQuestion\\listBlancQuestion.json': {'Body': []}}
2026-08-29 at 21:08:13 | INFO | {'\\Cookie\\local_cookie.json': {'Body': {'time_check_updates': '17:22 22.08.26', 'value_Check': False}}, '\\question.json': {'Body': [{'Qst': {'question_name': 'Кто такой Патрин?', 'answer': ['Бугалтер', 'Директор'], 'right_answer': ['Преподаватель'], 'id': 1}}]}, '\\static\\GetClientData\\UploadInServerClientCookie\\ClientCookieData\\question.json': {'client_flag': True, 'Body': [{'Qst': {'question_name': 'Кто такой Патрин?', 'answer': ['Бухгалтер ', 'Директор'], 'right_answer': ['Преподаватель'], 'id': 1}}]}, '\\Settings\\SettingsPage\\settings_page.json': {'Body': [{'name': 'version', 'value': 2.1}, {'name': 'url for update', 'value': 'https://github.com/RustFarmer/Test/blob/main/update_url_file.json'}]}, '\\Settings\\UpdateProgram\\UpdateData\\update_url_file.json': {'Body': {'rarFile': 'https://github.com/RustFarmer/Rust-helper/raw/refs/heads/main/v5.1.rar'}}, '\\static\\GetClientData\\UploadInServerClientCookie\\ClientCookieData\\settings.json': {'client_flag': True, 'Body': []}, '\\PassCutOff\\settings.json': {'Body': []}, '\\ImageResultScreen\\imageSettings.json': {'Body': []}, '\\ListBlancQuestion\\listBlancQuestion.json': {'Body': []}}
2026-08-29 at 21:08:13 | INFO | T:\Н папка\програмирование\python\project\pythonProject1\programForTecher\admin\Cookie\local_cookie.json
2026-08-29 at 21:08:13 | INFO | \Cookie\local_cookie.json
2026-08-29 at 21:08:13 | INFO | {'Body': {'time_check_updates': '17:22 22.08.26', 'value_Check': False}}
2026-08-29 at 21:08:13 | INFO | T:\Н папка\програмирование\python\project\pythonProject1\programForTecher\admin\question.json
2026-08-29 at 21:08:13 | INFO | \question.json
2026-08-29 at 21:08:13 | INFO | {'Body': [{'Qst': {'question_name': 'Кто такой Патрин?', 'answer': ['Бугалтер', 'Директор'], 'right_answer': ['Преподаватель'], 'id': 1}}]}
2026-08-29 at 21:08:13 | INFO | T:\Н папка\програмирование\python\project\pythonProject1\programForTecher\admin\static\GetClientData\UploadInServerClientCookie\ClientCookieData\question.json
2026-08-29 at 21:08:13 | INFO | T:\Н папка\програмирование\python\project\pythonProject1\programForTecher\client\static\GetClientData\UploadInServerClientCookie\ClientCookieData\question.json
2026-08-29 at 21:08:13 | INFO | \static\GetClientData\UploadInServerClientCookie\ClientCookieData\question.json
2026-08-29 at 21:08:13 | INFO | {'client_flag': True, 'Body': [{'Qst': {'question_name': 'Кто такой Патрин?', 'answer': ['Бухгалтер ', 'Директор'], 'right_answer': ['Преподаватель'], 'id': 1}}]}
2026-08-29 at 21:08:13 | INFO | T:\Н папка\програмирование\python\project\pythonProject1\programForTecher\admin\Settings\SettingsPage\settings_page.json
2026-08-29 at 21:08:13 | INFO | \Settings\SettingsPage\settings_page.json
2026-08-29 at 21:08:13 | INFO | {'Body': [{'name': 'version', 'value': 2.1}, {'name': 'url for update', 'value': 'https://github.com/RustFarmer/Test/blob/main/update_url_file.json'}]}
2026-08-29 at 21:08:13 | INFO | T:\Н папка\програмирование\python\project\pythonProject1\programForTecher\admin\Settings\UpdateProgram\UpdateData\update_url_file.json
2026-08-29 at 21:08:13 | INFO | \Settings\UpdateProgram\UpdateData\update_url_file.json
2026-08-29 at 21:08:13 | INFO | {'Body': {'rarFile': 'https://github.com/RustFarmer/Rust-helper/raw/refs/heads/main/v5.1.rar'}}
2026-08-29 at 21:08:13 | INFO | T:\Н папка\програмирование\python\project\pythonProject1\programForTecher\admin\static\GetClientData\UploadInServerClientCookie\ClientCookieData\settings.json
2026-08-29 at 21:08:13 | INFO | T:\Н папка\програмирование\python\project\pythonProject1\programForTecher\client\static\GetClientData\UploadInServerClientCookie\ClientCookieData\settings.json
2026-08-29 at 21:08:13 | INFO | \static\GetClientData\UploadInServerClientCookie\ClientCookieData\settings.json
2026-08-29 at 21:08:13 | INFO | {'client_flag': True, 'Body': []}
2026-08-29 at 21:08:13 | INFO | T:\Н папка\програмирование\python\project\pythonProject1\programForTecher\admin\PassCutOff\settings.json
2026-08-29 at 21:08:13 | INFO | \PassCutOff\settings.json
2026-08-29 at 21:08:13 | INFO | {'Body': []}
2026-08-29 at 21:08:13 | INFO | T:\Н папка\програмирование\python\project\pythonProject1\programForTecher\admin\ImageResultScreen\imageSettings.json
2026-08-29 at 21:08:13 | INFO | \ImageResultScreen\imageSettings.json
2026-08-29 at 21:08:13 | INFO | {'Body': []}
2026-08-29 at 21:08:13 | INFO | T:\Н папка\програмирование\python\project\pythonProject1\programForTecher\admin\ListBlancQuestion\listBlancQuestion.json
2026-08-29 at 21:08:13 | INFO | \ListBlancQuestion\listBlancQuestion.json
2026-08-29 at 21:08:13 | INFO | {'Body': []}
2026-08-29 at 21:15:58 | INFO | T:\Н папка\програмирование\python\project\pythonProject1\programForTecher\admin\Log\appFileLog.log
2026-08-29 at 21:15:58 | INFO | T:\Н папка\програмирование\python\project\pythonProject1\programForTecher\admin
2026-08-29 at 21:15:58 | INFO | T:\Н папка\програмирование\python\project\pythonProject1\programForTecher\client
2026-08-29 at 21:15:58 | INFO | {'\\Cookie\\local_cookie.json': {'Body': {'time_check_updates': '17:22 22.08.26', 'value_Check': False}}, '\\question.json': {'Body': [{'Qst': {'question_name': 'Кто такой Патрин?', 'answer': ['Бугалтер', 'Директор'], 'right_answer': ['Преподаватель'], 'id': 1}}]}, '\\static\\GetClientData\\UploadInServerClientCookie\\ClientCookieData\\question.json': {'client_flag': True, 'Body': [{'Qst': {'question_name': 'Кто такой Патрин?', 'answer': ['Бухгалтер ', 'Директор'], 'right_answer': ['Преподаватель'], 'id': 1}}]}, '\\Settings\\SettingsPage\\settings_page.json': {'Body': [{'name': 'version', 'value': 2.1}, {'name': 'url for update', 'value': 'https://github.com/RustFarmer/Test/blob/main/update_url_file.json'}]}, '\\Settings\\UpdateProgram\\UpdateData\\update_url_file.json': {'Body': {'rarFile': 'https://github.com/RustFarmer/Rust-helper/raw/refs/heads/main/v5.1.rar'}}, '\\static\\GetClientData\\UploadInServerClientCookie\\ClientCookieData\\settings.json': {'client_flag': True, 'Body': []}, '\\PassCutOff\\settings.json': {'Body': []}, '\\ImageResultScreen\\imageSettings.json': {'Body': []}, '\\ListBlancQuestion\\listBlancQuestion.json': {'Body': []}}
2026-08-29 at 21:15:58 | INFO | <class 'pathlib.WindowsPath'>
2026-08-29 at 21:15:58 | INFO | T:\Н папка\програмирование\python\project\pythonProject1\programForTecher\admin
2026-08-29 at 21:15:58 | INFO | {'\\Cookie\\local_cookie.json': {'Body': {'time_check_updates': '17:22 22.08.26', 'value_Check': False}}, '\\question.json': {'Body': [{'Qst': {'question_name': 'Кто такой Патрин?', 'answer': ['Бугалтер', 'Директор'], 'right_answer': ['Преподаватель'], 'id': 1}}]}, '\\static\\GetClientData\\UploadInServerClientCookie\\ClientCookieData\\question.json': {'client_flag': True, 'Body': [{'Qst': {'question_name': 'Кто такой Патрин?', 'answer': ['Бухгалтер ', 'Директор'], 'right_answer': ['Преподаватель'], 'id': 1}}]}, '\\Settings\\SettingsPage\\settings_page.json': {'Body': [{'name': 'version', 'value': 2.1}, {'name': 'url for update', 'value': 'https://github.com/RustFarmer/Test/blob/main/update_url_file.json'}]}, '\\Settings\\UpdateProgram\\UpdateData\\update_url_file.json': {'Body': {'rarFile': 'https://github.com/RustFarmer/Rust-helper/raw/refs/heads/main/v5.1.rar'}}, '\\static\\GetClientData\\UploadInServerClientCookie\\ClientCookieData\\settings.json': {'client_flag': True, 'Body': []}, '\\PassCutOff\\settings.json': {'Body': []}, '\\ImageResultScreen\\imageSettings.json': {'Body': []}, '\\ListBlancQuestion\\listBlancQuestion.json': {'Body': []}}
2026-08-29 at 21:15:58 | INFO | {'\\Cookie\\local_cookie.json': {'Body': {'time_check_updates': '17:22 22.08.26', 'value_Check': False}}, '\\question.json': {'Body': [{'Qst': {'question_name': 'Кто такой Патрин?', 'answer': ['Бугалтер', 'Директор'], 'right_answer': ['Преподаватель'], 'id': 1}}]}, '\\static\\GetClientData\\UploadInServerClientCookie\\ClientCookieData\\question.json': {'client_flag': True, 'Body': [{'Qst': {'question_name': 'Кто такой Патрин?', 'answer': ['Бухгалтер ', 'Директор'], 'right_answer': ['Преподаватель'], 'id': 1}}]}, '\\Settings\\SettingsPage\\settings_page.json': {'Body': [{'name': 'version', 'value': 2.1}, {'name': 'url for update', 'value': 'https://github.com/RustFarmer/Test/blob/main/update_url_file.json'}]}, '\\Settings\\UpdateProgram\\UpdateData\\update_url_file.json': {'Body': {'rarFile': 'https://github.com/RustFarmer/Rust-helper/raw/refs/heads/main/v5.1.rar'}}, '\\static\\GetClientData\\UploadInServerClientCookie\\ClientCookieData\\settings.json': {'client_flag': True, 'Body': []}, '\\PassCutOff\\settings.json': {'Body': []}, '\\ImageResultScreen\\imageSettings.json': {'Body': []}, '\\ListBlancQuestion\\listBlancQuestion.json': {'Body': []}}
2026-08-29 at 21:15:58 | INFO | T:\Н папка\програмирование\python\project\pythonProject1\programForTecher\admin\Cookie\local_cookie.json
2026-08-29 at 21:15:58 | INFO | \Cookie\local_cookie.json
2026-08-29 at 21:15:58 | INFO | {'Body': {'time_check_updates': '17:22 22.08.26', 'value_Check': False}}
2026-08-29 at 21:15:58 | INFO | T:\Н папка\програмирование\python\project\pythonProject1\programForTecher\admin\question.json
2026-08-29 at 21:15:58 | INFO | \question.json
2026-08-29 at 21:15:58 | INFO | {'Body': [{'Qst': {'question_name': 'Кто такой Патрин?', 'answer': ['Бугалтер', 'Директор'], 'right_answer': ['Преподаватель'], 'id': 1}}]}
2026-08-29 at 21:15:58 | INFO | T:\Н папка\програмирование\python\project\pythonProject1\programForTecher\admin\static\GetClientData\UploadInServerClientCookie\ClientCookieData\question.json
2026-08-29 at 21:15:58 | INFO | T:\Н папка\програмирование\python\project\pythonProject1\programForTecher\client\static\GetClientData\UploadInServerClientCookie\ClientCookieData\question.json
2026-08-29 at 21:15:58 | INFO | \static\GetClientData\UploadInServerClientCookie\ClientCookieData\question.json
2026-08-29 at 21:15:58 | INFO | {'client_flag': True, 'Body': [{'Qst': {'question_name': 'Кто такой Патрин?', 'answer': ['Бухгалтер ', 'Директор'], 'right_answer': ['Преподаватель'], 'id': 1}}]}
2026-08-29 at 21:15:58 | INFO | T:\Н папка\програмирование\python\project\pythonProject1\programForTecher\admin\Settings\SettingsPage\settings_page.json
2026-08-29 at 21:15:58 | INFO | \Settings\SettingsPage\settings_page.json
2026-08-29 at 21:15:58 | INFO | {'Body': [{'name': 'version', 'value': 2.1}, {'name': 'url for update', 'value': 'https://github.com/RustFarmer/Test/blob/main/update_url_file.json'}]}
2026-08-29 at 21:15:58 | INFO | T:\Н папка\програмирование\python\project\pythonProject1\programForTecher\admin\Settings\UpdateProgram\UpdateData\update_url_file.json
2026-08-29 at 21:15:58 | INFO | \Settings\UpdateProgram\UpdateData\update_url_file.json
2026-08-29 at 21:15:58 | INFO | {'Body': {'rarFile': 'https://github.com/RustFarmer/Rust-helper/raw/refs/heads/main/v5.1.rar'}}
2026-08-29 at 21:15:58 | INFO | T:\Н папка\програмирование\python\project\pythonProject1\programForTecher\admin\static\GetClientData\UploadInServerClientCookie\ClientCookieData\settings.json
2026-08-29 at 21:15:58 | INFO | T:\Н папка\програмирование\python\project\pythonProject1\programForTecher\client\static\GetClientData\UploadInServerClientCookie\ClientCookieData\settings.json
2026-08-29 at 21:15:58 | INFO | \static\GetClientData\UploadInServerClientCookie\ClientCookieData\settings.json
2026-08-29 at 21:15:58 | INFO | {'client_flag': True, 'Body': []}
2026-08-29 at 21:15:58 | INFO | T:\Н папка\програмирование\python\project\pythonProject1\programForTecher\admin\PassCutOff\settings.json
2026-08-29 at 21:15:58 | INFO | \PassCutOff\settings.json
2026-08-29 at 21:15:58 | INFO | {'Body': []}
2026-08-29 at 21:15:58 | INFO | T:\Н папка\програмирование\python\project\pythonProject1\programForTecher\admin\ImageResultScreen\imageSettings.json
2026-08-29 at 21:15:58 | INFO | \ImageResultScreen\imageSettings.json
2026-08-29 at 21:15:58 | INFO | {'Body': []}
2026-08-29 at 21:15:58 | INFO | T:\Н папка\програмирование\python\project\pythonProject1\programForTecher\admin\ListBlancQuestion\listBlancQuestion.json
2026-08-29 at 21:15:58 | INFO | \ListBlancQuestion\listBlancQuestion.json
2026-08-29 at 21:15:58 | INFO | {'Body': []}
2026-08-29 at 21:17:54 | INFO | T:\Н папка\програмирование\python\project\pythonProject1\programForTecher\admin\Log\appFileLog.log
2026-08-29 at 21:17:54 | INFO | T:\Н папка\програмирование\python\project\pythonProject1\programForTecher\admin
2026-08-29 at 21:17:54 | INFO | T:\Н папка\програмирование\python\project\pythonProject1\programForTecher\client
2026-08-29 at 21:17:54 | INFO | {'\\Cookie\\local_cookie.json': {'Body': {'time_check_updates': '17:22 22.08.26', 'value_Check': False}}, '\\question.json': {'Body': [{'Qst': {'question_name': 'Кто такой Патрин?', 'answer': ['Бугалтер', 'Директор'], 'right_answer': ['Преподаватель'], 'id': 1}}]}, '\\static\\GetClientData\\UploadInServerClientCookie\\ClientCookieData\\question.json': {'client_flag': True, 'Body': [{'Qst': {'question_name': 'Кто такой Патрин?', 'answer': ['Бухгалтер ', 'Директор'], 'right_answer': ['Преподаватель'], 'id': 1}}]}, '\\Settings\\SettingsPage\\settings_page.json': {'Body': [{'name': 'version', 'value': 2.1}, {'name': 'url for update', 'value': 'https://github.com/RustFarmer/Test/blob/main/update_url_file.json'}]}, '\\Settings\\UpdateProgram\\UpdateData\\update_url_file.json': {'Body': {'rarFile': 'https://github.com/RustFarmer/Rust-helper/raw/refs/heads/main/v5.1.rar'}}, '\\static\\GetClientData\\UploadInServerClientCookie\\ClientCookieData\\settings.json': {'client_flag': True, 'Body': []}, '\\PassCutOff\\settings.json': {'Body': []}, '\\ImageResultScreen\\imageSettings.json': {'Body': []}, '\\ListBlancQuestion\\listBlancQuestion.json': {'Body': []}}
2026-08-29 at 21:17:54 | INFO | <class 'pathlib.WindowsPath'>
2026-08-29 at 21:17:54 | INFO | T:\Н папка\програмирование\python\project\pythonProject1\programForTecher\admin
2026-08-29 at 21:17:54 | INFO | {'\\Cookie\\local_cookie.json': {'Body': {'time_check_updates': '17:22 22.08.26', 'value_Check': False}}, '\\question.json': {'Body': [{'Qst': {'question_name': 'Кто такой Патрин?', 'answer': ['Бугалтер', 'Директор'], 'right_answer': ['Преподаватель'], 'id': 1}}]}, '\\static\\GetClientData\\UploadInServerClientCookie\\ClientCookieData\\question.json': {'client_flag': True, 'Body': [{'Qst': {'question_name': 'Кто такой Патрин?', 'answer': ['Бухгалтер ', 'Директор'], 'right_answer': ['Преподаватель'], 'id': 1}}]}, '\\Settings\\SettingsPage\\settings_page.json': {'Body': [{'name': 'version', 'value': 2.1}, {'name': 'url for update', 'value': 'https://github.com/RustFarmer/Test/blob/main/update_url_file.json'}]}, '\\Settings\\UpdateProgram\\UpdateData\\update_url_file.json': {'Body': {'rarFile': 'https://github.com/RustFarmer/Rust-helper/raw/refs/heads/main/v5.1.rar'}}, '\\static\\GetClientData\\UploadInServerClientCookie\\ClientCookieData\\settings.json': {'client_flag': True, 'Body': []}, '\\PassCutOff\\settings.json': {'Body': []}, '\\ImageResultScreen\\imageSettings.json': {'Body': []}, '\\ListBlancQuestion\\listBlancQuestion.json': {'Body': []}}
2026-08-29 at 21:17:54 | INFO | {'\\Cookie\\local_cookie.json': {'Body': {'time_check_updates': '17:22 22.08.26', 'value_Check': False}}, '\\question.json': {'Body': [{'Qst': {'question_name': 'Кто такой Патрин?', 'answer': ['Бугалтер', 'Директор'], 'right_answer': ['Преподаватель'], 'id': 1}}]}, '\\static\\GetClientData\\UploadInServerClientCookie\\ClientCookieData\\question.json': {'client_flag': True, 'Body': [{'Qst': {'question_name': 'Кто такой Патрин?', 'answer': ['Бухгалтер ', 'Директор'], 'right_answer': ['Преподаватель'], 'id': 1}}]}, '\\Settings\\SettingsPage\\settings_page.json': {'Body': [{'name': 'version', 'value': 2.1}, {'name': 'url for update', 'value': 'https://github.com/RustFarmer/Test/blob/main/update_url_file.json'}]}, '\\Settings\\UpdateProgram\\UpdateData\\update_url_file.json': {'Body': {'rarFile': 'https://github.com/RustFarmer/Rust-helper/raw/refs/heads/main/v5.1.rar'}}, '\\static\\GetClientData\\UploadInServerClientCookie\\ClientCookieData\\settings.json': {'client_flag': True, 'Body': []}, '\\PassCutOff\\settings.json': {'Body': []}, '\\ImageResultScreen\\imageSettings.json': {'Body': []}, '\\ListBlancQuestion\\listBlancQuestion.json': {'Body': []}}
2026-08-29 at 21:17:54 | INFO | T:\Н папка\програмирование\python\project\pythonProject1\programForTecher\admin\Cookie\local_cookie.json
2026-08-29 at 21:17:54 | INFO | \Cookie\local_cookie.json
2026-08-29 at 21:17:54 | INFO | {'Body': {'time_check_updates': '17:22 22.08.26', 'value_Check': False}}
2026-08-29 at 21:17:54 | INFO | T:\Н папка\програмирование\python\project\pythonProject1\programForTecher\admin\question.json
2026-08-29 at 21:17:54 | INFO | \question.json
2026-08-29 at 21:17:54 | INFO | {'Body': [{'Qst': {'question_name': 'Кто такой Патрин?', 'answer': ['Бугалтер', 'Директор'], 'right_answer': ['Преподаватель'], 'id': 1}}]}
2026-08-29 at 21:17:54 | INFO | T:\Н папка\програмирование\python\project\pythonProject1\programForTecher\admin\static\GetClientData\UploadInServerClientCookie\ClientCookieData\question.json
2026-08-29 at 21:17:54 | INFO | T:\Н папка\програмирование\python\project\pythonProject1\programForTecher\client\static\GetClientData\UploadInServerClientCookie\ClientCookieData\question.json
2026-08-29 at 21:17:54 | INFO | \static\GetClientData\UploadInServerClientCookie\ClientCookieData\question.json
2026-08-29 at 21:17:54 | INFO | {'client_flag': True, 'Body': [{'Qst': {'question_name': 'Кто такой Патрин?', 'answer': ['Бухгалтер ', 'Директор'], 'right_answer': ['Преподаватель'], 'id': 1}}]}
2026-08-29 at 21:17:54 | INFO | T:\Н папка\програмирование\python\project\pythonProject1\programForTecher\admin\Settings\SettingsPage\settings_page.json
2026-08-29 at 21:17:54 | INFO | \Settings\SettingsPage\settings_page.json
2026-08-29 at 21:17:54 | INFO | {'Body': [{'name': 'version', 'value': 2.1}, {'name': 'url for update', 'value': 'https://github.com/RustFarmer/Test/blob/main/update_url_file.json'}]}
2026-08-29 at 21:17:54 | INFO | T:\Н папка\програмирование\python\project\pythonProject1\programForTecher\admin\Settings\UpdateProgram\UpdateData\update_url_file.json
2026-08-29 at 21:17:54 | INFO | \Settings\UpdateProgram\UpdateData\update_url_file.json
2026-08-29 at 21:17:54 | INFO | {'Body': {'rarFile': 'https://github.com/RustFarmer/Rust-helper/raw/refs/heads/main/v5.1.rar'}}
2026-08-29 at 21:17:54 | INFO | T:\Н папка\програмирование\python\project\pythonProject1\programForTecher\admin\static\GetClientData\UploadInServerClientCookie\ClientCookieData\settings.json
2026-08-29 at 21:17:54 | INFO | T:\Н папка\програмирование\python\project\pythonProject1\programForTecher\client\static\GetClientData\UploadInServerClientCookie\ClientCookieData\settings.json
2026-08-29 at 21:17:54 | INFO | \static\GetClientData\UploadInServerClientCookie\ClientCookieData\settings.json
2026-08-29 at 21:17:54 | INFO | {'client_flag': True, 'Body': []}
2026-08-29 at 21:17:54 | INFO | T:\Н папка\програмирование\python\project\pythonProject1\programForTecher\admin\PassCutOff\settings.json
2026-08-29 at 21:17:54 | INFO | \PassCutOff\settings.json
2026-08-29 at 21:17:54 | INFO | {'Body': []}
2026-08-29 at 21:17:54 | INFO | T:\Н папка\програмирование\python\project\pythonProject1\programForTecher\admin\ImageResultScreen\imageSettings.json
2026-08-29 at 21:17:54 | INFO | \ImageResultScreen\imageSettings.json
2026-08-29 at 21:17:54 | INFO | {'Body': []}
2026-08-29 at 21:17:54 | INFO | T:\Н папка\програмирование\python\project\pythonProject1\programForTecher\admin\ListBlancQuestion\listBlancQuestion.json
2026-08-29 at 21:17:54 | INFO | \ListBlancQuestion\listBlancQuestion.json
2026-08-29 at 21:17:54 | INFO | {'Body': []}
2026-08-29 at 21:23:13 | INFO | T:\Н папка\програмирование\python\project\pythonProject1\programForTecher\admin\Log\appFileLog.log
2026-08-29 at 21:23:13 | INFO | T:\Н папка\програмирование\python\project\pythonProject1\programForTecher\admin
2026-08-29 at 21:23:13 | INFO | T:\Н папка\програмирование\python\project\pythonProject1\programForTecher\client
2026-08-29 at 21:23:13 | INFO | {'\\Cookie\\local_cookie.json': {'Body': {'time_check_updates': '17:22 22.08.26', 'value_Check': False}}, '\\question.json': {'Body': [{'Qst': {'question_name': 'Кто такой Патрин?', 'answer': ['Бугалтер', 'Директор'], 'right_answer': ['Преподаватель'], 'id': 1}}]}, '\\static\\GetClientData\\UploadInServerClientCookie\\ClientCookieData\\question.json': {'client_flag': True, 'Body': [{'Qst': {'question_name': 'Кто такой Патрин?', 'answer': ['Бухгалтер ', 'Директор'], 'right_answer': ['Преподаватель'], 'id': 1}}]}, '\\Settings\\SettingsPage\\settings_page.json': {'Body': [{'name': 'version', 'value': 2.1}, {'name': 'url for update', 'value': 'https://github.com/RustFarmer/Test/blob/main/update_url_file.json'}]}, '\\Settings\\UpdateProgram\\UpdateData\\update_url_file.json': {'Body': {'rarFile': 'https://github.com/RustFarmer/Rust-helper/raw/refs/heads/main/v5.1.rar'}}, '\\static\\GetClientData\\UploadInServerClientCookie\\ClientCookieData\\settings.json': {'client_flag': True, 'Body': []}, '\\PassCutOff\\settings.json': {'Body': []}, '\\ImageResultScreen\\imageSettings.json': {'Body': []}, '\\ListBlancQuestion\\listBlancQuestion.json': {'Body': []}}
2026-08-29 at 21:23:13 | INFO | <class 'pathlib.WindowsPath'>
2026-08-29 at 21:23:13 | INFO | T:\Н папка\програмирование\python\project\pythonProject1\programForTecher\admin
2026-08-29 at 21:23:13 | INFO | {'\\Cookie\\local_cookie.json': {'Body': {'time_check_updates': '17:22 22.08.26', 'value_Check': False}}, '\\question.json': {'Body': [{'Qst': {'question_name': 'Кто такой Патрин?', 'answer': ['Бугалтер', 'Директор'], 'right_answer': ['Преподаватель'], 'id': 1}}]}, '\\static\\GetClientData\\UploadInServerClientCookie\\ClientCookieData\\question.json': {'client_flag': True, 'Body': [{'Qst': {'question_name': 'Кто такой Патрин?', 'answer': ['Бухгалтер ', 'Директор'], 'right_answer': ['Преподаватель'], 'id': 1}}]}, '\\Settings\\SettingsPage\\settings_page.json': {'Body': [{'name': 'version', 'value': 2.1}, {'name': 'url for update', 'value': 'https://github.com/RustFarmer/Test/blob/main/update_url_file.json'}]}, '\\Settings\\UpdateProgram\\UpdateData\\update_url_file.json': {'Body': {'rarFile': 'https://github.com/RustFarmer/Rust-helper/raw/refs/heads/main/v5.1.rar'}}, '\\static\\GetClientData\\UploadInServerClientCookie\\ClientCookieData\\settings.json': {'client_flag': True, 'Body': []}, '\\PassCutOff\\settings.json': {'Body': []}, '\\ImageResultScreen\\imageSettings.json': {'Body': []}, '\\ListBlancQuestion\\listBlancQuestion.json': {'Body': []}}
2026-08-29 at 21:23:13 | INFO | {'\\Cookie\\local_cookie.json': {'Body': {'time_check_updates': '17:22 22.08.26', 'value_Check': False}}, '\\question.json': {'Body': [{'Qst': {'question_name': 'Кто такой Патрин?', 'answer': ['Бугалтер', 'Директор'], 'right_answer': ['Преподаватель'], 'id': 1}}]}, '\\static\\GetClientData\\UploadInServerClientCookie\\ClientCookieData\\question.json': {'client_flag': True, 'Body': [{'Qst': {'question_name': 'Кто такой Патрин?', 'answer': ['Бухгалтер ', 'Директор'], 'right_answer': ['Преподаватель'], 'id': 1}}]}, '\\Settings\\SettingsPage\\settings_page.json': {'Body': [{'name': 'version', 'value': 2.1}, {'name': 'url for update', 'value': 'https://github.com/RustFarmer/Test/blob/main/update_url_file.json'}]}, '\\Settings\\UpdateProgram\\UpdateData\\update_url_file.json': {'Body': {'rarFile': 'https://github.com/RustFarmer/Rust-helper/raw/refs/heads/main/v5.1.rar'}}, '\\static\\GetClientData\\UploadInServerClientCookie\\ClientCookieData\\settings.json': {'client_flag': True, 'Body': []}, '\\PassCutOff\\settings.json': {'Body': []}, '\\ImageResultScreen\\imageSettings.json': {'Body': []}, '\\ListBlancQuestion\\listBlancQuestion.json': {'Body': []}}
2026-08-29 at 21:23:13 | INFO | T:\Н папка\програмирование\python\project\pythonProject1\programForTecher\admin\Cookie\local_cookie.json
2026-08-29 at 21:23:13 | INFO | \Cookie\local_cookie.json
2026-08-29 at 21:23:13 | INFO | {'Body': {'time_check_updates': '17:22 22.08.26', 'value_Check': False}}
2026-08-29 at 21:23:13 | INFO | T:\Н папка\програмирование\python\project\pythonProject1\programForTecher\admin\question.json
2026-08-29 at 21:23:13 | INFO | \question.json
2026-08-29 at 21:23:13 | INFO | {'Body': [{'Qst': {'question_name': 'Кто такой Патрин?', 'answer': ['Бугалтер', 'Директор'], 'right_answer': ['Преподаватель'], 'id': 1}}]}
2026-08-29 at 21:23:13 | INFO | T:\Н папка\програмирование\python\project\pythonProject1\programForTecher\admin\static\GetClientData\UploadInServerClientCookie\ClientCookieData\question.json
2026-08-29 at 21:23:13 | INFO | T:\Н папка\програмирование\python\project\pythonProject1\programForTecher\client\static\GetClientData\UploadInServerClientCookie\ClientCookieData\question.json
2026-08-29 at 21:23:13 | INFO | \static\GetClientData\UploadInServerClientCookie\ClientCookieData\question.json
2026-08-29 at 21:23:13 | INFO | {'client_flag': True, 'Body': [{'Qst': {'question_name': 'Кто такой Патрин?', 'answer': ['Бухгалтер ', 'Директор'], 'right_answer': ['Преподаватель'], 'id': 1}}]}
2026-08-29 at 21:23:13 | INFO | T:\Н папка\програмирование\python\project\pythonProject1\programForTecher\admin\Settings\SettingsPage\settings_page.json
2026-08-29 at 21:23:13 | INFO | \Settings\SettingsPage\settings_page.json
2026-08-29 at 21:23:13 | INFO | {'Body': [{'name': 'version', 'value': 2.1}, {'name': 'url for update', 'value': 'https://github.com/RustFarmer/Test/blob/main/update_url_file.json'}]}
2026-08-29 at 21:23:13 | INFO | T:\Н папка\програмирование\python\project\pythonProject1\programForTecher\admin\Settings\UpdateProgram\UpdateData\update_url_file.json
2026-08-29 at 21:23:13 | INFO | \Settings\UpdateProgram\UpdateData\update_url_file.json
2026-08-29 at 21:23:13 | INFO | {'Body': {'rarFile': 'https://github.com/RustFarmer/Rust-helper/raw/refs/heads/main/v5.1.rar'}}
2026-08-29 at 21:23:13 | INFO | T:\Н папка\програмирование\python\project\pythonProject1\programForTecher\admin\static\GetClientData\UploadInServerClientCookie\ClientCookieData\settings.json
2026-08-29 at 21:23:13 | INFO | T:\Н папка\програмирование\python\project\pythonProject1\programForTecher\client\static\GetClientData\UploadInServerClientCookie\ClientCookieData\settings.json
2026-08-29 at 21:23:13 | INFO | \static\GetClientData\UploadInServerClientCookie\ClientCookieData\settings.json
2026-08-29 at 21:23:13 | INFO | {'client_flag': True, 'Body': []}
2026-08-29 at 21:23:13 | INFO | T:\Н папка\програмирование\python\project\pythonProject1\programForTecher\admin\PassCutOff\settings.json
2026-08-29 at 21:23:13 | INFO | \PassCutOff\settings.json
2026-08-29 at 21:23:13 | INFO | {'Body': []}
2026-08-29 at 21:23:13 | INFO | T:\Н папка\програмирование\python\project\pythonProject1\programForTecher\admin\ImageResultScreen\imageSettings.json
2026-08-29 at 21:23:13 | INFO | \ImageResultScreen\imageSettings.json
2026-08-29 at 21:23:13 | INFO | {'Body': []}
2026-08-29 at 21:23:13 | INFO | T:\Н папка\програмирование\python\project\pythonProject1\programForTecher\admin\ListBlancQuestion\listBlancQuestion.json
2026-08-29 at 21:23:13 | INFO | \ListBlancQuestion\listBlancQuestion.json
2026-08-29 at 21:23:13 | INFO | {'Body': []}
2026-08-29 at 21:41:23 | INFO | T:\Н папка\програмирование\python\project\pythonProject1\programForTecher\admin\Log\appFileLog.log
2026-08-29 at 21:41:23 | INFO | T:\Н папка\програмирование\python\project\pythonProject1\programForTecher\admin
2026-08-29 at 21:41:23 | INFO | T:\Н папка\програмирование\python\project\pythonProject1\programForTecher\client
2026-08-29 at 21:41:23 | INFO | {'\\Cookie\\local_cookie.json': {'Body': {'time_check_updates': '17:22 22.08.26', 'value_Check': False}}, '\\question.json': {'Body': [{'Qst': {'question_name': 'Кто такой Патрин?', 'answer': ['Бугалтер', 'Директор'], 'right_answer': ['Преподаватель'], 'id': 1}}]}, '\\static\\GetClientData\\UploadInServerClientCookie\\ClientCookieData\\question.json': {'client_flag': True, 'Body': [{'Qst': {'question_name': 'Кто такой Патрин?', 'answer': ['Бухгалтер ', 'Директор'], 'right_answer': ['Преподаватель'], 'id': 1}}]}, '\\Settings\\SettingsPage\\settings_page.json': {'Body': [{'name': 'version', 'value': 2.1}, {'name': 'url for update', 'value': 'https://github.com/RustFarmer/Test/blob/main/update_url_file.json'}]}, '\\Settings\\UpdateProgram\\UpdateData\\update_url_file.json': {'Body': {'rarFile': 'https://github.com/RustFarmer/Rust-helper/raw/refs/heads/main/v5.1.rar'}}, '\\static\\GetClientData\\UploadInServerClientCookie\\ClientCookieData\\settings.json': {'client_flag': True, 'Body': []}, '\\PassCutOff\\settings.json': {'Body': []}, '\\ImageResultScreen\\imageSettings.json': {'Body': []}, '\\ListBlancQuestion\\listBlancQuestion.json': {'Body': []}}
2026-08-29 at 21:41:23 | INFO | <class 'pathlib.WindowsPath'>
2026-08-29 at 21:41:23 | INFO | T:\Н папка\програмирование\python\project\pythonProject1\programForTecher\admin
2026-08-29 at 21:41:23 | INFO | {'\\Cookie\\local_cookie.json': {'Body': {'time_check_updates': '17:22 22.08.26', 'value_Check': False}}, '\\question.json': {'Body': [{'Qst': {'question_name': 'Кто такой Патрин?', 'answer': ['Бугалтер', 'Директор'], 'right_answer': ['Преподаватель'], 'id': 1}}]}, '\\static\\GetClientData\\UploadInServerClientCookie\\ClientCookieData\\question.json': {'client_flag': True, 'Body': [{'Qst': {'question_name': 'Кто такой Патрин?', 'answer': ['Бухгалтер ', 'Директор'], 'right_answer': ['Преподаватель'], 'id': 1}}]}, '\\Settings\\SettingsPage\\settings_page.json': {'Body': [{'name': 'version', 'value': 2.1}, {'name': 'url for update', 'value': 'https://github.com/RustFarmer/Test/blob/main/update_url_file.json'}]}, '\\Settings\\UpdateProgram\\UpdateData\\update_url_file.json': {'Body': {'rarFile': 'https://github.com/RustFarmer/Rust-helper/raw/refs/heads/main/v5.1.rar'}}, '\\static\\GetClientData\\UploadInServerClientCookie\\ClientCookieData\\settings.json': {'client_flag': True, 'Body': []}, '\\PassCutOff\\settings.json': {'Body': []}, '\\ImageResultScreen\\imageSettings.json': {'Body': []}, '\\ListBlancQuestion\\listBlancQuestion.json': {'Body': []}}
2026-08-29 at 21:41:23 | INFO | {'\\Cookie\\local_cookie.json': {'Body': {'time_check_updates': '17:22 22.08.26', 'value_Check': False}}, '\\question.json': {'Body': [{'Qst': {'question_name': 'Кто такой Патрин?', 'answer': ['Бугалтер', 'Директор'], 'right_answer': ['Преподаватель'], 'id': 1}}]}, '\\static\\GetClientData\\UploadInServerClientCookie\\ClientCookieData\\question.json': {'client_flag': True, 'Body': [{'Qst': {'question_name': 'Кто такой Патрин?', 'answer': ['Бухгалтер ', 'Директор'], 'right_answer': ['Преподаватель'], 'id': 1}}]}, '\\Settings\\SettingsPage\\settings_page.json': {'Body': [{'name': 'version', 'value': 2.1}, {'name': 'url for update', 'value': 'https://github.com/RustFarmer/Test/blob/main/update_url_file.json'}]}, '\\Settings\\UpdateProgram\\UpdateData\\update_url_file.json': {'Body': {'rarFile': 'https://github.com/RustFarmer/Rust-helper/raw/refs/heads/main/v5.1.rar'}}, '\\static\\GetClientData\\UploadInServerClientCookie\\ClientCookieData\\settings.json': {'client_flag': True, 'Body': []}, '\\PassCutOff\\settings.json': {'Body': []}, '\\ImageResultScreen\\imageSettings.json': {'Body': []}, '\\ListBlancQuestion\\listBlancQuestion.json': {'Body': []}}
2026-08-29 at 21:41:23 | INFO | T:\Н папка\програмирование\python\project\pythonProject1\programForTecher\admin\Cookie\local_cookie.json
2026-08-29 at 21:41:23 | INFO | \Cookie\local_cookie.json
2026-08-29 at 21:41:23 | INFO | {'Body': {'time_check_updates': '17:22 22.08.26', 'value_Check': False}}
2026-08-29 at 21:41:23 | INFO | T:\Н папка\програмирование\python\project\pythonProject1\programForTecher\admin\question.json
2026-08-29 at 21:41:23 | INFO | \question.json
2026-08-29 at 21:41:23 | INFO | {'Body': [{'Qst': {'question_name': 'Кто такой Патрин?', 'answer': ['Бугалтер', 'Директор'], 'right_answer': ['Преподаватель'], 'id': 1}}]}
2026-08-29 at 21:41:23 | INFO | T:\Н папка\програмирование\python\project\pythonProject1\programForTecher\admin\static\GetClientData\UploadInServerClientCookie\ClientCookieData\question.json
2026-08-29 at 21:41:23 | INFO | T:\Н папка\програмирование\python\project\pythonProject1\programForTecher\client\static\GetClientData\UploadInServerClientCookie\ClientCookieData\question.json
2026-08-29 at 21:41:23 | INFO | \static\GetClientData\UploadInServerClientCookie\ClientCookieData\question.json
2026-08-29 at 21:41:23 | INFO | {'client_flag': True, 'Body': [{'Qst': {'question_name': 'Кто такой Патрин?', 'answer': ['Бухгалтер ', 'Директор'], 'right_answer': ['Преподаватель'], 'id': 1}}]}
2026-08-29 at 21:41:23 | INFO | T:\Н папка\програмирование\python\project\pythonProject1\programForTecher\admin\Settings\SettingsPage\settings_page.json
2026-08-29 at 21:41:23 | INFO | \Settings\SettingsPage\settings_page.json
2026-08-29 at 21:41:23 | INFO | {'Body': [{'name': 'version', 'value': 2.1}, {'name': 'url for update', 'value': 'https://github.com/RustFarmer/Test/blob/main/update_url_file.json'}]}
2026-08-29 at 21:41:23 | INFO | T:\Н папка\програмирование\python\project\pythonProject1\programForTecher\admin\Settings\UpdateProgram\UpdateData\update_url_file.json
2026-08-29 at 21:41:23 | INFO | \Settings\UpdateProgram\UpdateData\update_url_file.json
2026-08-29 at 21:41:23 | INFO | {'Body': {'rarFile': 'https://github.com/RustFarmer/Rust-helper/raw/refs/heads/main/v5.1.rar'}}
2026-08-29 at 21:41:23 | INFO | T:\Н папка\програмирование\python\project\pythonProject1\programForTecher\admin\static\GetClientData\UploadInServerClientCookie\ClientCookieData\settings.json
2026-08-29 at 21:41:23 | INFO | T:\Н папка\програмирование\python\project\pythonProject1\programForTecher\client\static\GetClientData\UploadInServerClientCookie\ClientCookieData\settings.json
2026-08-29 at 21:41:23 | INFO | \static\GetClientData\UploadInServerClientCookie\ClientCookieData\settings.json
2026-08-29 at 21:41:23 | INFO | {'client_flag': True, 'Body': []}
2026-08-29 at 21:41:23 | INFO | T:\Н папка\програмирование\python\project\pythonProject1\programForTecher\admin\PassCutOff\settings.json
2026-08-29 at 21:41:23 | INFO | \PassCutOff\settings.json
2026-08-29 at 21:41:23 | INFO | {'Body': []}
2026-08-29 at 21:41:23 | INFO | T:\Н папка\програмирование\python\project\pythonProject1\programForTecher\admin\ImageResultScreen\imageSettings.json
2026-08-29 at 21:41:23 | INFO | \ImageResultScreen\imageSettings.json
2026-08-29 at 21:41:23 | INFO | {'Body': []}
2026-08-29 at 21:41:23 | INFO | T:\Н папка\програмирование\python\project\pythonProject1\programForTecher\admin\ListBlancQuestion\listBlancQuestion.json
2026-08-29 at 21:41:23 | INFO | \ListBlancQuestion\listBlancQuestion.json
2026-08-29 at 21:41:23 | INFO | {'Body': []}
2026-08-29 at 21:47:13 | INFO | T:\Н папка\програмирование\python\project\pythonProject1\programForTecher\admin\Log\appFileLog.log
2026-08-29 at 21:47:13 | INFO | T:\Н папка\програмирование\python\project\pythonProject1\programForTecher\admin
2026-08-29 at 21:47:13 | INFO | T:\Н папка\програмирование\python\project\pythonProject1\programForTecher\client
2026-08-29 at 21:47:13 | INFO | {'\\Cookie\\local_cookie.json': {'Body': {'time_check_updates': '17:22 22.08.26', 'value_Check': False}}, '\\question.json': {'Body': [{'Qst': {'question_name': 'Кто такой Патрин?', 'answer': ['Бугалтер', 'Директор'], 'right_answer': ['Преподаватель'], 'id': 1}}]}, '\\static\\GetClientData\\UploadInServerClientCookie\\ClientCookieData\\question.json': {'client_flag': True, 'Body': [{'Qst': {'question_name': 'Кто такой Патрин?', 'answer': ['Бухгалтер ', 'Директор'], 'right_answer': ['Преподаватель'], 'id': 1}}]}, '\\Settings\\SettingsPage\\settings_page.json': {'Body': [{'name': 'version', 'value': 2.1}, {'name': 'url for update', 'value': 'https://github.com/RustFarmer/Test/blob/main/update_url_file.json'}]}, '\\Settings\\UpdateProgram\\UpdateData\\update_url_file.json': {'Body': {'rarFile': 'https://github.com/RustFarmer/Rust-helper/raw/refs/heads/main/v5.1.rar'}}, '\\static\\GetClientData\\UploadInServerClientCookie\\ClientCookieData\\settings.json': {'client_flag': True, 'Body': []}, '\\PassCutOff\\settings.json': {'Body': []}, '\\ImageResultScreen\\imageSettings.json': {'Body': []}, '\\ListBlancQuestion\\listBlancQuestion.json': {'Body': []}}
2026-08-29 at 21:47:13 | INFO | <class 'pathlib.WindowsPath'>
2026-08-29 at 21:47:13 | INFO | T:\Н папка\програмирование\python\project\pythonProject1\programForTecher\admin
2026-08-29 at 21:47:13 | INFO | {'\\Cookie\\local_cookie.json': {'Body': {'time_check_updates': '17:22 22.08.26', 'value_Check': False}}, '\\question.json': {'Body': [{'Qst': {'question_name': 'Кто такой Патрин?', 'answer': ['Бугалтер', 'Директор'], 'right_answer': ['Преподаватель'], 'id': 1}}]}, '\\static\\GetClientData\\UploadInServerClientCookie\\ClientCookieData\\question.json': {'client_flag': True, 'Body': [{'Qst': {'question_name': 'Кто такой Патрин?', 'answer': ['Бухгалтер ', 'Директор'], 'right_answer': ['Преподаватель'], 'id': 1}}]}, '\\Settings\\SettingsPage\\settings_page.json': {'Body': [{'name': 'version', 'value': 2.1}, {'name': 'url for update', 'value': 'https://github.com/RustFarmer/Test/blob/main/update_url_file.json'}]}, '\\Settings\\UpdateProgram\\UpdateData\\update_url_file.json': {'Body': {'rarFile': 'https://github.com/RustFarmer/Rust-helper/raw/refs/heads/main/v5.1.rar'}}, '\\static\\GetClientData\\UploadInServerClientCookie\\ClientCookieData\\settings.json': {'client_flag': True, 'Body': []}, '\\PassCutOff\\settings.json': {'Body': []}, '\\ImageResultScreen\\imageSettings.json': {'Body': []}, '\\ListBlancQuestion\\listBlancQuestion.json': {'Body': []}}
2026-08-29 at 21:47:13 | INFO | {'\\Cookie\\local_cookie.json': {'Body': {'time_check_updates': '17:22 22.08.26', 'value_Check': False}}, '\\question.json': {'Body': [{'Qst': {'question_name': 'Кто такой Патрин?', 'answer': ['Бугалтер', 'Директор'], 'right_answer': ['Преподаватель'], 'id': 1}}]}, '\\static\\GetClientData\\UploadInServerClientCookie\\ClientCookieData\\question.json': {'client_flag': True, 'Body': [{'Qst': {'question_name': 'Кто такой Патрин?', 'answer': ['Бухгалтер ', 'Директор'], 'right_answer': ['Преподаватель'], 'id': 1}}]}, '\\Settings\\SettingsPage\\settings_page.json': {'Body': [{'name': 'version', 'value': 2.1}, {'name': 'url for update', 'value': 'https://github.com/RustFarmer/Test/blob/main/update_url_file.json'}]}, '\\Settings\\UpdateProgram\\UpdateData\\update_url_file.json': {'Body': {'rarFile': 'https://github.com/RustFarmer/Rust-helper/raw/refs/heads/main/v5.1.rar'}}, '\\static\\GetClientData\\UploadInServerClientCookie\\ClientCookieData\\settings.json': {'client_flag': True, 'Body': []}, '\\PassCutOff\\settings.json': {'Body': []}, '\\ImageResultScreen\\imageSettings.json': {'Body': []}, '\\ListBlancQuestion\\listBlancQuestion.json': {'Body': []}}
2026-08-29 at 21:47:13 | INFO | T:\Н папка\програмирование\python\project\pythonProject1\programForTecher\admin\Cookie\local_cookie.json
2026-08-29 at 21:47:13 | INFO | \Cookie\local_cookie.json
2026-08-29 at 21:47:13 | INFO | {'Body': {'time_check_updates': '17:22 22.08.26', 'value_Check': False}}
2026-08-29 at 21:47:13 | INFO | T:\Н папка\програмирование\python\project\pythonProject1\programForTecher\admin\question.json
2026-08-29 at 21:47:13 | INFO | \question.json
2026-08-29 at 21:47:13 | INFO | {'Body': [{'Qst': {'question_name': 'Кто такой Патрин?', 'answer': ['Бугалтер', 'Директор'], 'right_answer': ['Преподаватель'], 'id': 1}}]}
2026-08-29 at 21:47:13 | INFO | T:\Н папка\програмирование\python\project\pythonProject1\programForTecher\admin\static\GetClientData\UploadInServerClientCookie\ClientCookieData\question.json
2026-08-29 at 21:47:13 | INFO | T:\Н папка\програмирование\python\project\pythonProject1\programForTecher\client\static\GetClientData\UploadInServerClientCookie\ClientCookieData\question.json
2026-08-29 at 21:47:13 | INFO | \static\GetClientData\UploadInServerClientCookie\ClientCookieData\question.json
2026-08-29 at 21:47:13 | INFO | {'client_flag': True, 'Body': [{'Qst': {'question_name': 'Кто такой Патрин?', 'answer': ['Бухгалтер ', 'Директор'], 'right_answer': ['Преподаватель'], 'id': 1}}]}
2026-08-29 at 21:47:13 | INFO | T:\Н папка\програмирование\python\project\pythonProject1\programForTecher\admin\Settings\SettingsPage\settings_page.json
2026-08-29 at 21:47:13 | INFO | \Settings\SettingsPage\settings_page.json
2026-08-29 at 21:47:13 | INFO | {'Body': [{'name': 'version', 'value': 2.1}, {'name': 'url for update', 'value': 'https://github.com/RustFarmer/Test/blob/main/update_url_file.json'}]}
2026-08-29 at 21:47:13 | INFO | T:\Н папка\програмирование\python\project\pythonProject1\programForTecher\admin\Settings\UpdateProgram\UpdateData\update_url_file.json
2026-08-29 at 21:47:13 | INFO | \Settings\UpdateProgram\UpdateData\update_url_file.json
2026-08-29 at 21:47:13 | INFO | {'Body': {'rarFile': 'https://github.com/RustFarmer/Rust-helper/raw/refs/heads/main/v5.1.rar'}}
2026-08-29 at 21:47:13 | INFO | T:\Н папка\програмирование\python\project\pythonProject1\programForTecher\admin\static\GetClientData\UploadInServerClientCookie\ClientCookieData\settings.json
2026-08-29 at 21:47:13 | INFO | T:\Н папка\програмирование\python\project\pythonProject1\programForTecher\client\static\GetClientData\UploadInServerClientCookie\ClientCookieData\settings.json
2026-08-29 at 21:47:13 | INFO | \static\GetClientData\UploadInServerClientCookie\ClientCookieData\settings.json
2026-08-29 at 21:47:13 | INFO | {'client_flag': True, 'Body': []}
2026-08-29 at 21:47:13 | INFO | T:\Н папка\програмирование\python\project\pythonProject1\programForTecher\admin\PassCutOff\settings.json
2026-08-29 at 21:47:13 | INFO | \PassCutOff\settings.json
2026-08-29 at 21:47:13 | INFO | {'Body': []}
2026-08-29 at 21:47:13 | INFO | T:\Н папка\програмирование\python\project\pythonProject1\programForTecher\admin\ImageResultScreen\imageSettings.json
2026-08-29 at 21:47:13 | INFO | \ImageResultScreen\imageSettings.json
2026-08-29 at 21:47:13 | INFO | {'Body': []}
2026-08-29 at 21:47:13 | INFO | T:\Н папка\програмирование\python\project\pythonProject1\programForTecher\admin\ListBlancQuestion\listBlancQuestion.json
2026-08-29 at 21:47:13 | INFO | \ListBlancQuestion\listBlancQuestion.json
2026-08-29 at 21:47:13 | INFO | {'Body': []}
2026-08-29 at 21:51:44 | INFO | Time to re-check for updates.
2026-08-29 at 21:51:46 | INFO | <Response [200]>
2026-08-29 at 21:51:46 | INFO | https://raw.githubusercontent.com/RustFarmer/Test/main/settingsProgram.json
2026-08-29 at 21:51:46 | INFO | T:\Н папка\програмирование\python\project\pythonProject1\programForTecher\admin\Settings\UpdateProgram\UpdateData\settingsProgram.json
2026-08-29 at 21:51:46 | INFO | 2.2
2026-08-29 at 21:51:46 | INFO | <Response [200]>
2026-08-29 at 21:51:46 | INFO | 2.1
2026-08-29 at 21:51:46 | INFO | 2.2
2026-08-29 at 21:51:46 | INFO | True
2026-08-29 at 21:51:46 | INFO | Session saved: {'time_check_updates': '21:51 29.08.26', 'value_Check': True}
2026-08-29 at 21:51:48 | INFO | https://raw.githubusercontent.com/RustFarmer/Test/main/update_url_file.json
2026-08-29 at 21:51:48 | INFO | {'rarFile': 'https://disk.yandex.ru/d/lQZ7yrzul_fpjg'}
2026-08-29 at 21:51:48 | INFO | {'rarFile': 'https://disk.yandex.ru/d/lQZ7yrzul_fpjg'}
2026-08-29 at 21:51:48 | INFO | True
2026-08-29 at 21:51:48 | INFO | https://disk.yandex.ru/d/lQZ7yrzul_fpjg
2026-08-29 at 21:51:48 | INFO | [{'Qst': {'question_name': 'Кто такой Патрин?', 'answer': ['Бугалтер', 'Директор'], 'right_answer': ['Преподаватель'], 'id': 1}}]
2026-08-29 at 22:03:09 | INFO | T:\Н папка\програмирование\python\project\pythonProject1\programForTecher\admin\Log\appFileLog.log
2026-08-29 at 22:03:09 | INFO | T:\Н папка\програмирование\python\project\pythonProject1\programForTecher\admin
2026-08-29 at 22:03:09 | INFO | T:\Н папка\програмирование\python\project\pythonProject1\programForTecher\client
2026-08-29 at 22:03:09 | INFO | {'\\Cookie\\local_cookie.json': {'Body': {'time_check_updates': '17:22 22.08.26', 'value_Check': False}}, '\\question.json': {'Body': [{'Qst': {'question_name': 'Кто такой Патрин?', 'answer': ['Бугалтер', 'Директор'], 'right_answer': ['Преподаватель'], 'id': 1}}]}, '\\static\\GetClientData\\UploadInServerClientCookie\\ClientCookieData\\question.json': {'client_flag': True, 'Body': [{'Qst': {'question_name': 'Кто такой Патрин?', 'answer': ['Бухгалтер ', 'Директор'], 'right_answer': ['Преподаватель'], 'id': 1}}]}, '\\Settings\\SettingsPage\\settings_page.json': {'Body': [{'name': 'version', 'value': 2.1}, {'name': 'url for update', 'value': 'https://github.com/RustFarmer/Test/blob/main/update_url_file.json'}]}, '\\Settings\\UpdateProgram\\UpdateData\\update_url_file.json': {'Body': {'rarFile': 'https://github.com/RustFarmer/Rust-helper/raw/refs/heads/main/v5.1.rar'}}, '\\static\\GetClientData\\UploadInServerClientCookie\\ClientCookieData\\settings.json': {'client_flag': True, 'Body': []}, '\\PassCutOff\\settings.json': {'Body': []}, '\\ImageResultScreen\\imageSettings.json': {'Body': []}, '\\ListBlancQuestion\\listBlancQuestion.json': {'Body': []}}
2026-08-29 at 22:03:09 | INFO | <class 'pathlib.WindowsPath'>
2026-08-29 at 22:03:09 | INFO | T:\Н папка\програмирование\python\project\pythonProject1\programForTecher\admin
2026-08-29 at 22:03:09 | INFO | {'\\Cookie\\local_cookie.json': {'Body': {'time_check_updates': '17:22 22.08.26', 'value_Check': False}}, '\\question.json': {'Body': [{'Qst': {'question_name': 'Кто такой Патрин?', 'answer': ['Бугалтер', 'Директор'], 'right_answer': ['Преподаватель'], 'id': 1}}]}, '\\static\\GetClientData\\UploadInServerClientCookie\\ClientCookieData\\question.json': {'client_flag': True, 'Body': [{'Qst': {'question_name': 'Кто такой Патрин?', 'answer': ['Бухгалтер ', 'Директор'], 'right_answer': ['Преподаватель'], 'id': 1}}]}, '\\Settings\\SettingsPage\\settings_page.json': {'Body': [{'name': 'version', 'value': 2.1}, {'name': 'url for update', 'value': 'https://github.com/RustFarmer/Test/blob/main/update_url_file.json'}]}, '\\Settings\\UpdateProgram\\UpdateData\\update_url_file.json': {'Body': {'rarFile': 'https://github.com/RustFarmer/Rust-helper/raw/refs/heads/main/v5.1.rar'}}, '\\static\\GetClientData\\UploadInServerClientCookie\\ClientCookieData\\settings.json': {'client_flag': True, 'Body': []}, '\\PassCutOff\\settings.json': {'Body': []}, '\\ImageResultScreen\\imageSettings.json': {'Body': []}, '\\ListBlancQuestion\\listBlancQuestion.json': {'Body': []}}
2026-08-29 at 22:03:09 | INFO | {'\\Cookie\\local_cookie.json': {'Body': {'time_check_updates': '17:22 22.08.26', 'value_Check': False}}, '\\question.json': {'Body': [{'Qst': {'question_name': 'Кто такой Патрин?', 'answer': ['Бугалтер', 'Директор'], 'right_answer': ['Преподаватель'], 'id': 1}}]}, '\\static\\GetClientData\\UploadInServerClientCookie\\ClientCookieData\\question.json': {'client_flag': True, 'Body': [{'Qst': {'question_name': 'Кто такой Патрин?', 'answer': ['Бухгалтер ', 'Директор'], 'right_answer': ['Преподаватель'], 'id': 1}}]}, '\\Settings\\SettingsPage\\settings_page.json': {'Body': [{'name': 'version', 'value': 2.1}, {'name': 'url for update', 'value': 'https://github.com/RustFarmer/Test/blob/main/update_url_file.json'}]}, '\\Settings\\UpdateProgram\\UpdateData\\update_url_file.json': {'Body': {'rarFile': 'https://github.com/RustFarmer/Rust-helper/raw/refs/heads/main/v5.1.rar'}}, '\\static\\GetClientData\\UploadInServerClientCookie\\ClientCookieData\\settings.json': {'client_flag': True, 'Body': []}, '\\PassCutOff\\settings.json': {'Body': []}, '\\ImageResultScreen\\imageSettings.json': {'Body': []}, '\\ListBlancQuestion\\listBlancQuestion.json': {'Body': []}}
2026-08-29 at 22:03:09 | INFO | T:\Н папка\програмирование\python\project\pythonProject1\programForTecher\admin\Cookie\local_cookie.json
2026-08-29 at 22:03:09 | INFO | \Cookie\local_cookie.json
2026-08-29 at 22:03:09 | INFO | {'Body': {'time_check_updates': '17:22 22.08.26', 'value_Check': False}}
2026-08-29 at 22:03:09 | INFO | T:\Н папка\програмирование\python\project\pythonProject1\programForTecher\admin\question.json
2026-08-29 at 22:03:09 | INFO | \question.json
2026-08-29 at 22:03:09 | INFO | {'Body': [{'Qst': {'question_name': 'Кто такой Патрин?', 'answer': ['Бугалтер', 'Директор'], 'right_answer': ['Преподаватель'], 'id': 1}}]}
2026-08-29 at 22:03:09 | INFO | T:\Н папка\програмирование\python\project\pythonProject1\programForTecher\admin\static\GetClientData\UploadInServerClientCookie\ClientCookieData\question.json
2026-08-29 at 22:03:09 | INFO | T:\Н папка\програмирование\python\project\pythonProject1\programForTecher\client\static\GetClientData\UploadInServerClientCookie\ClientCookieData\question.json
2026-08-29 at 22:03:09 | INFO | \static\GetClientData\UploadInServerClientCookie\ClientCookieData\question.json
2026-08-29 at 22:03:09 | INFO | {'client_flag': True, 'Body': [{'Qst': {'question_name': 'Кто такой Патрин?', 'answer': ['Бухгалтер ', 'Директор'], 'right_answer': ['Преподаватель'], 'id': 1}}]}
2026-08-29 at 22:03:09 | INFO | T:\Н папка\програмирование\python\project\pythonProject1\programForTecher\admin\Settings\SettingsPage\settings_page.json
2026-08-29 at 22:03:09 | INFO | \Settings\SettingsPage\settings_page.json
2026-08-29 at 22:03:09 | INFO | {'Body': [{'name': 'version', 'value': 2.1}, {'name': 'url for update', 'value': 'https://github.com/RustFarmer/Test/blob/main/update_url_file.json'}]}
2026-08-29 at 22:03:09 | INFO | T:\Н папка\програмирование\python\project\pythonProject1\programForTecher\admin\Settings\UpdateProgram\UpdateData\update_url_file.json
2026-08-29 at 22:03:09 | INFO | \Settings\UpdateProgram\UpdateData\update_url_file.json
2026-08-29 at 22:03:09 | INFO | {'Body': {'rarFile': 'https://github.com/RustFarmer/Rust-helper/raw/refs/heads/main/v5.1.rar'}}
2026-08-29 at 22:03:09 | INFO | T:\Н папка\програмирование\python\project\pythonProject1\programForTecher\admin\static\GetClientData\UploadInServerClientCookie\ClientCookieData\settings.json
2026-08-29 at 22:03:09 | INFO | T:\Н папка\програмирование\python\project\pythonProject1\programForTecher\client\static\GetClientData\UploadInServerClientCookie\ClientCookieData\settings.json
2026-08-29 at 22:03:09 | INFO | \static\GetClientData\UploadInServerClientCookie\ClientCookieData\settings.json
2026-08-29 at 22:03:09 | INFO | {'client_flag': True, 'Body': []}
2026-08-29 at 22:03:09 | INFO | T:\Н папка\програмирование\python\project\pythonProject1\programForTecher\admin\PassCutOff\settings.json
2026-08-29 at 22:03:09 | INFO | \PassCutOff\settings.json
2026-08-29 at 22:03:09 | INFO | {'Body': []}
2026-08-29 at 22:03:09 | INFO | T:\Н папка\програмирование\python\project\pythonProject1\programForTecher\admin\ImageResultScreen\imageSettings.json
2026-08-29 at 22:03:09 | INFO | \ImageResultScreen\imageSettings.json
2026-08-29 at 22:03:09 | INFO | {'Body': []}
2026-08-29 at 22:03:09 | INFO | T:\Н папка\програмирование\python\project\pythonProject1\programForTecher\admin\ListBlancQuestion\listBlancQuestion.json
2026-08-29 at 22:03:09 | INFO | \ListBlancQuestion\listBlancQuestion.json
2026-08-29 at 22:03:09 | INFO | {'Body': []}
2026-08-29 at 22:03:09 | INFO | T:\Н папка\програмирование\python\project\pythonProject1\programForTecher\admin\Log\appFileLog.log
2026-08-29 at 22:03:09 | INFO | T:\Н папка\програмирование\python\project\pythonProject1\programForTecher\admin
2026-08-29 at 22:03:09 | INFO | T:\Н папка\програмирование\python\project\pythonProject1\programForTecher\client
2026-08-29 at 22:03:09 | INFO | {'\\Cookie\\local_cookie.json': {'Body': {'time_check_updates': '17:22 22.08.26', 'value_Check': False}}, '\\question.json': {'Body': [{'Qst': {'question_name': 'Кто такой Патрин?', 'answer': ['Бугалтер', 'Директор'], 'right_answer': ['Преподаватель'], 'id': 1}}]}, '\\static\\GetClientData\\UploadInServerClientCookie\\ClientCookieData\\question.json': {'client_flag': True, 'Body': [{'Qst': {'question_name': 'Кто такой Патрин?', 'answer': ['Бухгалтер ', 'Директор'], 'right_answer': ['Преподаватель'], 'id': 1}}]}, '\\Settings\\SettingsPage\\settings_page.json': {'Body': [{'name': 'version', 'value': 2.1}, {'name': 'url for update', 'value': 'https://github.com/RustFarmer/Test/blob/main/update_url_file.json'}]}, '\\Settings\\UpdateProgram\\UpdateData\\update_url_file.json': {'Body': {'rarFile': 'https://github.com/RustFarmer/Rust-helper/raw/refs/heads/main/v5.1.rar'}}, '\\static\\GetClientData\\UploadInServerClientCookie\\ClientCookieData\\settings.json': {'client_flag': True, 'Body': []}, '\\PassCutOff\\settings.json': {'Body': []}, '\\ImageResultScreen\\imageSettings.json': {'Body': []}, '\\ListBlancQuestion\\listBlancQuestion.json': {'Body': []}}
2026-08-29 at 22:03:09 | INFO | <class 'pathlib.WindowsPath'>
2026-08-29 at 22:03:09 | INFO | T:\Н папка\програмирование\python\project\pythonProject1\programForTecher\admin
2026-08-29 at 22:03:09 | INFO | {'\\Cookie\\local_cookie.json': {'Body': {'time_check_updates': '17:22 22.08.26', 'value_Check': False}}, '\\question.json': {'Body': [{'Qst': {'question_name': 'Кто такой Патрин?', 'answer': ['Бугалтер', 'Директор'], 'right_answer': ['Преподаватель'], 'id': 1}}]}, '\\static\\GetClientData\\UploadInServerClientCookie\\ClientCookieData\\question.json': {'client_flag': True, 'Body': [{'Qst': {'question_name': 'Кто такой Патрин?', 'answer': ['Бухгалтер ', 'Директор'], 'right_answer': ['Преподаватель'], 'id': 1}}]}, '\\Settings\\SettingsPage\\settings_page.json': {'Body': [{'name': 'version', 'value': 2.1}, {'name': 'url for update', 'value': 'https://github.com/RustFarmer/Test/blob/main/update_url_file.json'}]}, '\\Settings\\UpdateProgram\\UpdateData\\update_url_file.json': {'Body': {'rarFile': 'https://github.com/RustFarmer/Rust-helper/raw/refs/heads/main/v5.1.rar'}}, '\\static\\GetClientData\\UploadInServerClientCookie\\ClientCookieData\\settings.json': {'client_flag': True, 'Body': []}, '\\PassCutOff\\settings.json': {'Body': []}, '\\ImageResultScreen\\imageSettings.json': {'Body': []}, '\\ListBlancQuestion\\listBlancQuestion.json': {'Body': []}}
2026-08-29 at 22:03:09 | INFO | {'\\Cookie\\local_cookie.json': {'Body': {'time_check_updates': '17:22 22.08.26', 'value_Check': False}}, '\\question.json': {'Body': [{'Qst': {'question_name': 'Кто такой Патрин?', 'answer': ['Бугалтер', 'Директор'], 'right_answer': ['Преподаватель'], 'id': 1}}]}, '\\static\\GetClientData\\UploadInServerClientCookie\\ClientCookieData\\question.json': {'client_flag': True, 'Body': [{'Qst': {'question_name': 'Кто такой Патрин?', 'answer': ['Бухгалтер ', 'Директор'], 'right_answer': ['Преподаватель'], 'id': 1}}]}, '\\Settings\\SettingsPage\\settings_page.json': {'Body': [{'name': 'version', 'value': 2.1}, {'name': 'url for update', 'value': 'https://github.com/RustFarmer/Test/blob/main/update_url_file.json'}]}, '\\Settings\\UpdateProgram\\UpdateData\\update_url_file.json': {'Body': {'rarFile': 'https://github.com/RustFarmer/Rust-helper/raw/refs/heads/main/v5.1.rar'}}, '\\static\\GetClientData\\UploadInServerClientCookie\\ClientCookieData\\settings.json': {'client_flag': True, 'Body': []}, '\\PassCutOff\\settings.json': {'Body': []}, '\\ImageResultScreen\\imageSettings.json': {'Body': []}, '\\ListBlancQuestion\\listBlancQuestion.json': {'Body': []}}
2026-08-29 at 22:03:09 | INFO | T:\Н папка\програмирование\python\project\pythonProject1\programForTecher\admin\Cookie\local_cookie.json
2026-08-29 at 22:03:09 | INFO | \Cookie\local_cookie.json
2026-08-29 at 22:03:09 | INFO | {'Body': {'time_check_updates': '17:22 22.08.26', 'value_Check': False}}
2026-08-29 at 22:03:09 | INFO | T:\Н папка\програмирование\python\project\pythonProject1\programForTecher\admin\question.json
2026-08-29 at 22:03:09 | INFO | \question.json
2026-08-29 at 22:03:09 | INFO | {'Body': [{'Qst': {'question_name': 'Кто такой Патрин?', 'answer': ['Бугалтер', 'Директор'], 'right_answer': ['Преподаватель'], 'id': 1}}]}
2026-08-29 at 22:03:09 | INFO | T:\Н папка\програмирование\python\project\pythonProject1\programForTecher\admin\static\GetClientData\UploadInServerClientCookie\ClientCookieData\question.json
2026-08-29 at 22:03:09 | INFO | T:\Н папка\програмирование\python\project\pythonProject1\programForTecher\client\static\GetClientData\UploadInServerClientCookie\ClientCookieData\question.json
2026-08-29 at 22:03:09 | INFO | \static\GetClientData\UploadInServerClientCookie\ClientCookieData\question.json
2026-08-29 at 22:03:09 | INFO | {'client_flag': True, 'Body': [{'Qst': {'question_name': 'Кто такой Патрин?', 'answer': ['Бухгалтер ', 'Директор'], 'right_answer': ['Преподаватель'], 'id': 1}}]}
2026-08-29 at 22:03:09 | INFO | T:\Н папка\програмирование\python\project\pythonProject1\programForTecher\admin\Settings\SettingsPage\settings_page.json
2026-08-29 at 22:03:09 | INFO | \Settings\SettingsPage\settings_page.json
2026-08-29 at 22:03:09 | INFO | {'Body': [{'name': 'version', 'value': 2.1}, {'name': 'url for update', 'value': 'https://github.com/RustFarmer/Test/blob/main/update_url_file.json'}]}
2026-08-29 at 22:03:09 | INFO | T:\Н папка\програмирование\python\project\pythonProject1\programForTecher\admin\Settings\UpdateProgram\UpdateData\update_url_file.json
2026-08-29 at 22:03:09 | INFO | \Settings\UpdateProgram\UpdateData\update_url_file.json
2026-08-29 at 22:03:09 | INFO | {'Body': {'rarFile': 'https://github.com/RustFarmer/Rust-helper/raw/refs/heads/main/v5.1.rar'}}
2026-08-29 at 22:03:09 | INFO | T:\Н папка\програмирование\python\project\pythonProject1\programForTecher\admin\static\GetClientData\UploadInServerClientCookie\ClientCookieData\settings.json
2026-08-29 at 22:03:09 | INFO | T:\Н папка\програмирование\python\project\pythonProject1\programForTecher\client\static\GetClientData\UploadInServerClientCookie\ClientCookieData\settings.json
2026-08-29 at 22:03:09 | INFO | \static\GetClientData\UploadInServerClientCookie\ClientCookieData\settings.json
2026-08-29 at 22:03:09 | INFO | {'client_flag': True, 'Body': []}
2026-08-29 at 22:03:09 | INFO | T:\Н папка\програмирование\python\project\pythonProject1\programForTecher\admin\PassCutOff\settings.json
2026-08-29 at 22:03:09 | INFO | \PassCutOff\settings.json
2026-08-29 at 22:03:09 | INFO | {'Body': []}
2026-08-29 at 22:03:09 | INFO | T:\Н папка\програмирование\python\project\pythonProject1\programForTecher\admin\ImageResultScreen\imageSettings.json
2026-08-29 at 22:03:09 | INFO | \ImageResultScreen\imageSettings.json
2026-08-29 at 22:03:09 | INFO | {'Body': []}
2026-08-29 at 22:03:09 | INFO | T:\Н папка\програмирование\python\project\pythonProject1\programForTecher\admin\ListBlancQuestion\listBlancQuestion.json
2026-08-29 at 22:03:09 | INFO | \ListBlancQuestion\listBlancQuestion.json
2026-08-29 at 22:03:09 | INFO | {'Body': []}
2026-08-29 at 22:06:59 | INFO | T:\Н папка\програмирование\python\project\pythonProject1\programForTecher\admin\Log\appFileLog.log
2026-08-29 at 22:06:59 | INFO | T:\Н папка\програмирование\python\project\pythonProject1\programForTecher\admin
2026-08-29 at 22:06:59 | INFO | T:\Н папка\програмирование\python\project\pythonProject1\programForTecher\client
2026-08-29 at 22:06:59 | INFO | {'\\Cookie\\local_cookie.json': {'Body': {'time_check_updates': '17:22 22.08.26', 'value_Check': False}}, '\\question.json': {'Body': [{'Qst': {'question_name': 'Кто такой Патрин?', 'answer': ['Бугалтер', 'Директор'], 'right_answer': ['Преподаватель'], 'id': 1}}]}, '\\static\\GetClientData\\UploadInServerClientCookie\\ClientCookieData\\question.json': {'client_flag': True, 'Body': [{'Qst': {'question_name': 'Кто такой Патрин?', 'answer': ['Бухгалтер ', 'Директор'], 'right_answer': ['Преподаватель'], 'id': 1}}]}, '\\Settings\\SettingsPage\\settings_page.json': {'Body': [{'name': 'version', 'value': 2.1}, {'name': 'url for update', 'value': 'https://github.com/RustFarmer/Test/blob/main/update_url_file.json'}]}, '\\Settings\\UpdateProgram\\UpdateData\\update_url_file.json': {'Body': {'rarFile': 'https://github.com/RustFarmer/Rust-helper/raw/refs/heads/main/v5.1.rar'}}, '\\static\\GetClientData\\UploadInServerClientCookie\\ClientCookieData\\settings.json': {'client_flag': True, 'Body': []}, '\\PassCutOff\\settings.json': {'Body': []}, '\\ImageResultScreen\\imageSettings.json': {'Body': []}, '\\ListBlancQuestion\\listBlancQuestion.json': {'Body': []}}
2026-08-29 at 22:06:59 | INFO | <class 'pathlib.WindowsPath'>
2026-08-29 at 22:06:59 | INFO | T:\Н папка\програмирование\python\project\pythonProject1\programForTecher\admin
2026-08-29 at 22:06:59 | INFO | {'\\Cookie\\local_cookie.json': {'Body': {'time_check_updates': '17:22 22.08.26', 'value_Check': False}}, '\\question.json': {'Body': [{'Qst': {'question_name': 'Кто такой Патрин?', 'answer': ['Бугалтер', 'Директор'], 'right_answer': ['Преподаватель'], 'id': 1}}]}, '\\static\\GetClientData\\UploadInServerClientCookie\\ClientCookieData\\question.json': {'client_flag': True, 'Body': [{'Qst': {'question_name': 'Кто такой Патрин?', 'answer': ['Бухгалтер ', 'Директор'], 'right_answer': ['Преподаватель'], 'id': 1}}]}, '\\Settings\\SettingsPage\\settings_page.json': {'Body': [{'name': 'version', 'value': 2.1}, {'name': 'url for update', 'value': 'https://github.com/RustFarmer/Test/blob/main/update_url_file.json'}]}, '\\Settings\\UpdateProgram\\UpdateData\\update_url_file.json': {'Body': {'rarFile': 'https://github.com/RustFarmer/Rust-helper/raw/refs/heads/main/v5.1.rar'}}, '\\static\\GetClientData\\UploadInServerClientCookie\\ClientCookieData\\settings.json': {'client_flag': True, 'Body': []}, '\\PassCutOff\\settings.json': {'Body': []}, '\\ImageResultScreen\\imageSettings.json': {'Body': []}, '\\ListBlancQuestion\\listBlancQuestion.json': {'Body': []}}
2026-08-29 at 22:06:59 | INFO | {'\\Cookie\\local_cookie.json': {'Body': {'time_check_updates': '17:22 22.08.26', 'value_Check': False}}, '\\question.json': {'Body': [{'Qst': {'question_name': 'Кто такой Патрин?', 'answer': ['Бугалтер', 'Директор'], 'right_answer': ['Преподаватель'], 'id': 1}}]}, '\\static\\GetClientData\\UploadInServerClientCookie\\ClientCookieData\\question.json': {'client_flag': True, 'Body': [{'Qst': {'question_name': 'Кто такой Патрин?', 'answer': ['Бухгалтер ', 'Директор'], 'right_answer': ['Преподаватель'], 'id': 1}}]}, '\\Settings\\SettingsPage\\settings_page.json': {'Body': [{'name': 'version', 'value': 2.1}, {'name': 'url for update', 'value': 'https://github.com/RustFarmer/Test/blob/main/update_url_file.json'}]}, '\\Settings\\UpdateProgram\\UpdateData\\update_url_file.json': {'Body': {'rarFile': 'https://github.com/RustFarmer/Rust-helper/raw/refs/heads/main/v5.1.rar'}}, '\\static\\GetClientData\\UploadInServerClientCookie\\ClientCookieData\\settings.json': {'client_flag': True, 'Body': []}, '\\PassCutOff\\settings.json': {'Body': []}, '\\ImageResultScreen\\imageSettings.json': {'Body': []}, '\\ListBlancQuestion\\listBlancQuestion.json': {'Body': []}}
2026-08-29 at 22:06:59 | INFO | T:\Н папка\програмирование\python\project\pythonProject1\programForTecher\admin\Cookie\local_cookie.json
2026-08-29 at 22:06:59 | INFO | \Cookie\local_cookie.json
2026-08-29 at 22:06:59 | INFO | {'Body': {'time_check_updates': '17:22 22.08.26', 'value_Check': False}}
2026-08-29 at 22:06:59 | INFO | T:\Н папка\програмирование\python\project\pythonProject1\programForTecher\admin\question.json
2026-08-29 at 22:06:59 | INFO | \question.json
2026-08-29 at 22:06:59 | INFO | {'Body': [{'Qst': {'question_name': 'Кто такой Патрин?', 'answer': ['Бугалтер', 'Директор'], 'right_answer': ['Преподаватель'], 'id': 1}}]}
2026-08-29 at 22:06:59 | INFO | T:\Н папка\програмирование\python\project\pythonProject1\programForTecher\admin\static\GetClientData\UploadInServerClientCookie\ClientCookieData\question.json
2026-08-29 at 22:06:59 | INFO | T:\Н папка\програмирование\python\project\pythonProject1\programForTecher\client\static\GetClientData\UploadInServerClientCookie\ClientCookieData\question.json
2026-08-29 at 22:06:59 | INFO | \static\GetClientData\UploadInServerClientCookie\ClientCookieData\question.json
2026-08-29 at 22:06:59 | INFO | {'client_flag': True, 'Body': [{'Qst': {'question_name': 'Кто такой Патрин?', 'answer': ['Бухгалтер ', 'Директор'], 'right_answer': ['Преподаватель'], 'id': 1}}]}
2026-08-29 at 22:06:59 | INFO | T:\Н папка\програмирование\python\project\pythonProject1\programForTecher\admin\Settings\SettingsPage\settings_page.json
2026-08-29 at 22:06:59 | INFO | \Settings\SettingsPage\settings_page.json
2026-08-29 at 22:06:59 | INFO | {'Body': [{'name': 'version', 'value': 2.1}, {'name': 'url for update', 'value': 'https://github.com/RustFarmer/Test/blob/main/update_url_file.json'}]}
2026-08-29 at 22:06:59 | INFO | T:\Н папка\програмирование\python\project\pythonProject1\programForTecher\admin\Settings\UpdateProgram\UpdateData\update_url_file.json
2026-08-29 at 22:06:59 | INFO | \Settings\UpdateProgram\UpdateData\update_url_file.json
2026-08-29 at 22:06:59 | INFO | {'Body': {'rarFile': 'https://github.com/RustFarmer/Rust-helper/raw/refs/heads/main/v5.1.rar'}}
2026-08-29 at 22:06:59 | INFO | T:\Н папка\програмирование\python\project\pythonProject1\programForTecher\admin\static\GetClientData\UploadInServerClientCookie\ClientCookieData\settings.json
2026-08-29 at 22:06:59 | INFO | T:\Н папка\програмирование\python\project\pythonProject1\programForTecher\client\static\GetClientData\UploadInServerClientCookie\ClientCookieData\settings.json
2026-08-29 at 22:06:59 | INFO | \static\GetClientData\UploadInServerClientCookie\ClientCookieData\settings.json
2026-08-29 at 22:06:59 | INFO | {'client_flag': True, 'Body': []}
2026-08-29 at 22:06:59 | INFO | T:\Н папка\програмирование\python\project\pythonProject1\programForTecher\admin\PassCutOff\settings.json
2026-08-29 at 22:06:59 | INFO | \PassCutOff\settings.json
2026-08-29 at 22:06:59 | INFO | {'Body': []}
2026-08-29 at 22:06:59 | INFO | T:\Н папка\програмирование\python\project\pythonProject1\programForTecher\admin\ImageResultScreen\imageSettings.json
2026-08-29 at 22:06:59 | INFO | \ImageResultScreen\imageSettings.json
2026-08-29 at 22:06:59 | INFO | {'Body': []}
2026-08-29 at 22:06:59 | INFO | T:\Н папка\програмирование\python\project\pythonProject1\programForTecher\admin\ListBlancQuestion\listBlancQuestion.json
2026-08-29 at 22:06:59 | INFO | \ListBlancQuestion\listBlancQuestion.json
2026-08-29 at 22:06:59 | INFO | {'Body': []}
2026-08-29 at 22:07:04 | INFO | T:\Н папка\програмирование\python\project\pythonProject1\programForTecher\admin\Log\appFileLog.log
2026-08-29 at 22:07:04 | INFO | T:\Н папка\програмирование\python\project\pythonProject1\programForTecher\admin
2026-08-29 at 22:07:04 | INFO | T:\Н папка\програмирование\python\project\pythonProject1\programForTecher\client
2026-08-29 at 22:07:04 | INFO | {'\\Cookie\\local_cookie.json': {'Body': {'time_check_updates': '17:22 22.08.26', 'value_Check': False}}, '\\question.json': {'Body': [{'Qst': {'question_name': 'Кто такой Патрин?', 'answer': ['Бугалтер', 'Директор'], 'right_answer': ['Преподаватель'], 'id': 1}}]}, '\\static\\GetClientData\\UploadInServerClientCookie\\ClientCookieData\\question.json': {'client_flag': True, 'Body': [{'Qst': {'question_name': 'Кто такой Патрин?', 'answer': ['Бухгалтер ', 'Директор'], 'right_answer': ['Преподаватель'], 'id': 1}}]}, '\\Settings\\SettingsPage\\settings_page.json': {'Body': [{'name': 'version', 'value': 2.1}, {'name': 'url for update', 'value': 'https://github.com/RustFarmer/Test/blob/main/update_url_file.json'}]}, '\\Settings\\UpdateProgram\\UpdateData\\update_url_file.json': {'Body': {'rarFile': 'https://github.com/RustFarmer/Rust-helper/raw/refs/heads/main/v5.1.rar'}}, '\\static\\GetClientData\\UploadInServerClientCookie\\ClientCookieData\\settings.json': {'client_flag': True, 'Body': []}, '\\PassCutOff\\settings.json': {'Body': []}, '\\ImageResultScreen\\imageSettings.json': {'Body': []}, '\\ListBlancQuestion\\listBlancQuestion.json': {'Body': []}}
2026-08-29 at 22:07:04 | INFO | <class 'pathlib.WindowsPath'>
2026-08-29 at 22:07:04 | INFO | T:\Н папка\програмирование\python\project\pythonProject1\programForTecher\admin
2026-08-29 at 22:07:04 | INFO | {'\\Cookie\\local_cookie.json': {'Body': {'time_check_updates': '17:22 22.08.26', 'value_Check': False}}, '\\question.json': {'Body': [{'Qst': {'question_name': 'Кто такой Патрин?', 'answer': ['Бугалтер', 'Директор'], 'right_answer': ['Преподаватель'], 'id': 1}}]}, '\\static\\GetClientData\\UploadInServerClientCookie\\ClientCookieData\\question.json': {'client_flag': True, 'Body': [{'Qst': {'question_name': 'Кто такой Патрин?', 'answer': ['Бухгалтер ', 'Директор'], 'right_answer': ['Преподаватель'], 'id': 1}}]}, '\\Settings\\SettingsPage\\settings_page.json': {'Body': [{'name': 'version', 'value': 2.1}, {'name': 'url for update', 'value': 'https://github.com/RustFarmer/Test/blob/main/update_url_file.json'}]}, '\\Settings\\UpdateProgram\\UpdateData\\update_url_file.json': {'Body': {'rarFile': 'https://github.com/RustFarmer/Rust-helper/raw/refs/heads/main/v5.1.rar'}}, '\\static\\GetClientData\\UploadInServerClientCookie\\ClientCookieData\\settings.json': {'client_flag': True, 'Body': []}, '\\PassCutOff\\settings.json': {'Body': []}, '\\ImageResultScreen\\imageSettings.json': {'Body': []}, '\\ListBlancQuestion\\listBlancQuestion.json': {'Body': []}}
2026-08-29 at 22:07:04 | INFO | {'\\Cookie\\local_cookie.json': {'Body': {'time_check_updates': '17:22 22.08.26', 'value_Check': False}}, '\\question.json': {'Body': [{'Qst': {'question_name': 'Кто такой Патрин?', 'answer': ['Бугалтер', 'Директор'], 'right_answer': ['Преподаватель'], 'id': 1}}]}, '\\static\\GetClientData\\UploadInServerClientCookie\\ClientCookieData\\question.json': {'client_flag': True, 'Body': [{'Qst': {'question_name': 'Кто такой Патрин?', 'answer': ['Бухгалтер ', 'Директор'], 'right_answer': ['Преподаватель'], 'id': 1}}]}, '\\Settings\\SettingsPage\\settings_page.json': {'Body': [{'name': 'version', 'value': 2.1}, {'name': 'url for update', 'value': 'https://github.com/RustFarmer/Test/blob/main/update_url_file.json'}]}, '\\Settings\\UpdateProgram\\UpdateData\\update_url_file.json': {'Body': {'rarFile': 'https://github.com/RustFarmer/Rust-helper/raw/refs/heads/main/v5.1.rar'}}, '\\static\\GetClientData\\UploadInServerClientCookie\\ClientCookieData\\settings.json': {'client_flag': True, 'Body': []}, '\\PassCutOff\\settings.json': {'Body': []}, '\\ImageResultScreen\\imageSettings.json': {'Body': []}, '\\ListBlancQuestion\\listBlancQuestion.json': {'Body': []}}
2026-08-29 at 22:07:04 | INFO | T:\Н папка\програмирование\python\project\pythonProject1\programForTecher\admin\Cookie\local_cookie.json
2026-08-29 at 22:07:04 | INFO | \Cookie\local_cookie.json
2026-08-29 at 22:07:04 | INFO | {'Body': {'time_check_updates': '17:22 22.08.26', 'value_Check': False}}
2026-08-29 at 22:07:04 | INFO | T:\Н папка\програмирование\python\project\pythonProject1\programForTecher\admin\question.json
2026-08-29 at 22:07:04 | INFO | \question.json
2026-08-29 at 22:07:04 | INFO | {'Body': [{'Qst': {'question_name': 'Кто такой Патрин?', 'answer': ['Бугалтер', 'Директор'], 'right_answer': ['Преподаватель'], 'id': 1}}]}
2026-08-29 at 22:07:04 | INFO | T:\Н папка\програмирование\python\project\pythonProject1\programForTecher\admin\static\GetClientData\UploadInServerClientCookie\ClientCookieData\question.json
2026-08-29 at 22:07:04 | INFO | T:\Н папка\програмирование\python\project\pythonProject1\programForTecher\client\static\GetClientData\UploadInServerClientCookie\ClientCookieData\question.json
2026-08-29 at 22:07:04 | INFO | \static\GetClientData\UploadInServerClientCookie\ClientCookieData\question.json
2026-08-29 at 22:07:04 | INFO | {'client_flag': True, 'Body': [{'Qst': {'question_name': 'Кто такой Патрин?', 'answer': ['Бухгалтер ', 'Директор'], 'right_answer': ['Преподаватель'], 'id': 1}}]}
2026-08-29 at 22:07:04 | INFO | T:\Н папка\програмирование\python\project\pythonProject1\programForTecher\admin\Settings\SettingsPage\settings_page.json
2026-08-29 at 22:07:04 | INFO | \Settings\SettingsPage\settings_page.json
2026-08-29 at 22:07:04 | INFO | {'Body': [{'name': 'version', 'value': 2.1}, {'name': 'url for update', 'value': 'https://github.com/RustFarmer/Test/blob/main/update_url_file.json'}]}
2026-08-29 at 22:07:04 | INFO | T:\Н папка\програмирование\python\project\pythonProject1\programForTecher\admin\Settings\UpdateProgram\UpdateData\update_url_file.json
2026-08-29 at 22:07:04 | INFO | \Settings\UpdateProgram\UpdateData\update_url_file.json
2026-08-29 at 22:07:04 | INFO | {'Body': {'rarFile': 'https://github.com/RustFarmer/Rust-helper/raw/refs/heads/main/v5.1.rar'}}
2026-08-29 at 22:07:04 | INFO | T:\Н папка\програмирование\python\project\pythonProject1\programForTecher\admin\static\GetClientData\UploadInServerClientCookie\ClientCookieData\settings.json
2026-08-29 at 22:07:04 | INFO | T:\Н папка\програмирование\python\project\pythonProject1\programForTecher\client\static\GetClientData\UploadInServerClientCookie\ClientCookieData\settings.json
2026-08-29 at 22:07:04 | INFO | \static\GetClientData\UploadInServerClientCookie\ClientCookieData\settings.json
2026-08-29 at 22:07:04 | INFO | {'client_flag': True, 'Body': []}
2026-08-29 at 22:07:04 | INFO | T:\Н папка\програмирование\python\project\pythonProject1\programForTecher\admin\PassCutOff\settings.json
2026-08-29 at 22:07:04 | INFO | \PassCutOff\settings.json
2026-08-29 at 22:07:04 | INFO | {'Body': []}
2026-08-29 at 22:07:04 | INFO | T:\Н папка\програмирование\python\project\pythonProject1\programForTecher\admin\ImageResultScreen\imageSettings.json
2026-08-29 at 22:07:04 | INFO | \ImageResultScreen\imageSettings.json
2026-08-29 at 22:07:04 | INFO | {'Body': []}
2026-08-29 at 22:07:04 | INFO | T:\Н папка\програмирование\python\project\pythonProject1\programForTecher\admin\ListBlancQuestion\listBlancQuestion.json
2026-08-29 at 22:07:04 | INFO | \ListBlancQuestion\listBlancQuestion.json
2026-08-29 at 22:07:04 | INFO | {'Body': []}
2026-08-29 at 22:07:05 | INFO | T:\Н папка\програмирование\python\project\pythonProject1\programForTecher\admin\Log\appFileLog.log
2026-08-29 at 22:07:05 | INFO | T:\Н папка\програмирование\python\project\pythonProject1\programForTecher\admin
2026-08-29 at 22:07:05 | INFO | T:\Н папка\програмирование\python\project\pythonProject1\programForTecher\client
2026-08-29 at 22:07:05 | INFO | {'\\Cookie\\local_cookie.json': {'Body': {'time_check_updates': '17:22 22.08.26', 'value_Check': False}}, '\\question.json': {'Body': [{'Qst': {'question_name': 'Кто такой Патрин?', 'answer': ['Бугалтер', 'Директор'], 'right_answer': ['Преподаватель'], 'id': 1}}]}, '\\static\\GetClientData\\UploadInServerClientCookie\\ClientCookieData\\question.json': {'client_flag': True, 'Body': [{'Qst': {'question_name': 'Кто такой Патрин?', 'answer': ['Бухгалтер ', 'Директор'], 'right_answer': ['Преподаватель'], 'id': 1}}]}, '\\Settings\\SettingsPage\\settings_page.json': {'Body': [{'name': 'version', 'value': 2.1}, {'name': 'url for update', 'value': 'https://github.com/RustFarmer/Test/blob/main/update_url_file.json'}]}, '\\Settings\\UpdateProgram\\UpdateData\\update_url_file.json': {'Body': {'rarFile': 'https://github.com/RustFarmer/Rust-helper/raw/refs/heads/main/v5.1.rar'}}, '\\static\\GetClientData\\UploadInServerClientCookie\\ClientCookieData\\settings.json': {'client_flag': True, 'Body': []}, '\\PassCutOff\\settings.json': {'Body': []}, '\\ImageResultScreen\\imageSettings.json': {'Body': []}, '\\ListBlancQuestion\\listBlancQuestion.json': {'Body': []}}
2026-08-29 at 22:07:05 | INFO | <class 'pathlib.WindowsPath'>
2026-08-29 at 22:07:05 | INFO | T:\Н папка\програмирование\python\project\pythonProject1\programForTecher\admin
2026-08-29 at 22:07:05 | INFO | {'\\Cookie\\local_cookie.json': {'Body': {'time_check_updates': '17:22 22.08.26', 'value_Check': False}}, '\\question.json': {'Body': [{'Qst': {'question_name': 'Кто такой Патрин?', 'answer': ['Бугалтер', 'Директор'], 'right_answer': ['Преподаватель'], 'id': 1}}]}, '\\static\\GetClientData\\UploadInServerClientCookie\\ClientCookieData\\question.json': {'client_flag': True, 'Body': [{'Qst': {'question_name': 'Кто такой Патрин?', 'answer': ['Бухгалтер ', 'Директор'], 'right_answer': ['Преподаватель'], 'id': 1}}]}, '\\Settings\\SettingsPage\\settings_page.json': {'Body': [{'name': 'version', 'value': 2.1}, {'name': 'url for update', 'value': 'https://github.com/RustFarmer/Test/blob/main/update_url_file.json'}]}, '\\Settings\\UpdateProgram\\UpdateData\\update_url_file.json': {'Body': {'rarFile': 'https://github.com/RustFarmer/Rust-helper/raw/refs/heads/main/v5.1.rar'}}, '\\static\\GetClientData\\UploadInServerClientCookie\\ClientCookieData\\settings.json': {'client_flag': True, 'Body': []}, '\\PassCutOff\\settings.json': {'Body': []}, '\\ImageResultScreen\\imageSettings.json': {'Body': []}, '\\ListBlancQuestion\\listBlancQuestion.json': {'Body': []}}
2026-08-29 at 22:07:05 | INFO | {'\\Cookie\\local_cookie.json': {'Body': {'time_check_updates': '17:22 22.08.26', 'value_Check': False}}, '\\question.json': {'Body': [{'Qst': {'question_name': 'Кто такой Патрин?', 'answer': ['Бугалтер', 'Директор'], 'right_answer': ['Преподаватель'], 'id': 1}}]}, '\\static\\GetClientData\\UploadInServerClientCookie\\ClientCookieData\\question.json': {'client_flag': True, 'Body': [{'Qst': {'question_name': 'Кто такой Патрин?', 'answer': ['Бухгалтер ', 'Директор'], 'right_answer': ['Преподаватель'], 'id': 1}}]}, '\\Settings\\SettingsPage\\settings_page.json': {'Body': [{'name': 'version', 'value': 2.1}, {'name': 'url for update', 'value': 'https://github.com/RustFarmer/Test/blob/main/update_url_file.json'}]}, '\\Settings\\UpdateProgram\\UpdateData\\update_url_file.json': {'Body': {'rarFile': 'https://github.com/RustFarmer/Rust-helper/raw/refs/heads/main/v5.1.rar'}}, '\\static\\GetClientData\\UploadInServerClientCookie\\ClientCookieData\\settings.json': {'client_flag': True, 'Body': []}, '\\PassCutOff\\settings.json': {'Body': []}, '\\ImageResultScreen\\imageSettings.json': {'Body': []}, '\\ListBlancQuestion\\listBlancQuestion.json': {'Body': []}}
2026-08-29 at 22:07:05 | INFO | T:\Н папка\програмирование\python\project\pythonProject1\programForTecher\admin\Cookie\local_cookie.json
2026-08-29 at 22:07:05 | INFO | \Cookie\local_cookie.json
2026-08-29 at 22:07:05 | INFO | {'Body': {'time_check_updates': '17:22 22.08.26', 'value_Check': False}}
2026-08-29 at 22:07:05 | INFO | T:\Н папка\програмирование\python\project\pythonProject1\programForTecher\admin\question.json
2026-08-29 at 22:07:05 | INFO | \question.json
2026-08-29 at 22:07:05 | INFO | {'Body': [{'Qst': {'question_name': 'Кто такой Патрин?', 'answer': ['Бугалтер', 'Директор'], 'right_answer': ['Преподаватель'], 'id': 1}}]}
2026-08-29 at 22:07:05 | INFO | T:\Н папка\програмирование\python\project\pythonProject1\programForTecher\admin\static\GetClientData\UploadInServerClientCookie\ClientCookieData\question.json
2026-08-29 at 22:07:05 | INFO | T:\Н папка\програмирование\python\project\pythonProject1\programForTecher\client\static\GetClientData\UploadInServerClientCookie\ClientCookieData\question.json
2026-08-29 at 22:07:05 | INFO | \static\GetClientData\UploadInServerClientCookie\ClientCookieData\question.json
2026-08-29 at 22:07:05 | INFO | {'client_flag': True, 'Body': [{'Qst': {'question_name': 'Кто такой Патрин?', 'answer': ['Бухгалтер ', 'Директор'], 'right_answer': ['Преподаватель'], 'id': 1}}]}
2026-08-29 at 22:07:05 | INFO | T:\Н папка\програмирование\python\project\pythonProject1\programForTecher\admin\Settings\SettingsPage\settings_page.json
2026-08-29 at 22:07:05 | INFO | \Settings\SettingsPage\settings_page.json
2026-08-29 at 22:07:05 | INFO | {'Body': [{'name': 'version', 'value': 2.1}, {'name': 'url for update', 'value': 'https://github.com/RustFarmer/Test/blob/main/update_url_file.json'}]}
2026-08-29 at 22:07:05 | INFO | T:\Н папка\програмирование\python\project\pythonProject1\programForTecher\admin\Settings\UpdateProgram\UpdateData\update_url_file.json
2026-08-29 at 22:07:05 | INFO | \Settings\UpdateProgram\UpdateData\update_url_file.json
2026-08-29 at 22:07:05 | INFO | {'Body': {'rarFile': 'https://github.com/RustFarmer/Rust-helper/raw/refs/heads/main/v5.1.rar'}}
2026-08-29 at 22:07:05 | INFO | T:\Н папка\програмирование\python\project\pythonProject1\programForTecher\admin\static\GetClientData\UploadInServerClientCookie\ClientCookieData\settings.json
2026-08-29 at 22:07:05 | INFO | T:\Н папка\програмирование\python\project\pythonProject1\programForTecher\client\static\GetClientData\UploadInServerClientCookie\ClientCookieData\settings.json
2026-08-29 at 22:07:05 | INFO | \static\GetClientData\UploadInServerClientCookie\ClientCookieData\settings.json
2026-08-29 at 22:07:05 | INFO | {'client_flag': True, 'Body': []}
2026-08-29 at 22:07:05 | INFO | T:\Н папка\програмирование\python\project\pythonProject1\programForTecher\admin\PassCutOff\settings.json
2026-08-29 at 22:07:05 | INFO | \PassCutOff\settings.json
2026-08-29 at 22:07:05 | INFO | {'Body': []}
2026-08-29 at 22:07:05 | INFO | T:\Н папка\програмирование\python\project\pythonProject1\programForTecher\admin\ImageResultScreen\imageSettings.json
2026-08-29 at 22:07:05 | INFO | \ImageResultScreen\imageSettings.json
2026-08-29 at 22:07:05 | INFO | {'Body': []}
2026-08-29 at 22:07:05 | INFO | T:\Н папка\програмирование\python\project\pythonProject1\programForTecher\admin\ListBlancQuestion\listBlancQuestion.json
2026-08-29 at 22:07:05 | INFO | \ListBlancQuestion\listBlancQuestion.json
2026-08-29 at 22:07:05 | INFO | {'Body': []}
2026-08-29 at 22:08:06 | INFO | T:\Н папка\програмирование\python\project\pythonProject1\programForTecher\admin\Log\appFileLog.log
2026-08-29 at 22:08:06 | INFO | T:\Н папка\програмирование\python\project\pythonProject1\programForTecher\admin
2026-08-29 at 22:08:06 | INFO | T:\Н папка\програмирование\python\project\pythonProject1\programForTecher\client
2026-08-29 at 22:08:06 | INFO | {'\\Cookie\\local_cookie.json': {'Body': {'time_check_updates': '17:22 22.08.26', 'value_Check': False}}, '\\question.json': {'Body': [{'Qst': {'question_name': 'Кто такой Патрин?', 'answer': ['Бугалтер', 'Директор'], 'right_answer': ['Преподаватель'], 'id': 1}}]}, '\\static\\GetClientData\\UploadInServerClientCookie\\ClientCookieData\\question.json': {'client_flag': True, 'Body': [{'Qst': {'question_name': 'Кто такой Патрин?', 'answer': ['Бухгалтер ', 'Директор'], 'right_answer': ['Преподаватель'], 'id': 1}}]}, '\\Settings\\SettingsPage\\settings_page.json': {'Body': [{'name': 'version', 'value': 2.1}, {'name': 'url for update', 'value': 'https://github.com/RustFarmer/Test/blob/main/update_url_file.json'}]}, '\\Settings\\UpdateProgram\\UpdateData\\update_url_file.json': {'Body': {'rarFile': 'https://github.com/RustFarmer/Rust-helper/raw/refs/heads/main/v5.1.rar'}}, '\\static\\GetClientData\\UploadInServerClientCookie\\ClientCookieData\\settings.json': {'client_flag': True, 'Body': []}, '\\PassCutOff\\settings.json': {'Body': []}, '\\ImageResultScreen\\imageSettings.json': {'Body': []}, '\\ListBlancQuestion\\listBlancQuestion.json': {'Body': []}}
2026-08-29 at 22:08:06 | INFO | <class 'pathlib.WindowsPath'>
2026-08-29 at 22:08:06 | INFO | T:\Н папка\програмирование\python\project\pythonProject1\programForTecher\admin
2026-08-29 at 22:08:06 | INFO | {'\\Cookie\\local_cookie.json': {'Body': {'time_check_updates': '17:22 22.08.26', 'value_Check': False}}, '\\question.json': {'Body': [{'Qst': {'question_name': 'Кто такой Патрин?', 'answer': ['Бугалтер', 'Директор'], 'right_answer': ['Преподаватель'], 'id': 1}}]}, '\\static\\GetClientData\\UploadInServerClientCookie\\ClientCookieData\\question.json': {'client_flag': True, 'Body': [{'Qst': {'question_name': 'Кто такой Патрин?', 'answer': ['Бухгалтер ', 'Директор'], 'right_answer': ['Преподаватель'], 'id': 1}}]}, '\\Settings\\SettingsPage\\settings_page.json': {'Body': [{'name': 'version', 'value': 2.1}, {'name': 'url for update', 'value': 'https://github.com/RustFarmer/Test/blob/main/update_url_file.json'}]}, '\\Settings\\UpdateProgram\\UpdateData\\update_url_file.json': {'Body': {'rarFile': 'https://github.com/RustFarmer/Rust-helper/raw/refs/heads/main/v5.1.rar'}}, '\\static\\GetClientData\\UploadInServerClientCookie\\ClientCookieData\\settings.json': {'client_flag': True, 'Body': []}, '\\PassCutOff\\settings.json': {'Body': []}, '\\ImageResultScreen\\imageSettings.json': {'Body': []}, '\\ListBlancQuestion\\listBlancQuestion.json': {'Body': []}}
2026-08-29 at 22:08:06 | INFO | {'\\Cookie\\local_cookie.json': {'Body': {'time_check_updates': '17:22 22.08.26', 'value_Check': False}}, '\\question.json': {'Body': [{'Qst': {'question_name': 'Кто такой Патрин?', 'answer': ['Бугалтер', 'Директор'], 'right_answer': ['Преподаватель'], 'id': 1}}]}, '\\static\\GetClientData\\UploadInServerClientCookie\\ClientCookieData\\question.json': {'client_flag': True, 'Body': [{'Qst': {'question_name': 'Кто такой Патрин?', 'answer': ['Бухгалтер ', 'Директор'], 'right_answer': ['Преподаватель'], 'id': 1}}]}, '\\Settings\\SettingsPage\\settings_page.json': {'Body': [{'name': 'version', 'value': 2.1}, {'name': 'url for update', 'value': 'https://github.com/RustFarmer/Test/blob/main/update_url_file.json'}]}, '\\Settings\\UpdateProgram\\UpdateData\\update_url_file.json': {'Body': {'rarFile': 'https://github.com/RustFarmer/Rust-helper/raw/refs/heads/main/v5.1.rar'}}, '\\static\\GetClientData\\UploadInServerClientCookie\\ClientCookieData\\settings.json': {'client_flag': True, 'Body': []}, '\\PassCutOff\\settings.json': {'Body': []}, '\\ImageResultScreen\\imageSettings.json': {'Body': []}, '\\ListBlancQuestion\\listBlancQuestion.json': {'Body': []}}
2026-08-29 at 22:08:06 | INFO | T:\Н папка\програмирование\python\project\pythonProject1\programForTecher\admin\Cookie\local_cookie.json
2026-08-29 at 22:08:06 | INFO | \Cookie\local_cookie.json
2026-08-29 at 22:08:06 | INFO | {'Body': {'time_check_updates': '17:22 22.08.26', 'value_Check': False}}
2026-08-29 at 22:08:06 | INFO | T:\Н папка\програмирование\python\project\pythonProject1\programForTecher\admin\question.json
2026-08-29 at 22:08:06 | INFO | \question.json
2026-08-29 at 22:08:06 | INFO | {'Body': [{'Qst': {'question_name': 'Кто такой Патрин?', 'answer': ['Бугалтер', 'Директор'], 'right_answer': ['Преподаватель'], 'id': 1}}]}
2026-08-29 at 22:08:06 | INFO | T:\Н папка\програмирование\python\project\pythonProject1\programForTecher\admin\static\GetClientData\UploadInServerClientCookie\ClientCookieData\question.json
2026-08-29 at 22:08:06 | INFO | T:\Н папка\програмирование\python\project\pythonProject1\programForTecher\client\static\GetClientData\UploadInServerClientCookie\ClientCookieData\question.json
2026-08-29 at 22:08:06 | INFO | \static\GetClientData\UploadInServerClientCookie\ClientCookieData\question.json
2026-08-29 at 22:08:06 | INFO | {'client_flag': True, 'Body': [{'Qst': {'question_name': 'Кто такой Патрин?', 'answer': ['Бухгалтер ', 'Директор'], 'right_answer': ['Преподаватель'], 'id': 1}}]}
2026-08-29 at 22:08:06 | INFO | T:\Н папка\програмирование\python\project\pythonProject1\programForTecher\admin\Settings\SettingsPage\settings_page.json
2026-08-29 at 22:08:06 | INFO | \Settings\SettingsPage\settings_page.json
2026-08-29 at 22:08:06 | INFO | {'Body': [{'name': 'version', 'value': 2.1}, {'name': 'url for update', 'value': 'https://github.com/RustFarmer/Test/blob/main/update_url_file.json'}]}
2026-08-29 at 22:08:06 | INFO | T:\Н папка\програмирование\python\project\pythonProject1\programForTecher\admin\Settings\UpdateProgram\UpdateData\update_url_file.json
2026-08-29 at 22:08:06 | INFO | \Settings\UpdateProgram\UpdateData\update_url_file.json
2026-08-29 at 22:08:06 | INFO | {'Body': {'rarFile': 'https://github.com/RustFarmer/Rust-helper/raw/refs/heads/main/v5.1.rar'}}
2026-08-29 at 22:08:06 | INFO | T:\Н папка\програмирование\python\project\pythonProject1\programForTecher\admin\static\GetClientData\UploadInServerClientCookie\ClientCookieData\settings.json
2026-08-29 at 22:08:06 | INFO | T:\Н папка\програмирование\python\project\pythonProject1\programForTecher\client\static\GetClientData\UploadInServerClientCookie\ClientCookieData\settings.json
2026-08-29 at 22:08:06 | INFO | \static\GetClientData\UploadInServerClientCookie\ClientCookieData\settings.json
2026-08-29 at 22:08:06 | INFO | {'client_flag': True, 'Body': []}
2026-08-29 at 22:08:06 | INFO | T:\Н папка\програмирование\python\project\pythonProject1\programForTecher\admin\PassCutOff\settings.json
2026-08-29 at 22:08:06 | INFO | \PassCutOff\settings.json
2026-08-29 at 22:08:06 | INFO | {'Body': []}
2026-08-29 at 22:08:06 | INFO | T:\Н папка\програмирование\python\project\pythonProject1\programForTecher\admin\ImageResultScreen\imageSettings.json
2026-08-29 at 22:08:06 | INFO | \ImageResultScreen\imageSettings.json
2026-08-29 at 22:08:06 | INFO | {'Body': []}
2026-08-29 at 22:08:06 | INFO | T:\Н папка\програмирование\python\project\pythonProject1\programForTecher\admin\ListBlancQuestion\listBlancQuestion.json
2026-08-29 at 22:08:06 | INFO | \ListBlancQuestion\listBlancQuestion.json
2026-08-29 at 22:08:06 | INFO | {'Body': []}
2026-08-29 at 22:08:07 | INFO | T:\Н папка\програмирование\python\project\pythonProject1\programForTecher\admin\Log\appFileLog.log
2026-08-29 at 22:08:07 | INFO | T:\Н папка\програмирование\python\project\pythonProject1\programForTecher\admin
2026-08-29 at 22:08:07 | INFO | T:\Н папка\програмирование\python\project\pythonProject1\programForTecher\client
2026-08-29 at 22:08:07 | INFO | {'\\Cookie\\local_cookie.json': {'Body': {'time_check_updates': '17:22 22.08.26', 'value_Check': False}}, '\\question.json': {'Body': [{'Qst': {'question_name': 'Кто такой Патрин?', 'answer': ['Бугалтер', 'Директор'], 'right_answer': ['Преподаватель'], 'id': 1}}]}, '\\static\\GetClientData\\UploadInServerClientCookie\\ClientCookieData\\question.json': {'client_flag': True, 'Body': [{'Qst': {'question_name': 'Кто такой Патрин?', 'answer': ['Бухгалтер ', 'Директор'], 'right_answer': ['Преподаватель'], 'id': 1}}]}, '\\Settings\\SettingsPage\\settings_page.json': {'Body': [{'name': 'version', 'value': 2.1}, {'name': 'url for update', 'value': 'https://github.com/RustFarmer/Test/blob/main/update_url_file.json'}]}, '\\Settings\\UpdateProgram\\UpdateData\\update_url_file.json': {'Body': {'rarFile': 'https://github.com/RustFarmer/Rust-helper/raw/refs/heads/main/v5.1.rar'}}, '\\static\\GetClientData\\UploadInServerClientCookie\\ClientCookieData\\settings.json': {'client_flag': True, 'Body': []}, '\\PassCutOff\\settings.json': {'Body': []}, '\\ImageResultScreen\\imageSettings.json': {'Body': []}, '\\ListBlancQuestion\\listBlancQuestion.json': {'Body': []}}
2026-08-29 at 22:08:07 | INFO | <class 'pathlib.WindowsPath'>
2026-08-29 at 22:08:07 | INFO | T:\Н папка\програмирование\python\project\pythonProject1\programForTecher\admin
2026-08-29 at 22:08:07 | INFO | {'\\Cookie\\local_cookie.json': {'Body': {'time_check_updates': '17:22 22.08.26', 'value_Check': False}}, '\\question.json': {'Body': [{'Qst': {'question_name': 'Кто такой Патрин?', 'answer': ['Бугалтер', 'Директор'], 'right_answer': ['Преподаватель'], 'id': 1}}]}, '\\static\\GetClientData\\UploadInServerClientCookie\\ClientCookieData\\question.json': {'client_flag': True, 'Body': [{'Qst': {'question_name': 'Кто такой Патрин?', 'answer': ['Бухгалтер ', 'Директор'], 'right_answer': ['Преподаватель'], 'id': 1}}]}, '\\Settings\\SettingsPage\\settings_page.json': {'Body': [{'name': 'version', 'value': 2.1}, {'name': 'url for update', 'value': 'https://github.com/RustFarmer/Test/blob/main/update_url_file.json'}]}, '\\Settings\\UpdateProgram\\UpdateData\\update_url_file.json': {'Body': {'rarFile': 'https://github.com/RustFarmer/Rust-helper/raw/refs/heads/main/v5.1.rar'}}, '\\static\\GetClientData\\UploadInServerClientCookie\\ClientCookieData\\settings.json': {'client_flag': True, 'Body': []}, '\\PassCutOff\\settings.json': {'Body': []}, '\\ImageResultScreen\\imageSettings.json': {'Body': []}, '\\ListBlancQuestion\\listBlancQuestion.json': {'Body': []}}
2026-08-29 at 22:08:07 | INFO | {'\\Cookie\\local_cookie.json': {'Body': {'time_check_updates': '17:22 22.08.26', 'value_Check': False}}, '\\question.json': {'Body': [{'Qst': {'question_name': 'Кто такой Патрин?', 'answer': ['Бугалтер', 'Директор'], 'right_answer': ['Преподаватель'], 'id': 1}}]}, '\\static\\GetClientData\\UploadInServerClientCookie\\ClientCookieData\\question.json': {'client_flag': True, 'Body': [{'Qst': {'question_name': 'Кто такой Патрин?', 'answer': ['Бухгалтер ', 'Директор'], 'right_answer': ['Преподаватель'], 'id': 1}}]}, '\\Settings\\SettingsPage\\settings_page.json': {'Body': [{'name': 'version', 'value': 2.1}, {'name': 'url for update', 'value': 'https://github.com/RustFarmer/Test/blob/main/update_url_file.json'}]}, '\\Settings\\UpdateProgram\\UpdateData\\update_url_file.json': {'Body': {'rarFile': 'https://github.com/RustFarmer/Rust-helper/raw/refs/heads/main/v5.1.rar'}}, '\\static\\GetClientData\\UploadInServerClientCookie\\ClientCookieData\\settings.json': {'client_flag': True, 'Body': []}, '\\PassCutOff\\settings.json': {'Body': []}, '\\ImageResultScreen\\imageSettings.json': {'Body': []}, '\\ListBlancQuestion\\listBlancQuestion.json': {'Body': []}}
2026-08-29 at 22:08:07 | INFO | T:\Н папка\програмирование\python\project\pythonProject1\programForTecher\admin\Cookie\local_cookie.json
2026-08-29 at 22:08:07 | INFO | \Cookie\local_cookie.json
2026-08-29 at 22:08:07 | INFO | {'Body': {'time_check_updates': '17:22 22.08.26', 'value_Check': False}}
2026-08-29 at 22:08:07 | INFO | T:\Н папка\програмирование\python\project\pythonProject1\programForTecher\admin\question.json
2026-08-29 at 22:08:07 | INFO | \question.json
2026-08-29 at 22:08:07 | INFO | {'Body': [{'Qst': {'question_name': 'Кто такой Патрин?', 'answer': ['Бугалтер', 'Директор'], 'right_answer': ['Преподаватель'], 'id': 1}}]}
2026-08-29 at 22:08:07 | INFO | T:\Н папка\програмирование\python\project\pythonProject1\programForTecher\admin\static\GetClientData\UploadInServerClientCookie\ClientCookieData\question.json
2026-08-29 at 22:08:07 | INFO | T:\Н папка\програмирование\python\project\pythonProject1\programForTecher\client\static\GetClientData\UploadInServerClientCookie\ClientCookieData\question.json
2026-08-29 at 22:08:07 | INFO | \static\GetClientData\UploadInServerClientCookie\ClientCookieData\question.json
2026-08-29 at 22:08:07 | INFO | {'client_flag': True, 'Body': [{'Qst': {'question_name': 'Кто такой Патрин?', 'answer': ['Бухгалтер ', 'Директор'], 'right_answer': ['Преподаватель'], 'id': 1}}]}
2026-08-29 at 22:08:07 | INFO | T:\Н папка\програмирование\python\project\pythonProject1\programForTecher\admin\Settings\SettingsPage\settings_page.json
2026-08-29 at 22:08:07 | INFO | \Settings\SettingsPage\settings_page.json
2026-08-29 at 22:08:07 | INFO | {'Body': [{'name': 'version', 'value': 2.1}, {'name': 'url for update', 'value': 'https://github.com/RustFarmer/Test/blob/main/update_url_file.json'}]}
2026-08-29 at 22:08:07 | INFO | T:\Н папка\програмирование\python\project\pythonProject1\programForTecher\admin\Settings\UpdateProgram\UpdateData\update_url_file.json
2026-08-29 at 22:08:07 | INFO | \Settings\UpdateProgram\UpdateData\update_url_file.json
2026-08-29 at 22:08:07 | INFO | {'Body': {'rarFile': 'https://github.com/RustFarmer/Rust-helper/raw/refs/heads/main/v5.1.rar'}}
2026-08-29 at 22:08:07 | INFO | T:\Н папка\програмирование\python\project\pythonProject1\programForTecher\admin\static\GetClientData\UploadInServerClientCookie\ClientCookieData\settings.json
2026-08-29 at 22:08:07 | INFO | T:\Н папка\програмирование\python\project\pythonProject1\programForTecher\client\static\GetClientData\UploadInServerClientCookie\ClientCookieData\settings.json
2026-08-29 at 22:08:07 | INFO | \static\GetClientData\UploadInServerClientCookie\ClientCookieData\settings.json
2026-08-29 at 22:08:07 | INFO | {'client_flag': True, 'Body': []}
2026-08-29 at 22:08:07 | INFO | T:\Н папка\програмирование\python\project\pythonProject1\programForTecher\admin\PassCutOff\settings.json
2026-08-29 at 22:08:07 | INFO | \PassCutOff\settings.json
2026-08-29 at 22:08:07 | INFO | {'Body': []}
2026-08-29 at 22:08:07 | INFO | T:\Н папка\програмирование\python\project\pythonProject1\programForTecher\admin\ImageResultScreen\imageSettings.json
2026-08-29 at 22:08:07 | INFO | \ImageResultScreen\imageSettings.json
2026-08-29 at 22:08:07 | INFO | {'Body': []}
2026-08-29 at 22:08:07 | INFO | T:\Н папка\програмирование\python\project\pythonProject1\programForTecher\admin\ListBlancQuestion\listBlancQuestion.json
2026-08-29 at 22:08:07 | INFO | \ListBlancQuestion\listBlancQuestion.json
2026-08-29 at 22:08:07 | INFO | {'Body': []}
2026-08-29 at 22:08:14 | INFO | https://raw.githubusercontent.com/RustFarmer/Test/main/update_url_file.json
2026-08-29 at 22:08:14 | INFO | {'rarFile': 'https://disk.yandex.ru/d/lQZ7yrzul_fpjg'}
2026-08-29 at 22:08:14 | INFO | {'rarFile': 'https://disk.yandex.ru/d/lQZ7yrzul_fpjg'}
2026-08-29 at 22:08:14 | INFO | True
2026-08-29 at 22:08:14 | INFO | https://disk.yandex.ru/d/lQZ7yrzul_fpjg
2026-08-29 at 22:08:14 | INFO | [{'Qst': {'question_name': 'Кто такой Патрин?', 'answer': ['Бугалтер', 'Директор'], 'right_answer': ['Преподаватель'], 'id': 1}}]
2026-08-29 at 22:08:39 | INFO | T:\Н папка\програмирование\python\project\pythonProject1\programForTecher\admin\Log\appFileLog.log
2026-08-29 at 22:08:39 | INFO | T:\Н папка\програмирование\python\project\pythonProject1\programForTecher\admin
2026-08-29 at 22:08:39 | INFO | T:\Н папка\програмирование\python\project\pythonProject1\programForTecher\client
2026-08-29 at 22:08:39 | INFO | {'\\Cookie\\local_cookie.json': {'Body': {'time_check_updates': '17:22 22.08.26', 'value_Check': False}}, '\\question.json': {'Body': [{'Qst': {'question_name': 'Кто такой Патрин?', 'answer': ['Бугалтер', 'Директор'], 'right_answer': ['Преподаватель'], 'id': 1}}]}, '\\static\\GetClientData\\UploadInServerClientCookie\\ClientCookieData\\question.json': {'client_flag': True, 'Body': [{'Qst': {'question_name': 'Кто такой Патрин?', 'answer': ['Бухгалтер ', 'Директор'], 'right_answer': ['Преподаватель'], 'id': 1}}]}, '\\Settings\\SettingsPage\\settings_page.json': {'Body': [{'name': 'version', 'value': 2.1}, {'name': 'url for update', 'value': 'https://github.com/RustFarmer/Test/blob/main/update_url_file.json'}]}, '\\Settings\\UpdateProgram\\UpdateData\\update_url_file.json': {'Body': {'rarFile': 'https://github.com/RustFarmer/Rust-helper/raw/refs/heads/main/v5.1.rar'}}, '\\static\\GetClientData\\UploadInServerClientCookie\\ClientCookieData\\settings.json': {'client_flag': True, 'Body': []}, '\\PassCutOff\\settings.json': {'Body': []}, '\\ImageResultScreen\\imageSettings.json': {'Body': []}, '\\ListBlancQuestion\\listBlancQuestion.json': {'Body': []}}
2026-08-29 at 22:08:39 | INFO | <class 'pathlib.WindowsPath'>
2026-08-29 at 22:08:39 | INFO | T:\Н папка\програмирование\python\project\pythonProject1\programForTecher\admin
2026-08-29 at 22:08:39 | INFO | {'\\Cookie\\local_cookie.json': {'Body': {'time_check_updates': '17:22 22.08.26', 'value_Check': False}}, '\\question.json': {'Body': [{'Qst': {'question_name': 'Кто такой Патрин?', 'answer': ['Бугалтер', 'Директор'], 'right_answer': ['Преподаватель'], 'id': 1}}]}, '\\static\\GetClientData\\UploadInServerClientCookie\\ClientCookieData\\question.json': {'client_flag': True, 'Body': [{'Qst': {'question_name': 'Кто такой Патрин?', 'answer': ['Бухгалтер ', 'Директор'], 'right_answer': ['Преподаватель'], 'id': 1}}]}, '\\Settings\\SettingsPage\\settings_page.json': {'Body': [{'name': 'version', 'value': 2.1}, {'name': 'url for update', 'value': 'https://github.com/RustFarmer/Test/blob/main/update_url_file.json'}]}, '\\Settings\\UpdateProgram\\UpdateData\\update_url_file.json': {'Body': {'rarFile': 'https://github.com/RustFarmer/Rust-helper/raw/refs/heads/main/v5.1.rar'}}, '\\static\\GetClientData\\UploadInServerClientCookie\\ClientCookieData\\settings.json': {'client_flag': True, 'Body': []}, '\\PassCutOff\\settings.json': {'Body': []}, '\\ImageResultScreen\\imageSettings.json': {'Body': []}, '\\ListBlancQuestion\\listBlancQuestion.json': {'Body': []}}
2026-08-29 at 22:08:39 | INFO | {'\\Cookie\\local_cookie.json': {'Body': {'time_check_updates': '17:22 22.08.26', 'value_Check': False}}, '\\question.json': {'Body': [{'Qst': {'question_name': 'Кто такой Патрин?', 'answer': ['Бугалтер', 'Директор'], 'right_answer': ['Преподаватель'], 'id': 1}}]}, '\\static\\GetClientData\\UploadInServerClientCookie\\ClientCookieData\\question.json': {'client_flag': True, 'Body': [{'Qst': {'question_name': 'Кто такой Патрин?', 'answer': ['Бухгалтер ', 'Директор'], 'right_answer': ['Преподаватель'], 'id': 1}}]}, '\\Settings\\SettingsPage\\settings_page.json': {'Body': [{'name': 'version', 'value': 2.1}, {'name': 'url for update', 'value': 'https://github.com/RustFarmer/Test/blob/main/update_url_file.json'}]}, '\\Settings\\UpdateProgram\\UpdateData\\update_url_file.json': {'Body': {'rarFile': 'https://github.com/RustFarmer/Rust-helper/raw/refs/heads/main/v5.1.rar'}}, '\\static\\GetClientData\\UploadInServerClientCookie\\ClientCookieData\\settings.json': {'client_flag': True, 'Body': []}, '\\PassCutOff\\settings.json': {'Body': []}, '\\ImageResultScreen\\imageSettings.json': {'Body': []}, '\\ListBlancQuestion\\listBlancQuestion.json': {'Body': []}}
2026-08-29 at 22:08:39 | INFO | T:\Н папка\програмирование\python\project\pythonProject1\programForTecher\admin\Cookie\local_cookie.json
2026-08-29 at 22:08:39 | INFO | \Cookie\local_cookie.json
2026-08-29 at 22:08:39 | INFO | {'Body': {'time_check_updates': '17:22 22.08.26', 'value_Check': False}}
2026-08-29 at 22:08:39 | INFO | T:\Н папка\програмирование\python\project\pythonProject1\programForTecher\admin\question.json
2026-08-29 at 22:08:39 | INFO | \question.json
2026-08-29 at 22:08:39 | INFO | {'Body': [{'Qst': {'question_name': 'Кто такой Патрин?', 'answer': ['Бугалтер', 'Директор'], 'right_answer': ['Преподаватель'], 'id': 1}}]}
2026-08-29 at 22:08:39 | INFO | T:\Н папка\програмирование\python\project\pythonProject1\programForTecher\admin\static\GetClientData\UploadInServerClientCookie\ClientCookieData\question.json
2026-08-29 at 22:08:39 | INFO | T:\Н папка\програмирование\python\project\pythonProject1\programForTecher\client\static\GetClientData\UploadInServerClientCookie\ClientCookieData\question.json
2026-08-29 at 22:08:39 | INFO | \static\GetClientData\UploadInServerClientCookie\ClientCookieData\question.json
2026-08-29 at 22:08:39 | INFO | {'client_flag': True, 'Body': [{'Qst': {'question_name': 'Кто такой Патрин?', 'answer': ['Бухгалтер ', 'Директор'], 'right_answer': ['Преподаватель'], 'id': 1}}]}
2026-08-29 at 22:08:39 | INFO | T:\Н папка\програмирование\python\project\pythonProject1\programForTecher\admin\Settings\SettingsPage\settings_page.json
2026-08-29 at 22:08:39 | INFO | \Settings\SettingsPage\settings_page.json
2026-08-29 at 22:08:39 | INFO | {'Body': [{'name': 'version', 'value': 2.1}, {'name': 'url for update', 'value': 'https://github.com/RustFarmer/Test/blob/main/update_url_file.json'}]}
2026-08-29 at 22:08:39 | INFO | T:\Н папка\програмирование\python\project\pythonProject1\programForTecher\admin\Settings\UpdateProgram\UpdateData\update_url_file.json
2026-08-29 at 22:08:39 | INFO | \Settings\UpdateProgram\UpdateData\update_url_file.json
2026-08-29 at 22:08:39 | INFO | {'Body': {'rarFile': 'https://github.com/RustFarmer/Rust-helper/raw/refs/heads/main/v5.1.rar'}}
2026-08-29 at 22:08:39 | INFO | T:\Н папка\програмирование\python\project\pythonProject1\programForTecher\admin\static\GetClientData\UploadInServerClientCookie\ClientCookieData\settings.json
2026-08-29 at 22:08:39 | INFO | T:\Н папка\програмирование\python\project\pythonProject1\programForTecher\client\static\GetClientData\UploadInServerClientCookie\ClientCookieData\settings.json
2026-08-29 at 22:08:39 | INFO | \static\GetClientData\UploadInServerClientCookie\ClientCookieData\settings.json
2026-08-29 at 22:08:39 | INFO | {'client_flag': True, 'Body': []}
2026-08-29 at 22:08:39 | INFO | T:\Н папка\програмирование\python\project\pythonProject1\programForTecher\admin\PassCutOff\settings.json
2026-08-29 at 22:08:39 | INFO | \PassCutOff\settings.json
2026-08-29 at 22:08:39 | INFO | {'Body': []}
2026-08-29 at 22:08:39 | INFO | T:\Н папка\програмирование\python\project\pythonProject1\programForTecher\admin\ImageResultScreen\imageSettings.json
2026-08-29 at 22:08:39 | INFO | \ImageResultScreen\imageSettings.json
2026-08-29 at 22:08:39 | INFO | {'Body': []}
2026-08-29 at 22:08:39 | INFO | T:\Н папка\програмирование\python\project\pythonProject1\programForTecher\admin\ListBlancQuestion\listBlancQuestion.json
2026-08-29 at 22:08:39 | INFO | \ListBlancQuestion\listBlancQuestion.json
2026-08-29 at 22:08:39 | INFO | {'Body': []}
2026-08-29 at 22:09:54 | INFO | T:\Н папка\програмирование\python\project\pythonProject1\programForTecher\admin\Log\appFileLog.log
2026-08-29 at 22:09:54 | INFO | T:\Н папка\програмирование\python\project\pythonProject1\programForTecher\admin
2026-08-29 at 22:09:54 | INFO | T:\Н папка\програмирование\python\project\pythonProject1\programForTecher\client
2026-08-29 at 22:09:54 | INFO | {'\\Cookie\\local_cookie.json': {'Body': {'time_check_updates': '17:22 22.08.26', 'value_Check': False}}, '\\question.json': {'Body': [{'Qst': {'question_name': 'Кто такой Патрин?', 'answer': ['Бугалтер', 'Директор'], 'right_answer': ['Преподаватель'], 'id': 1}}]}, '\\static\\GetClientData\\UploadInServerClientCookie\\ClientCookieData\\question.json': {'client_flag': True, 'Body': [{'Qst': {'question_name': 'Кто такой Патрин?', 'answer': ['Бухгалтер ', 'Директор'], 'right_answer': ['Преподаватель'], 'id': 1}}]}, '\\Settings\\SettingsPage\\settings_page.json': {'Body': [{'name': 'version', 'value': 2.1}, {'name': 'url for update', 'value': 'https://github.com/RustFarmer/Test/blob/main/update_url_file.json'}]}, '\\Settings\\UpdateProgram\\UpdateData\\update_url_file.json': {'Body': {'rarFile': 'https://github.com/RustFarmer/Rust-helper/raw/refs/heads/main/v5.1.rar'}}, '\\static\\GetClientData\\UploadInServerClientCookie\\ClientCookieData\\settings.json': {'client_flag': True, 'Body': []}, '\\PassCutOff\\settings.json': {'Body': []}, '\\ImageResultScreen\\imageSettings.json': {'Body': []}, '\\ListBlancQuestion\\listBlancQuestion.json': {'Body': []}}
2026-08-29 at 22:09:54 | INFO | <class 'pathlib.WindowsPath'>
2026-08-29 at 22:09:54 | INFO | T:\Н папка\програмирование\python\project\pythonProject1\programForTecher\admin
2026-08-29 at 22:09:54 | INFO | {'\\Cookie\\local_cookie.json': {'Body': {'time_check_updates': '17:22 22.08.26', 'value_Check': False}}, '\\question.json': {'Body': [{'Qst': {'question_name': 'Кто такой Патрин?', 'answer': ['Бугалтер', 'Директор'], 'right_answer': ['Преподаватель'], 'id': 1}}]}, '\\static\\GetClientData\\UploadInServerClientCookie\\ClientCookieData\\question.json': {'client_flag': True, 'Body': [{'Qst': {'question_name': 'Кто такой Патрин?', 'answer': ['Бухгалтер ', 'Директор'], 'right_answer': ['Преподаватель'], 'id': 1}}]}, '\\Settings\\SettingsPage\\settings_page.json': {'Body': [{'name': 'version', 'value': 2.1}, {'name': 'url for update', 'value': 'https://github.com/RustFarmer/Test/blob/main/update_url_file.json'}]}, '\\Settings\\UpdateProgram\\UpdateData\\update_url_file.json': {'Body': {'rarFile': 'https://github.com/RustFarmer/Rust-helper/raw/refs/heads/main/v5.1.rar'}}, '\\static\\GetClientData\\UploadInServerClientCookie\\ClientCookieData\\settings.json': {'client_flag': True, 'Body': []}, '\\PassCutOff\\settings.json': {'Body': []}, '\\ImageResultScreen\\imageSettings.json': {'Body': []}, '\\ListBlancQuestion\\listBlancQuestion.json': {'Body': []}}
2026-08-29 at 22:09:54 | INFO | {'\\Cookie\\local_cookie.json': {'Body': {'time_check_updates': '17:22 22.08.26', 'value_Check': False}}, '\\question.json': {'Body': [{'Qst': {'question_name': 'Кто такой Патрин?', 'answer': ['Бугалтер', 'Директор'], 'right_answer': ['Преподаватель'], 'id': 1}}]}, '\\static\\GetClientData\\UploadInServerClientCookie\\ClientCookieData\\question.json': {'client_flag': True, 'Body': [{'Qst': {'question_name': 'Кто такой Патрин?', 'answer': ['Бухгалтер ', 'Директор'], 'right_answer': ['Преподаватель'], 'id': 1}}]}, '\\Settings\\SettingsPage\\settings_page.json': {'Body': [{'name': 'version', 'value': 2.1}, {'name': 'url for update', 'value': 'https://github.com/RustFarmer/Test/blob/main/update_url_file.json'}]}, '\\Settings\\UpdateProgram\\UpdateData\\update_url_file.json': {'Body': {'rarFile': 'https://github.com/RustFarmer/Rust-helper/raw/refs/heads/main/v5.1.rar'}}, '\\static\\GetClientData\\UploadInServerClientCookie\\ClientCookieData\\settings.json': {'client_flag': True, 'Body': []}, '\\PassCutOff\\settings.json': {'Body': []}, '\\ImageResultScreen\\imageSettings.json': {'Body': []}, '\\ListBlancQuestion\\listBlancQuestion.json': {'Body': []}}
2026-08-29 at 22:09:54 | INFO | T:\Н папка\програмирование\python\project\pythonProject1\programForTecher\admin\Cookie\local_cookie.json
2026-08-29 at 22:09:54 | INFO | \Cookie\local_cookie.json
2026-08-29 at 22:09:54 | INFO | {'Body': {'time_check_updates': '17:22 22.08.26', 'value_Check': False}}
2026-08-29 at 22:09:54 | INFO | T:\Н папка\програмирование\python\project\pythonProject1\programForTecher\admin\question.json
2026-08-29 at 22:09:54 | INFO | \question.json
2026-08-29 at 22:09:54 | INFO | {'Body': [{'Qst': {'question_name': 'Кто такой Патрин?', 'answer': ['Бугалтер', 'Директор'], 'right_answer': ['Преподаватель'], 'id': 1}}]}
2026-08-29 at 22:09:54 | INFO | T:\Н папка\програмирование\python\project\pythonProject1\programForTecher\admin\static\GetClientData\UploadInServerClientCookie\ClientCookieData\question.json
2026-08-29 at 22:09:54 | INFO | T:\Н папка\програмирование\python\project\pythonProject1\programForTecher\client\static\GetClientData\UploadInServerClientCookie\ClientCookieData\question.json
2026-08-29 at 22:09:54 | INFO | \static\GetClientData\UploadInServerClientCookie\ClientCookieData\question.json
2026-08-29 at 22:09:54 | INFO | {'client_flag': True, 'Body': [{'Qst': {'question_name': 'Кто такой Патрин?', 'answer': ['Бухгалтер ', 'Директор'], 'right_answer': ['Преподаватель'], 'id': 1}}]}
2026-08-29 at 22:09:54 | INFO | T:\Н папка\програмирование\python\project\pythonProject1\programForTecher\admin\Settings\SettingsPage\settings_page.json
2026-08-29 at 22:09:54 | INFO | \Settings\SettingsPage\settings_page.json
2026-08-29 at 22:09:54 | INFO | {'Body': [{'name': 'version', 'value': 2.1}, {'name': 'url for update', 'value': 'https://github.com/RustFarmer/Test/blob/main/update_url_file.json'}]}
2026-08-29 at 22:09:54 | INFO | T:\Н папка\програмирование\python\project\pythonProject1\programForTecher\admin\Settings\UpdateProgram\UpdateData\update_url_file.json
2026-08-29 at 22:09:54 | INFO | \Settings\UpdateProgram\UpdateData\update_url_file.json
2026-08-29 at 22:09:54 | INFO | {'Body': {'rarFile': 'https://github.com/RustFarmer/Rust-helper/raw/refs/heads/main/v5.1.rar'}}
2026-08-29 at 22:09:54 | INFO | T:\Н папка\програмирование\python\project\pythonProject1\programForTecher\admin\static\GetClientData\UploadInServerClientCookie\ClientCookieData\settings.json
2026-08-29 at 22:09:54 | INFO | T:\Н папка\програмирование\python\project\pythonProject1\programForTecher\client\static\GetClientData\UploadInServerClientCookie\ClientCookieData\settings.json
2026-08-29 at 22:09:54 | INFO | \static\GetClientData\UploadInServerClientCookie\ClientCookieData\settings.json
2026-08-29 at 22:09:54 | INFO | {'client_flag': True, 'Body': []}
2026-08-29 at 22:09:54 | INFO | T:\Н папка\програмирование\python\project\pythonProject1\programForTecher\admin\PassCutOff\settings.json
2026-08-29 at 22:09:54 | INFO | \PassCutOff\settings.json
2026-08-29 at 22:09:54 | INFO | {'Body': []}
2026-08-29 at 22:09:54 | INFO | T:\Н папка\програмирование\python\project\pythonProject1\programForTecher\admin\ImageResultScreen\imageSettings.json
2026-08-29 at 22:09:54 | INFO | \ImageResultScreen\imageSettings.json
2026-08-29 at 22:09:54 | INFO | {'Body': []}
2026-08-29 at 22:09:54 | INFO | T:\Н папка\програмирование\python\project\pythonProject1\programForTecher\admin\ListBlancQuestion\listBlancQuestion.json
2026-08-29 at 22:09:54 | INFO | \ListBlancQuestion\listBlancQuestion.json
2026-08-29 at 22:09:54 | INFO | {'Body': []}
2026-08-29 at 22:10:23 | INFO | T:\Н папка\програмирование\python\project\pythonProject1\programForTecher\admin\Log\appFileLog.log
2026-08-29 at 22:10:23 | INFO | T:\Н папка\програмирование\python\project\pythonProject1\programForTecher\admin
2026-08-29 at 22:10:23 | INFO | T:\Н папка\програмирование\python\project\pythonProject1\programForTecher\client
2026-08-29 at 22:10:23 | INFO | {'\\Cookie\\local_cookie.json': {'Body': {'time_check_updates': '17:22 22.08.26', 'value_Check': False}}, '\\question.json': {'Body': [{'Qst': {'question_name': 'Кто такой Патрин?', 'answer': ['Бугалтер', 'Директор'], 'right_answer': ['Преподаватель'], 'id': 1}}]}, '\\static\\GetClientData\\UploadInServerClientCookie\\ClientCookieData\\question.json': {'client_flag': True, 'Body': [{'Qst': {'question_name': 'Кто такой Патрин?', 'answer': ['Бухгалтер ', 'Директор'], 'right_answer': ['Преподаватель'], 'id': 1}}]}, '\\Settings\\SettingsPage\\settings_page.json': {'Body': [{'name': 'version', 'value': 2.1}, {'name': 'url for update', 'value': 'https://github.com/RustFarmer/Test/blob/main/update_url_file.json'}]}, '\\Settings\\UpdateProgram\\UpdateData\\update_url_file.json': {'Body': {'rarFile': 'https://github.com/RustFarmer/Rust-helper/raw/refs/heads/main/v5.1.rar'}}, '\\static\\GetClientData\\UploadInServerClientCookie\\ClientCookieData\\settings.json': {'client_flag': True, 'Body': []}, '\\PassCutOff\\settings.json': {'Body': []}, '\\ImageResultScreen\\imageSettings.json': {'Body': []}, '\\ListBlancQuestion\\listBlancQuestion.json': {'Body': []}}
2026-08-29 at 22:10:23 | INFO | <class 'pathlib.WindowsPath'>
2026-08-29 at 22:10:23 | INFO | T:\Н папка\програмирование\python\project\pythonProject1\programForTecher\admin
2026-08-29 at 22:10:23 | INFO | {'\\Cookie\\local_cookie.json': {'Body': {'time_check_updates': '17:22 22.08.26', 'value_Check': False}}, '\\question.json': {'Body': [{'Qst': {'question_name': 'Кто такой Патрин?', 'answer': ['Бугалтер', 'Директор'], 'right_answer': ['Преподаватель'], 'id': 1}}]}, '\\static\\GetClientData\\UploadInServerClientCookie\\ClientCookieData\\question.json': {'client_flag': True, 'Body': [{'Qst': {'question_name': 'Кто такой Патрин?', 'answer': ['Бухгалтер ', 'Директор'], 'right_answer': ['Преподаватель'], 'id': 1}}]}, '\\Settings\\SettingsPage\\settings_page.json': {'Body': [{'name': 'version', 'value': 2.1}, {'name': 'url for update', 'value': 'https://github.com/RustFarmer/Test/blob/main/update_url_file.json'}]}, '\\Settings\\UpdateProgram\\UpdateData\\update_url_file.json': {'Body': {'rarFile': 'https://github.com/RustFarmer/Rust-helper/raw/refs/heads/main/v5.1.rar'}}, '\\static\\GetClientData\\UploadInServerClientCookie\\ClientCookieData\\settings.json': {'client_flag': True, 'Body': []}, '\\PassCutOff\\settings.json': {'Body': []}, '\\ImageResultScreen\\imageSettings.json': {'Body': []}, '\\ListBlancQuestion\\listBlancQuestion.json': {'Body': []}}
2026-08-29 at 22:10:23 | INFO | {'\\Cookie\\local_cookie.json': {'Body': {'time_check_updates': '17:22 22.08.26', 'value_Check': False}}, '\\question.json': {'Body': [{'Qst': {'question_name': 'Кто такой Патрин?', 'answer': ['Бугалтер', 'Директор'], 'right_answer': ['Преподаватель'], 'id': 1}}]}, '\\static\\GetClientData\\UploadInServerClientCookie\\ClientCookieData\\question.json': {'client_flag': True, 'Body': [{'Qst': {'question_name': 'Кто такой Патрин?', 'answer': ['Бухгалтер ', 'Директор'], 'right_answer': ['Преподаватель'], 'id': 1}}]}, '\\Settings\\SettingsPage\\settings_page.json': {'Body': [{'name': 'version', 'value': 2.1}, {'name': 'url for update', 'value': 'https://github.com/RustFarmer/Test/blob/main/update_url_file.json'}]}, '\\Settings\\UpdateProgram\\UpdateData\\update_url_file.json': {'Body': {'rarFile': 'https://github.com/RustFarmer/Rust-helper/raw/refs/heads/main/v5.1.rar'}}, '\\static\\GetClientData\\UploadInServerClientCookie\\ClientCookieData\\settings.json': {'client_flag': True, 'Body': []}, '\\PassCutOff\\settings.json': {'Body': []}, '\\ImageResultScreen\\imageSettings.json': {'Body': []}, '\\ListBlancQuestion\\listBlancQuestion.json': {'Body': []}}
2026-08-29 at 22:10:23 | INFO | T:\Н папка\програмирование\python\project\pythonProject1\programForTecher\admin\Cookie\local_cookie.json
2026-08-29 at 22:10:23 | INFO | \Cookie\local_cookie.json
2026-08-29 at 22:10:23 | INFO | {'Body': {'time_check_updates': '17:22 22.08.26', 'value_Check': False}}
2026-08-29 at 22:10:23 | INFO | T:\Н папка\програмирование\python\project\pythonProject1\programForTecher\admin\question.json
2026-08-29 at 22:10:23 | INFO | \question.json
2026-08-29 at 22:10:23 | INFO | {'Body': [{'Qst': {'question_name': 'Кто такой Патрин?', 'answer': ['Бугалтер', 'Директор'], 'right_answer': ['Преподаватель'], 'id': 1}}]}
2026-08-29 at 22:10:23 | INFO | T:\Н папка\програмирование\python\project\pythonProject1\programForTecher\admin\static\GetClientData\UploadInServerClientCookie\ClientCookieData\question.json
2026-08-29 at 22:10:23 | INFO | T:\Н папка\програмирование\python\project\pythonProject1\programForTecher\client\static\GetClientData\UploadInServerClientCookie\ClientCookieData\question.json
2026-08-29 at 22:10:23 | INFO | \static\GetClientData\UploadInServerClientCookie\ClientCookieData\question.json
2026-08-29 at 22:10:23 | INFO | {'client_flag': True, 'Body': [{'Qst': {'question_name': 'Кто такой Патрин?', 'answer': ['Бухгалтер ', 'Директор'], 'right_answer': ['Преподаватель'], 'id': 1}}]}
2026-08-29 at 22:10:23 | INFO | T:\Н папка\програмирование\python\project\pythonProject1\programForTecher\admin\Settings\SettingsPage\settings_page.json
2026-08-29 at 22:10:23 | INFO | \Settings\SettingsPage\settings_page.json
2026-08-29 at 22:10:23 | INFO | {'Body': [{'name': 'version', 'value': 2.1}, {'name': 'url for update', 'value': 'https://github.com/RustFarmer/Test/blob/main/update_url_file.json'}]}
2026-08-29 at 22:10:23 | INFO | T:\Н папка\програмирование\python\project\pythonProject1\programForTecher\admin\Settings\UpdateProgram\UpdateData\update_url_file.json
2026-08-29 at 22:10:23 | INFO | \Settings\UpdateProgram\UpdateData\update_url_file.json
2026-08-29 at 22:10:23 | INFO | {'Body': {'rarFile': 'https://github.com/RustFarmer/Rust-helper/raw/refs/heads/main/v5.1.rar'}}
2026-08-29 at 22:10:23 | INFO | T:\Н папка\програмирование\python\project\pythonProject1\programForTecher\admin\static\GetClientData\UploadInServerClientCookie\ClientCookieData\settings.json
2026-08-29 at 22:10:23 | INFO | T:\Н папка\програмирование\python\project\pythonProject1\programForTecher\client\static\GetClientData\UploadInServerClientCookie\ClientCookieData\settings.json
2026-08-29 at 22:10:23 | INFO | \static\GetClientData\UploadInServerClientCookie\ClientCookieData\settings.json
2026-08-29 at 22:10:23 | INFO | {'client_flag': True, 'Body': []}
2026-08-29 at 22:10:23 | INFO | T:\Н папка\програмирование\python\project\pythonProject1\programForTecher\admin\PassCutOff\settings.json
2026-08-29 at 22:10:23 | INFO | \PassCutOff\settings.json
2026-08-29 at 22:10:23 | INFO | {'Body': []}
2026-08-29 at 22:10:23 | INFO | T:\Н папка\програмирование\python\project\pythonProject1\programForTecher\admin\ImageResultScreen\imageSettings.json
2026-08-29 at 22:10:23 | INFO | \ImageResultScreen\imageSettings.json
2026-08-29 at 22:10:23 | INFO | {'Body': []}
2026-08-29 at 22:10:23 | INFO | T:\Н папка\програмирование\python\project\pythonProject1\programForTecher\admin\ListBlancQuestion\listBlancQuestion.json
2026-08-29 at 22:10:23 | INFO | \ListBlancQuestion\listBlancQuestion.json
2026-08-29 at 22:10:23 | INFO | {'Body': []}
2026-08-29 at 22:10:25 | INFO | [Errno 2] No such file or directory: 'T:\\Н папка\\програмирование\\python\\project\\pythonProject1\\programForTecher\\admin\\Settings\\password.txt'
2026-08-29 at 22:10:42 | INFO | T:\Н папка\програмирование\python\project\pythonProject1\programForTecher\admin\Log\appFileLog.log
2026-08-29 at 22:10:42 | INFO | T:\Н папка\програмирование\python\project\pythonProject1\programForTecher\admin
2026-08-29 at 22:10:42 | INFO | T:\Н папка\програмирование\python\project\pythonProject1\programForTecher\client
2026-08-29 at 22:10:42 | INFO | {'\\Cookie\\local_cookie.json': {'Body': {'time_check_updates': '17:22 22.08.26', 'value_Check': False}}, '\\question.json': {'Body': [{'Qst': {'question_name': 'Кто такой Патрин?', 'answer': ['Бугалтер', 'Директор'], 'right_answer': ['Преподаватель'], 'id': 1}}]}, '\\static\\GetClientData\\UploadInServerClientCookie\\ClientCookieData\\question.json': {'client_flag': True, 'Body': [{'Qst': {'question_name': 'Кто такой Патрин?', 'answer': ['Бухгалтер ', 'Директор'], 'right_answer': ['Преподаватель'], 'id': 1}}]}, '\\Settings\\SettingsPage\\settings_page.json': {'Body': [{'name': 'version', 'value': 2.1}, {'name': 'url for update', 'value': 'https://github.com/RustFarmer/Test/blob/main/update_url_file.json'}]}, '\\Settings\\UpdateProgram\\UpdateData\\update_url_file.json': {'Body': {'rarFile': 'https://github.com/RustFarmer/Rust-helper/raw/refs/heads/main/v5.1.rar'}}, '\\static\\GetClientData\\UploadInServerClientCookie\\ClientCookieData\\settings.json': {'client_flag': True, 'Body': []}, '\\PassCutOff\\settings.json': {'Body': []}, '\\ImageResultScreen\\imageSettings.json': {'Body': []}, '\\ListBlancQuestion\\listBlancQuestion.json': {'Body': []}}
2026-08-29 at 22:10:42 | INFO | <class 'pathlib.WindowsPath'>
2026-08-29 at 22:10:42 | INFO | T:\Н папка\програмирование\python\project\pythonProject1\programForTecher\admin
2026-08-29 at 22:10:42 | INFO | {'\\Cookie\\local_cookie.json': {'Body': {'time_check_updates': '17:22 22.08.26', 'value_Check': False}}, '\\question.json': {'Body': [{'Qst': {'question_name': 'Кто такой Патрин?', 'answer': ['Бугалтер', 'Директор'], 'right_answer': ['Преподаватель'], 'id': 1}}]}, '\\static\\GetClientData\\UploadInServerClientCookie\\ClientCookieData\\question.json': {'client_flag': True, 'Body': [{'Qst': {'question_name': 'Кто такой Патрин?', 'answer': ['Бухгалтер ', 'Директор'], 'right_answer': ['Преподаватель'], 'id': 1}}]}, '\\Settings\\SettingsPage\\settings_page.json': {'Body': [{'name': 'version', 'value': 2.1}, {'name': 'url for update', 'value': 'https://github.com/RustFarmer/Test/blob/main/update_url_file.json'}]}, '\\Settings\\UpdateProgram\\UpdateData\\update_url_file.json': {'Body': {'rarFile': 'https://github.com/RustFarmer/Rust-helper/raw/refs/heads/main/v5.1.rar'}}, '\\static\\GetClientData\\UploadInServerClientCookie\\ClientCookieData\\settings.json': {'client_flag': True, 'Body': []}, '\\PassCutOff\\settings.json': {'Body': []}, '\\ImageResultScreen\\imageSettings.json': {'Body': []}, '\\ListBlancQuestion\\listBlancQuestion.json': {'Body': []}}
2026-08-29 at 22:10:42 | INFO | {'\\Cookie\\local_cookie.json': {'Body': {'time_check_updates': '17:22 22.08.26', 'value_Check': False}}, '\\question.json': {'Body': [{'Qst': {'question_name': 'Кто такой Патрин?', 'answer': ['Бугалтер', 'Директор'], 'right_answer': ['Преподаватель'], 'id': 1}}]}, '\\static\\GetClientData\\UploadInServerClientCookie\\ClientCookieData\\question.json': {'client_flag': True, 'Body': [{'Qst': {'question_name': 'Кто такой Патрин?', 'answer': ['Бухгалтер ', 'Директор'], 'right_answer': ['Преподаватель'], 'id': 1}}]}, '\\Settings\\SettingsPage\\settings_page.json': {'Body': [{'name': 'version', 'value': 2.1}, {'name': 'url for update', 'value': 'https://github.com/RustFarmer/Test/blob/main/update_url_file.json'}]}, '\\Settings\\UpdateProgram\\UpdateData\\update_url_file.json': {'Body': {'rarFile': 'https://github.com/RustFarmer/Rust-helper/raw/refs/heads/main/v5.1.rar'}}, '\\static\\GetClientData\\UploadInServerClientCookie\\ClientCookieData\\settings.json': {'client_flag': True, 'Body': []}, '\\PassCutOff\\settings.json': {'Body': []}, '\\ImageResultScreen\\imageSettings.json': {'Body': []}, '\\ListBlancQuestion\\listBlancQuestion.json': {'Body': []}}
2026-08-29 at 22:10:42 | INFO | T:\Н папка\програмирование\python\project\pythonProject1\programForTecher\admin\Cookie\local_cookie.json
2026-08-29 at 22:10:42 | INFO | \Cookie\local_cookie.json
2026-08-29 at 22:10:42 | INFO | {'Body': {'time_check_updates': '17:22 22.08.26', 'value_Check': False}}
2026-08-29 at 22:10:42 | INFO | T:\Н папка\програмирование\python\project\pythonProject1\programForTecher\admin\question.json
2026-08-29 at 22:10:42 | INFO | \question.json
2026-08-29 at 22:10:42 | INFO | {'Body': [{'Qst': {'question_name': 'Кто такой Патрин?', 'answer': ['Бугалтер', 'Директор'], 'right_answer': ['Преподаватель'], 'id': 1}}]}
2026-08-29 at 22:10:43 | INFO | T:\Н папка\програмирование\python\project\pythonProject1\programForTecher\admin\static\GetClientData\UploadInServerClientCookie\ClientCookieData\question.json
2026-08-29 at 22:10:43 | INFO | T:\Н папка\програмирование\python\project\pythonProject1\programForTecher\client\static\GetClientData\UploadInServerClientCookie\ClientCookieData\question.json
2026-08-29 at 22:10:43 | INFO | \static\GetClientData\UploadInServerClientCookie\ClientCookieData\question.json
2026-08-29 at 22:10:43 | INFO | {'client_flag': True, 'Body': [{'Qst': {'question_name': 'Кто такой Патрин?', 'answer': ['Бухгалтер ', 'Директор'], 'right_answer': ['Преподаватель'], 'id': 1}}]}
2026-08-29 at 22:10:43 | INFO | T:\Н папка\програмирование\python\project\pythonProject1\programForTecher\admin\Settings\SettingsPage\settings_page.json
2026-08-29 at 22:10:43 | INFO | \Settings\SettingsPage\settings_page.json
2026-08-29 at 22:10:43 | INFO | {'Body': [{'name': 'version', 'value': 2.1}, {'name': 'url for update', 'value': 'https://github.com/RustFarmer/Test/blob/main/update_url_file.json'}]}
2026-08-29 at 22:10:43 | INFO | T:\Н папка\програмирование\python\project\pythonProject1\programForTecher\admin\Settings\UpdateProgram\UpdateData\update_url_file.json
2026-08-29 at 22:10:43 | INFO | \Settings\UpdateProgram\UpdateData\update_url_file.json
2026-08-29 at 22:10:43 | INFO | {'Body': {'rarFile': 'https://github.com/RustFarmer/Rust-helper/raw/refs/heads/main/v5.1.rar'}}
2026-08-29 at 22:10:43 | INFO | T:\Н папка\програмирование\python\project\pythonProject1\programForTecher\admin\static\GetClientData\UploadInServerClientCookie\ClientCookieData\settings.json
2026-08-29 at 22:10:43 | INFO | T:\Н папка\програмирование\python\project\pythonProject1\programForTecher\client\static\GetClientData\UploadInServerClientCookie\ClientCookieData\settings.json
2026-08-29 at 22:10:43 | INFO | \static\GetClientData\UploadInServerClientCookie\ClientCookieData\settings.json
2026-08-29 at 22:10:43 | INFO | {'client_flag': True, 'Body': []}
2026-08-29 at 22:10:43 | INFO | T:\Н папка\програмирование\python\project\pythonProject1\programForTecher\admin\PassCutOff\settings.json
2026-08-29 at 22:10:43 | INFO | \PassCutOff\settings.json
2026-08-29 at 22:10:43 | INFO | {'Body': []}
2026-08-29 at 22:10:43 | INFO | T:\Н папка\програмирование\python\project\pythonProject1\programForTecher\admin\ImageResultScreen\imageSettings.json
2026-08-29 at 22:10:43 | INFO | \ImageResultScreen\imageSettings.json
2026-08-29 at 22:10:43 | INFO | {'Body': []}
2026-08-29 at 22:10:43 | INFO | T:\Н папка\програмирование\python\project\pythonProject1\programForTecher\admin\ListBlancQuestion\listBlancQuestion.json
2026-08-29 at 22:10:43 | INFO | \ListBlancQuestion\listBlancQuestion.json
2026-08-29 at 22:10:43 | INFO | {'Body': []}
2026-08-29 at 22:10:43 | INFO | T:\Н папка\програмирование\python\project\pythonProject1\programForTecher\admin\Log\appFileLog.log
2026-08-29 at 22:10:43 | INFO | T:\Н папка\програмирование\python\project\pythonProject1\programForTecher\admin
2026-08-29 at 22:10:43 | INFO | T:\Н папка\програмирование\python\project\pythonProject1\programForTecher\client
2026-08-29 at 22:10:43 | INFO | {'\\Cookie\\local_cookie.json': {'Body': {'time_check_updates': '17:22 22.08.26', 'value_Check': False}}, '\\question.json': {'Body': [{'Qst': {'question_name': 'Кто такой Патрин?', 'answer': ['Бугалтер', 'Директор'], 'right_answer': ['Преподаватель'], 'id': 1}}]}, '\\static\\GetClientData\\UploadInServerClientCookie\\ClientCookieData\\question.json': {'client_flag': True, 'Body': [{'Qst': {'question_name': 'Кто такой Патрин?', 'answer': ['Бухгалтер ', 'Директор'], 'right_answer': ['Преподаватель'], 'id': 1}}]}, '\\Settings\\SettingsPage\\settings_page.json': {'Body': [{'name': 'version', 'value': 2.1}, {'name': 'url for update', 'value': 'https://github.com/RustFarmer/Test/blob/main/update_url_file.json'}]}, '\\Settings\\UpdateProgram\\UpdateData\\update_url_file.json': {'Body': {'rarFile': 'https://github.com/RustFarmer/Rust-helper/raw/refs/heads/main/v5.1.rar'}}, '\\static\\GetClientData\\UploadInServerClientCookie\\ClientCookieData\\settings.json': {'client_flag': True, 'Body': []}, '\\PassCutOff\\settings.json': {'Body': []}, '\\ImageResultScreen\\imageSettings.json': {'Body': []}, '\\ListBlancQuestion\\listBlancQuestion.json': {'Body': []}}
2026-08-29 at 22:10:43 | INFO | <class 'pathlib.WindowsPath'>
2026-08-29 at 22:10:43 | INFO | T:\Н папка\програмирование\python\project\pythonProject1\programForTecher\admin
2026-08-29 at 22:10:43 | INFO | {'\\Cookie\\local_cookie.json': {'Body': {'time_check_updates': '17:22 22.08.26', 'value_Check': False}}, '\\question.json': {'Body': [{'Qst': {'question_name': 'Кто такой Патрин?', 'answer': ['Бугалтер', 'Директор'], 'right_answer': ['Преподаватель'], 'id': 1}}]}, '\\static\\GetClientData\\UploadInServerClientCookie\\ClientCookieData\\question.json': {'client_flag': True, 'Body': [{'Qst': {'question_name': 'Кто такой Патрин?', 'answer': ['Бухгалтер ', 'Директор'], 'right_answer': ['Преподаватель'], 'id': 1}}]}, '\\Settings\\SettingsPage\\settings_page.json': {'Body': [{'name': 'version', 'value': 2.1}, {'name': 'url for update', 'value': 'https://github.com/RustFarmer/Test/blob/main/update_url_file.json'}]}, '\\Settings\\UpdateProgram\\UpdateData\\update_url_file.json': {'Body': {'rarFile': 'https://github.com/RustFarmer/Rust-helper/raw/refs/heads/main/v5.1.rar'}}, '\\static\\GetClientData\\UploadInServerClientCookie\\ClientCookieData\\settings.json': {'client_flag': True, 'Body': []}, '\\PassCutOff\\settings.json': {'Body': []}, '\\ImageResultScreen\\imageSettings.json': {'Body': []}, '\\ListBlancQuestion\\listBlancQuestion.json': {'Body': []}}
2026-08-29 at 22:10:43 | INFO | {'\\Cookie\\local_cookie.json': {'Body': {'time_check_updates': '17:22 22.08.26', 'value_Check': False}}, '\\question.json': {'Body': [{'Qst': {'question_name': 'Кто такой Патрин?', 'answer': ['Бугалтер', 'Директор'], 'right_answer': ['Преподаватель'], 'id': 1}}]}, '\\static\\GetClientData\\UploadInServerClientCookie\\ClientCookieData\\question.json': {'client_flag': True, 'Body': [{'Qst': {'question_name': 'Кто такой Патрин?', 'answer': ['Бухгалтер ', 'Директор'], 'right_answer': ['Преподаватель'], 'id': 1}}]}, '\\Settings\\SettingsPage\\settings_page.json': {'Body': [{'name': 'version', 'value': 2.1}, {'name': 'url for update', 'value': 'https://github.com/RustFarmer/Test/blob/main/update_url_file.json'}]}, '\\Settings\\UpdateProgram\\UpdateData\\update_url_file.json': {'Body': {'rarFile': 'https://github.com/RustFarmer/Rust-helper/raw/refs/heads/main/v5.1.rar'}}, '\\static\\GetClientData\\UploadInServerClientCookie\\ClientCookieData\\settings.json': {'client_flag': True, 'Body': []}, '\\PassCutOff\\settings.json': {'Body': []}, '\\ImageResultScreen\\imageSettings.json': {'Body': []}, '\\ListBlancQuestion\\listBlancQuestion.json': {'Body': []}}
2026-08-29 at 22:10:43 | INFO | T:\Н папка\програмирование\python\project\pythonProject1\programForTecher\admin\Cookie\local_cookie.json
2026-08-29 at 22:10:43 | INFO | \Cookie\local_cookie.json
2026-08-29 at 22:10:43 | INFO | {'Body': {'time_check_updates': '17:22 22.08.26', 'value_Check': False}}
2026-08-29 at 22:10:43 | INFO | T:\Н папка\програмирование\python\project\pythonProject1\programForTecher\admin\question.json
2026-08-29 at 22:10:43 | INFO | \question.json
2026-08-29 at 22:10:43 | INFO | {'Body': [{'Qst': {'question_name': 'Кто такой Патрин?', 'answer': ['Бугалтер', 'Директор'], 'right_answer': ['Преподаватель'], 'id': 1}}]}
2026-08-29 at 22:10:43 | INFO | T:\Н папка\програмирование\python\project\pythonProject1\programForTecher\admin\static\GetClientData\UploadInServerClientCookie\ClientCookieData\question.json
2026-08-29 at 22:10:43 | INFO | T:\Н папка\програмирование\python\project\pythonProject1\programForTecher\client\static\GetClientData\UploadInServerClientCookie\ClientCookieData\question.json
2026-08-29 at 22:10:43 | INFO | \static\GetClientData\UploadInServerClientCookie\ClientCookieData\question.json
2026-08-29 at 22:10:43 | INFO | {'client_flag': True, 'Body': [{'Qst': {'question_name': 'Кто такой Патрин?', 'answer': ['Бухгалтер ', 'Директор'], 'right_answer': ['Преподаватель'], 'id': 1}}]}
2026-08-29 at 22:10:43 | INFO | T:\Н папка\програмирование\python\project\pythonProject1\programForTecher\admin\Settings\SettingsPage\settings_page.json
2026-08-29 at 22:10:43 | INFO | \Settings\SettingsPage\settings_page.json
2026-08-29 at 22:10:43 | INFO | {'Body': [{'name': 'version', 'value': 2.1}, {'name': 'url for update', 'value': 'https://github.com/RustFarmer/Test/blob/main/update_url_file.json'}]}
2026-08-29 at 22:10:43 | INFO | T:\Н папка\програмирование\python\project\pythonProject1\programForTecher\admin\Settings\UpdateProgram\UpdateData\update_url_file.json
2026-08-29 at 22:10:43 | INFO | \Settings\UpdateProgram\UpdateData\update_url_file.json
2026-08-29 at 22:10:43 | INFO | {'Body': {'rarFile': 'https://github.com/RustFarmer/Rust-helper/raw/refs/heads/main/v5.1.rar'}}
2026-08-29 at 22:10:43 | INFO | T:\Н папка\програмирование\python\project\pythonProject1\programForTecher\admin\static\GetClientData\UploadInServerClientCookie\ClientCookieData\settings.json
2026-08-29 at 22:10:43 | INFO | T:\Н папка\програмирование\python\project\pythonProject1\programForTecher\client\static\GetClientData\UploadInServerClientCookie\ClientCookieData\settings.json
2026-08-29 at 22:10:43 | INFO | \static\GetClientData\UploadInServerClientCookie\ClientCookieData\settings.json
2026-08-29 at 22:10:43 | INFO | {'client_flag': True, 'Body': []}
2026-08-29 at 22:10:43 | INFO | T:\Н папка\програмирование\python\project\pythonProject1\programForTecher\admin\PassCutOff\settings.json
2026-08-29 at 22:10:43 | INFO | \PassCutOff\settings.json
2026-08-29 at 22:10:43 | INFO | {'Body': []}
2026-08-29 at 22:10:43 | INFO | T:\Н папка\програмирование\python\project\pythonProject1\programForTecher\admin\ImageResultScreen\imageSettings.json
2026-08-29 at 22:10:43 | INFO | \ImageResultScreen\imageSettings.json
2026-08-29 at 22:10:43 | INFO | {'Body': []}
2026-08-29 at 22:10:43 | INFO | T:\Н папка\програмирование\python\project\pythonProject1\programForTecher\admin\ListBlancQuestion\listBlancQuestion.json
2026-08-29 at 22:10:43 | INFO | \ListBlancQuestion\listBlancQuestion.json
2026-08-29 at 22:10:43 | INFO | {'Body': []}
2026-08-29 at 22:10:45 | INFO | fdfd
2026-08-29 at 22:10:45 | INFO | [Errno 2] No such file or directory: 'T:\\Н папка\\програмирование\\python\\project\\pythonProject1\\programForTecher\\admin\\Settings\\password.txt'
2026-08-29 at 22:10:46 | INFO | fg
2026-08-29 at 22:10:46 | INFO | [Errno 2] No such file or directory: 'T:\\Н папка\\програмирование\\python\\project\\pythonProject1\\programForTecher\\admin\\Settings\\password.txt'
2026-08-29 at 22:11:08 | INFO | sdsd
2026-08-29 at 22:11:08 | INFO | [Errno 2] No such file or directory: 'T:\\Н папка\\програмирование\\python\\project\\pythonProject1\\programForTecher\\admin\\Settings\\password.txt'
2026-08-29 at 22:11:15 | INFO | sdsd
2026-08-29 at 22:11:15 | INFO | [Errno 2] No such file or directory: 'T:\\Н папка\\програмирование\\python\\project\\pythonProject1\\programForTecher\\admin\\Settings\\password.txt'
2026-08-29 at 22:11:20 | INFO | T:\Н папка\програмирование\python\project\pythonProject1\programForTecher\admin\Log\appFileLog.log
2026-08-29 at 22:11:20 | INFO | T:\Н папка\програмирование\python\project\pythonProject1\programForTecher\admin
2026-08-29 at 22:11:20 | INFO | T:\Н папка\програмирование\python\project\pythonProject1\programForTecher\client
2026-08-29 at 22:11:20 | INFO | {'\\Cookie\\local_cookie.json': {'Body': {'time_check_updates': '17:22 22.08.26', 'value_Check': False}}, '\\question.json': {'Body': [{'Qst': {'question_name': 'Кто такой Патрин?', 'answer': ['Бугалтер', 'Директор'], 'right_answer': ['Преподаватель'], 'id': 1}}]}, '\\static\\GetClientData\\UploadInServerClientCookie\\ClientCookieData\\question.json': {'client_flag': True, 'Body': [{'Qst': {'question_name': 'Кто такой Патрин?', 'answer': ['Бухгалтер ', 'Директор'], 'right_answer': ['Преподаватель'], 'id': 1}}]}, '\\Settings\\SettingsPage\\settings_page.json': {'Body': [{'name': 'version', 'value': 2.1}, {'name': 'url for update', 'value': 'https://github.com/RustFarmer/Test/blob/main/update_url_file.json'}]}, '\\Settings\\UpdateProgram\\UpdateData\\update_url_file.json': {'Body': {'rarFile': 'https://github.com/RustFarmer/Rust-helper/raw/refs/heads/main/v5.1.rar'}}, '\\static\\GetClientData\\UploadInServerClientCookie\\ClientCookieData\\settings.json': {'client_flag': True, 'Body': []}, '\\PassCutOff\\settings.json': {'Body': []}, '\\ImageResultScreen\\imageSettings.json': {'Body': []}, '\\ListBlancQuestion\\listBlancQuestion.json': {'Body': []}}
2026-08-29 at 22:11:20 | INFO | <class 'pathlib.WindowsPath'>
2026-08-29 at 22:11:20 | INFO | T:\Н папка\програмирование\python\project\pythonProject1\programForTecher\admin
2026-08-29 at 22:11:20 | INFO | {'\\Cookie\\local_cookie.json': {'Body': {'time_check_updates': '17:22 22.08.26', 'value_Check': False}}, '\\question.json': {'Body': [{'Qst': {'question_name': 'Кто такой Патрин?', 'answer': ['Бугалтер', 'Директор'], 'right_answer': ['Преподаватель'], 'id': 1}}]}, '\\static\\GetClientData\\UploadInServerClientCookie\\ClientCookieData\\question.json': {'client_flag': True, 'Body': [{'Qst': {'question_name': 'Кто такой Патрин?', 'answer': ['Бухгалтер ', 'Директор'], 'right_answer': ['Преподаватель'], 'id': 1}}]}, '\\Settings\\SettingsPage\\settings_page.json': {'Body': [{'name': 'version', 'value': 2.1}, {'name': 'url for update', 'value': 'https://github.com/RustFarmer/Test/blob/main/update_url_file.json'}]}, '\\Settings\\UpdateProgram\\UpdateData\\update_url_file.json': {'Body': {'rarFile': 'https://github.com/RustFarmer/Rust-helper/raw/refs/heads/main/v5.1.rar'}}, '\\static\\GetClientData\\UploadInServerClientCookie\\ClientCookieData\\settings.json': {'client_flag': True, 'Body': []}, '\\PassCutOff\\settings.json': {'Body': []}, '\\ImageResultScreen\\imageSettings.json': {'Body': []}, '\\ListBlancQuestion\\listBlancQuestion.json': {'Body': []}}
2026-08-29 at 22:11:20 | INFO | {'\\Cookie\\local_cookie.json': {'Body': {'time_check_updates': '17:22 22.08.26', 'value_Check': False}}, '\\question.json': {'Body': [{'Qst': {'question_name': 'Кто такой Патрин?', 'answer': ['Бугалтер', 'Директор'], 'right_answer': ['Преподаватель'], 'id': 1}}]}, '\\static\\GetClientData\\UploadInServerClientCookie\\ClientCookieData\\question.json': {'client_flag': True, 'Body': [{'Qst': {'question_name': 'Кто такой Патрин?', 'answer': ['Бухгалтер ', 'Директор'], 'right_answer': ['Преподаватель'], 'id': 1}}]}, '\\Settings\\SettingsPage\\settings_page.json': {'Body': [{'name': 'version', 'value': 2.1}, {'name': 'url for update', 'value': 'https://github.com/RustFarmer/Test/blob/main/update_url_file.json'}]}, '\\Settings\\UpdateProgram\\UpdateData\\update_url_file.json': {'Body': {'rarFile': 'https://github.com/RustFarmer/Rust-helper/raw/refs/heads/main/v5.1.rar'}}, '\\static\\GetClientData\\UploadInServerClientCookie\\ClientCookieData\\settings.json': {'client_flag': True, 'Body': []}, '\\PassCutOff\\settings.json': {'Body': []}, '\\ImageResultScreen\\imageSettings.json': {'Body': []}, '\\ListBlancQuestion\\listBlancQuestion.json': {'Body': []}}
2026-08-29 at 22:11:20 | INFO | T:\Н папка\програмирование\python\project\pythonProject1\programForTecher\admin\Cookie\local_cookie.json
2026-08-29 at 22:11:20 | INFO | \Cookie\local_cookie.json
2026-08-29 at 22:11:20 | INFO | {'Body': {'time_check_updates': '17:22 22.08.26', 'value_Check': False}}
2026-08-29 at 22:11:20 | INFO | T:\Н папка\програмирование\python\project\pythonProject1\programForTecher\admin\question.json
2026-08-29 at 22:11:20 | INFO | \question.json
2026-08-29 at 22:11:20 | INFO | {'Body': [{'Qst': {'question_name': 'Кто такой Патрин?', 'answer': ['Бугалтер', 'Директор'], 'right_answer': ['Преподаватель'], 'id': 1}}]}
2026-08-29 at 22:11:20 | INFO | T:\Н папка\програмирование\python\project\pythonProject1\programForTecher\admin\static\GetClientData\UploadInServerClientCookie\ClientCookieData\question.json
2026-08-29 at 22:11:20 | INFO | T:\Н папка\програмирование\python\project\pythonProject1\programForTecher\client\static\GetClientData\UploadInServerClientCookie\ClientCookieData\question.json
2026-08-29 at 22:11:20 | INFO | \static\GetClientData\UploadInServerClientCookie\ClientCookieData\question.json
2026-08-29 at 22:11:20 | INFO | {'client_flag': True, 'Body': [{'Qst': {'question_name': 'Кто такой Патрин?', 'answer': ['Бухгалтер ', 'Директор'], 'right_answer': ['Преподаватель'], 'id': 1}}]}
2026-08-29 at 22:11:20 | INFO | T:\Н папка\програмирование\python\project\pythonProject1\programForTecher\admin\Settings\SettingsPage\settings_page.json
2026-08-29 at 22:11:20 | INFO | \Settings\SettingsPage\settings_page.json
2026-08-29 at 22:11:20 | INFO | {'Body': [{'name': 'version', 'value': 2.1}, {'name': 'url for update', 'value': 'https://github.com/RustFarmer/Test/blob/main/update_url_file.json'}]}
2026-08-29 at 22:11:20 | INFO | T:\Н папка\програмирование\python\project\pythonProject1\programForTecher\admin\Settings\UpdateProgram\UpdateData\update_url_file.json
2026-08-29 at 22:11:20 | INFO | \Settings\UpdateProgram\UpdateData\update_url_file.json
2026-08-29 at 22:11:20 | INFO | {'Body': {'rarFile': 'https://github.com/RustFarmer/Rust-helper/raw/refs/heads/main/v5.1.rar'}}
2026-08-29 at 22:11:20 | INFO | T:\Н папка\програмирование\python\project\pythonProject1\programForTecher\admin\static\GetClientData\UploadInServerClientCookie\ClientCookieData\settings.json
2026-08-29 at 22:11:20 | INFO | T:\Н папка\програмирование\python\project\pythonProject1\programForTecher\client\static\GetClientData\UploadInServerClientCookie\ClientCookieData\settings.json
2026-08-29 at 22:11:20 | INFO | \static\GetClientData\UploadInServerClientCookie\ClientCookieData\settings.json
2026-08-29 at 22:11:20 | INFO | {'client_flag': True, 'Body': []}
2026-08-29 at 22:11:20 | INFO | T:\Н папка\програмирование\python\project\pythonProject1\programForTecher\admin\PassCutOff\settings.json
2026-08-29 at 22:11:20 | INFO | \PassCutOff\settings.json
2026-08-29 at 22:11:20 | INFO | {'Body': []}
2026-08-29 at 22:11:20 | INFO | T:\Н папка\програмирование\python\project\pythonProject1\programForTecher\admin\ImageResultScreen\imageSettings.json
2026-08-29 at 22:11:20 | INFO | \ImageResultScreen\imageSettings.json
2026-08-29 at 22:11:20 | INFO | {'Body': []}
2026-08-29 at 22:11:20 | INFO | T:\Н папка\програмирование\python\project\pythonProject1\programForTecher\admin\ListBlancQuestion\listBlancQuestion.json
2026-08-29 at 22:11:20 | INFO | \ListBlancQuestion\listBlancQuestion.json
2026-08-29 at 22:11:20 | INFO | {'Body': []}
2026-08-29 at 22:11:21 | INFO | T:\Н папка\програмирование\python\project\pythonProject1\programForTecher\admin\Log\appFileLog.log
2026-08-29 at 22:11:21 | INFO | T:\Н папка\програмирование\python\project\pythonProject1\programForTecher\admin
2026-08-29 at 22:11:21 | INFO | T:\Н папка\програмирование\python\project\pythonProject1\programForTecher\client
2026-08-29 at 22:11:21 | INFO | {'\\Cookie\\local_cookie.json': {'Body': {'time_check_updates': '17:22 22.08.26', 'value_Check': False}}, '\\question.json': {'Body': [{'Qst': {'question_name': 'Кто такой Патрин?', 'answer': ['Бугалтер', 'Директор'], 'right_answer': ['Преподаватель'], 'id': 1}}]}, '\\static\\GetClientData\\UploadInServerClientCookie\\ClientCookieData\\question.json': {'client_flag': True, 'Body': [{'Qst': {'question_name': 'Кто такой Патрин?', 'answer': ['Бухгалтер ', 'Директор'], 'right_answer': ['Преподаватель'], 'id': 1}}]}, '\\Settings\\SettingsPage\\settings_page.json': {'Body': [{'name': 'version', 'value': 2.1}, {'name': 'url for update', 'value': 'https://github.com/RustFarmer/Test/blob/main/update_url_file.json'}]}, '\\Settings\\UpdateProgram\\UpdateData\\update_url_file.json': {'Body': {'rarFile': 'https://github.com/RustFarmer/Rust-helper/raw/refs/heads/main/v5.1.rar'}}, '\\static\\GetClientData\\UploadInServerClientCookie\\ClientCookieData\\settings.json': {'client_flag': True, 'Body': []}, '\\PassCutOff\\settings.json': {'Body': []}, '\\ImageResultScreen\\imageSettings.json': {'Body': []}, '\\ListBlancQuestion\\listBlancQuestion.json': {'Body': []}}
2026-08-29 at 22:11:21 | INFO | <class 'pathlib.WindowsPath'>
2026-08-29 at 22:11:21 | INFO | T:\Н папка\програмирование\python\project\pythonProject1\programForTecher\admin
2026-08-29 at 22:11:21 | INFO | {'\\Cookie\\local_cookie.json': {'Body': {'time_check_updates': '17:22 22.08.26', 'value_Check': False}}, '\\question.json': {'Body': [{'Qst': {'question_name': 'Кто такой Патрин?', 'answer': ['Бугалтер', 'Директор'], 'right_answer': ['Преподаватель'], 'id': 1}}]}, '\\static\\GetClientData\\UploadInServerClientCookie\\ClientCookieData\\question.json': {'client_flag': True, 'Body': [{'Qst': {'question_name': 'Кто такой Патрин?', 'answer': ['Бухгалтер ', 'Директор'], 'right_answer': ['Преподаватель'], 'id': 1}}]}, '\\Settings\\SettingsPage\\settings_page.json': {'Body': [{'name': 'version', 'value': 2.1}, {'name': 'url for update', 'value': 'https://github.com/RustFarmer/Test/blob/main/update_url_file.json'}]}, '\\Settings\\UpdateProgram\\UpdateData\\update_url_file.json': {'Body': {'rarFile': 'https://github.com/RustFarmer/Rust-helper/raw/refs/heads/main/v5.1.rar'}}, '\\static\\GetClientData\\UploadInServerClientCookie\\ClientCookieData\\settings.json': {'client_flag': True, 'Body': []}, '\\PassCutOff\\settings.json': {'Body': []}, '\\ImageResultScreen\\imageSettings.json': {'Body': []}, '\\ListBlancQuestion\\listBlancQuestion.json': {'Body': []}}
2026-08-29 at 22:11:21 | INFO | {'\\Cookie\\local_cookie.json': {'Body': {'time_check_updates': '17:22 22.08.26', 'value_Check': False}}, '\\question.json': {'Body': [{'Qst': {'question_name': 'Кто такой Патрин?', 'answer': ['Бугалтер', 'Директор'], 'right_answer': ['Преподаватель'], 'id': 1}}]}, '\\static\\GetClientData\\UploadInServerClientCookie\\ClientCookieData\\question.json': {'client_flag': True, 'Body': [{'Qst': {'question_name': 'Кто такой Патрин?', 'answer': ['Бухгалтер ', 'Директор'], 'right_answer': ['Преподаватель'], 'id': 1}}]}, '\\Settings\\SettingsPage\\settings_page.json': {'Body': [{'name': 'version', 'value': 2.1}, {'name': 'url for update', 'value': 'https://github.com/RustFarmer/Test/blob/main/update_url_file.json'}]}, '\\Settings\\UpdateProgram\\UpdateData\\update_url_file.json': {'Body': {'rarFile': 'https://github.com/RustFarmer/Rust-helper/raw/refs/heads/main/v5.1.rar'}}, '\\static\\GetClientData\\UploadInServerClientCookie\\ClientCookieData\\settings.json': {'client_flag': True, 'Body': []}, '\\PassCutOff\\settings.json': {'Body': []}, '\\ImageResultScreen\\imageSettings.json': {'Body': []}, '\\ListBlancQuestion\\listBlancQuestion.json': {'Body': []}}
2026-08-29 at 22:11:21 | INFO | T:\Н папка\програмирование\python\project\pythonProject1\programForTecher\admin\Cookie\local_cookie.json
2026-08-29 at 22:11:21 | INFO | \Cookie\local_cookie.json
2026-08-29 at 22:11:21 | INFO | {'Body': {'time_check_updates': '17:22 22.08.26', 'value_Check': False}}
2026-08-29 at 22:11:21 | INFO | T:\Н папка\програмирование\python\project\pythonProject1\programForTecher\admin\question.json
2026-08-29 at 22:11:21 | INFO | \question.json
2026-08-29 at 22:11:21 | INFO | {'Body': [{'Qst': {'question_name': 'Кто такой Патрин?', 'answer': ['Бугалтер', 'Директор'], 'right_answer': ['Преподаватель'], 'id': 1}}]}
2026-08-29 at 22:11:21 | INFO | T:\Н папка\програмирование\python\project\pythonProject1\programForTecher\admin\static\GetClientData\UploadInServerClientCookie\ClientCookieData\question.json
2026-08-29 at 22:11:21 | INFO | T:\Н папка\програмирование\python\project\pythonProject1\programForTecher\client\static\GetClientData\UploadInServerClientCookie\ClientCookieData\question.json
2026-08-29 at 22:11:21 | INFO | \static\GetClientData\UploadInServerClientCookie\ClientCookieData\question.json
2026-08-29 at 22:11:21 | INFO | {'client_flag': True, 'Body': [{'Qst': {'question_name': 'Кто такой Патрин?', 'answer': ['Бухгалтер ', 'Директор'], 'right_answer': ['Преподаватель'], 'id': 1}}]}
2026-08-29 at 22:11:21 | INFO | T:\Н папка\програмирование\python\project\pythonProject1\programForTecher\admin\Settings\SettingsPage\settings_page.json
2026-08-29 at 22:11:21 | INFO | \Settings\SettingsPage\settings_page.json
2026-08-29 at 22:11:21 | INFO | {'Body': [{'name': 'version', 'value': 2.1}, {'name': 'url for update', 'value': 'https://github.com/RustFarmer/Test/blob/main/update_url_file.json'}]}
2026-08-29 at 22:11:21 | INFO | T:\Н папка\програмирование\python\project\pythonProject1\programForTecher\admin\Settings\UpdateProgram\UpdateData\update_url_file.json
2026-08-29 at 22:11:21 | INFO | \Settings\UpdateProgram\UpdateData\update_url_file.json
2026-08-29 at 22:11:21 | INFO | {'Body': {'rarFile': 'https://github.com/RustFarmer/Rust-helper/raw/refs/heads/main/v5.1.rar'}}
2026-08-29 at 22:11:21 | INFO | T:\Н папка\програмирование\python\project\pythonProject1\programForTecher\admin\static\GetClientData\UploadInServerClientCookie\ClientCookieData\settings.json
2026-08-29 at 22:11:21 | INFO | T:\Н папка\програмирование\python\project\pythonProject1\programForTecher\client\static\GetClientData\UploadInServerClientCookie\ClientCookieData\settings.json
2026-08-29 at 22:11:21 | INFO | \static\GetClientData\UploadInServerClientCookie\ClientCookieData\settings.json
2026-08-29 at 22:11:21 | INFO | {'client_flag': True, 'Body': []}
2026-08-29 at 22:11:21 | INFO | T:\Н папка\програмирование\python\project\pythonProject1\programForTecher\admin\PassCutOff\settings.json
2026-08-29 at 22:11:21 | INFO | \PassCutOff\settings.json
2026-08-29 at 22:11:21 | INFO | {'Body': []}
2026-08-29 at 22:11:21 | INFO | T:\Н папка\програмирование\python\project\pythonProject1\programForTecher\admin\ImageResultScreen\imageSettings.json
2026-08-29 at 22:11:21 | INFO | \ImageResultScreen\imageSettings.json
2026-08-29 at 22:11:21 | INFO | {'Body': []}
2026-08-29 at 22:11:21 | INFO | T:\Н папка\програмирование\python\project\pythonProject1\programForTecher\admin\ListBlancQuestion\listBlancQuestion.json
2026-08-29 at 22:11:21 | INFO | \ListBlancQuestion\listBlancQuestion.json
2026-08-29 at 22:11:21 | INFO | {'Body': []}
2026-08-29 at 22:11:22 | INFO | sd
2026-08-29 at 22:11:22 | INFO | [Errno 2] No such file or directory: 'T:\\Н папка\\програмирование\\python\\project\\pythonProject1\\programForTecher\\admin\\Settings\\password.txt'
2026-08-29 at 22:11:54 | INFO | T:\Н папка\програмирование\python\project\pythonProject1\programForTecher\admin\Log\appFileLog.log
2026-08-29 at 22:11:54 | INFO | T:\Н папка\програмирование\python\project\pythonProject1\programForTecher\admin
2026-08-29 at 22:11:54 | INFO | T:\Н папка\програмирование\python\project\pythonProject1\programForTecher\client
2026-08-29 at 22:11:54 | INFO | {'\\Cookie\\local_cookie.json': {'Body': {'time_check_updates': '17:22 22.08.26', 'value_Check': False}}, '\\question.json': {'Body': [{'Qst': {'question_name': 'Кто такой Патрин?', 'answer': ['Бугалтер', 'Директор'], 'right_answer': ['Преподаватель'], 'id': 1}}]}, '\\static\\GetClientData\\UploadInServerClientCookie\\ClientCookieData\\question.json': {'client_flag': True, 'Body': [{'Qst': {'question_name': 'Кто такой Патрин?', 'answer': ['Бухгалтер ', 'Директор'], 'right_answer': ['Преподаватель'], 'id': 1}}]}, '\\Settings\\SettingsPage\\settings_page.json': {'Body': [{'name': 'version', 'value': 2.1}, {'name': 'url for update', 'value': 'https://github.com/RustFarmer/Test/blob/main/update_url_file.json'}]}, '\\Settings\\UpdateProgram\\UpdateData\\update_url_file.json': {'Body': {'rarFile': 'https://github.com/RustFarmer/Rust-helper/raw/refs/heads/main/v5.1.rar'}}, '\\static\\GetClientData\\UploadInServerClientCookie\\ClientCookieData\\settings.json': {'client_flag': True, 'Body': []}, '\\PassCutOff\\settings.json': {'Body': []}, '\\ImageResultScreen\\imageSettings.json': {'Body': []}, '\\ListBlancQuestion\\listBlancQuestion.json': {'Body': []}}
2026-08-29 at 22:11:54 | INFO | <class 'pathlib.WindowsPath'>
2026-08-29 at 22:11:54 | INFO | T:\Н папка\програмирование\python\project\pythonProject1\programForTecher\admin
2026-08-29 at 22:11:54 | INFO | {'\\Cookie\\local_cookie.json': {'Body': {'time_check_updates': '17:22 22.08.26', 'value_Check': False}}, '\\question.json': {'Body': [{'Qst': {'question_name': 'Кто такой Патрин?', 'answer': ['Бугалтер', 'Директор'], 'right_answer': ['Преподаватель'], 'id': 1}}]}, '\\static\\GetClientData\\UploadInServerClientCookie\\ClientCookieData\\question.json': {'client_flag': True, 'Body': [{'Qst': {'question_name': 'Кто такой Патрин?', 'answer': ['Бухгалтер ', 'Директор'], 'right_answer': ['Преподаватель'], 'id': 1}}]}, '\\Settings\\SettingsPage\\settings_page.json': {'Body': [{'name': 'version', 'value': 2.1}, {'name': 'url for update', 'value': 'https://github.com/RustFarmer/Test/blob/main/update_url_file.json'}]}, '\\Settings\\UpdateProgram\\UpdateData\\update_url_file.json': {'Body': {'rarFile': 'https://github.com/RustFarmer/Rust-helper/raw/refs/heads/main/v5.1.rar'}}, '\\static\\GetClientData\\UploadInServerClientCookie\\ClientCookieData\\settings.json': {'client_flag': True, 'Body': []}, '\\PassCutOff\\settings.json': {'Body': []}, '\\ImageResultScreen\\imageSettings.json': {'Body': []}, '\\ListBlancQuestion\\listBlancQuestion.json': {'Body': []}}
2026-08-29 at 22:11:54 | INFO | {'\\Cookie\\local_cookie.json': {'Body': {'time_check_updates': '17:22 22.08.26', 'value_Check': False}}, '\\question.json': {'Body': [{'Qst': {'question_name': 'Кто такой Патрин?', 'answer': ['Бугалтер', 'Директор'], 'right_answer': ['Преподаватель'], 'id': 1}}]}, '\\static\\GetClientData\\UploadInServerClientCookie\\ClientCookieData\\question.json': {'client_flag': True, 'Body': [{'Qst': {'question_name': 'Кто такой Патрин?', 'answer': ['Бухгалтер ', 'Директор'], 'right_answer': ['Преподаватель'], 'id': 1}}]}, '\\Settings\\SettingsPage\\settings_page.json': {'Body': [{'name': 'version', 'value': 2.1}, {'name': 'url for update', 'value': 'https://github.com/RustFarmer/Test/blob/main/update_url_file.json'}]}, '\\Settings\\UpdateProgram\\UpdateData\\update_url_file.json': {'Body': {'rarFile': 'https://github.com/RustFarmer/Rust-helper/raw/refs/heads/main/v5.1.rar'}}, '\\static\\GetClientData\\UploadInServerClientCookie\\ClientCookieData\\settings.json': {'client_flag': True, 'Body': []}, '\\PassCutOff\\settings.json': {'Body': []}, '\\ImageResultScreen\\imageSettings.json': {'Body': []}, '\\ListBlancQuestion\\listBlancQuestion.json': {'Body': []}}
2026-08-29 at 22:11:54 | INFO | T:\Н папка\програмирование\python\project\pythonProject1\programForTecher\admin\Cookie\local_cookie.json
2026-08-29 at 22:11:54 | INFO | \Cookie\local_cookie.json
2026-08-29 at 22:11:54 | INFO | {'Body': {'time_check_updates': '17:22 22.08.26', 'value_Check': False}}
2026-08-29 at 22:11:54 | INFO | T:\Н папка\програмирование\python\project\pythonProject1\programForTecher\admin\question.json
2026-08-29 at 22:11:54 | INFO | \question.json
2026-08-29 at 22:11:54 | INFO | {'Body': [{'Qst': {'question_name': 'Кто такой Патрин?', 'answer': ['Бугалтер', 'Директор'], 'right_answer': ['Преподаватель'], 'id': 1}}]}
2026-08-29 at 22:11:54 | INFO | T:\Н папка\програмирование\python\project\pythonProject1\programForTecher\admin\static\GetClientData\UploadInServerClientCookie\ClientCookieData\question.json
2026-08-29 at 22:11:54 | INFO | T:\Н папка\програмирование\python\project\pythonProject1\programForTecher\client\static\GetClientData\UploadInServerClientCookie\ClientCookieData\question.json
2026-08-29 at 22:11:54 | INFO | \static\GetClientData\UploadInServerClientCookie\ClientCookieData\question.json
2026-08-29 at 22:11:54 | INFO | {'client_flag': True, 'Body': [{'Qst': {'question_name': 'Кто такой Патрин?', 'answer': ['Бухгалтер ', 'Директор'], 'right_answer': ['Преподаватель'], 'id': 1}}]}
2026-08-29 at 22:11:54 | INFO | T:\Н папка\програмирование\python\project\pythonProject1\programForTecher\admin\Settings\SettingsPage\settings_page.json
2026-08-29 at 22:11:54 | INFO | \Settings\SettingsPage\settings_page.json
2026-08-29 at 22:11:54 | INFO | {'Body': [{'name': 'version', 'value': 2.1}, {'name': 'url for update', 'value': 'https://github.com/RustFarmer/Test/blob/main/update_url_file.json'}]}
2026-08-29 at 22:11:54 | INFO | T:\Н папка\програмирование\python\project\pythonProject1\programForTecher\admin\Settings\UpdateProgram\UpdateData\update_url_file.json
2026-08-29 at 22:11:54 | INFO | \Settings\UpdateProgram\UpdateData\update_url_file.json
2026-08-29 at 22:11:54 | INFO | {'Body': {'rarFile': 'https://github.com/RustFarmer/Rust-helper/raw/refs/heads/main/v5.1.rar'}}
2026-08-29 at 22:11:54 | INFO | T:\Н папка\програмирование\python\project\pythonProject1\programForTecher\admin\static\GetClientData\UploadInServerClientCookie\ClientCookieData\settings.json
2026-08-29 at 22:11:54 | INFO | T:\Н папка\програмирование\python\project\pythonProject1\programForTecher\client\static\GetClientData\UploadInServerClientCookie\ClientCookieData\settings.json
2026-08-29 at 22:11:54 | INFO | \static\GetClientData\UploadInServerClientCookie\ClientCookieData\settings.json
2026-08-29 at 22:11:54 | INFO | {'client_flag': True, 'Body': []}
2026-08-29 at 22:11:54 | INFO | T:\Н папка\програмирование\python\project\pythonProject1\programForTecher\admin\PassCutOff\settings.json
2026-08-29 at 22:11:54 | INFO | \PassCutOff\settings.json
2026-08-29 at 22:11:54 | INFO | {'Body': []}
2026-08-29 at 22:11:54 | INFO | T:\Н папка\програмирование\python\project\pythonProject1\programForTecher\admin\ImageResultScreen\imageSettings.json
2026-08-29 at 22:11:54 | INFO | \ImageResultScreen\imageSettings.json
2026-08-29 at 22:11:54 | INFO | {'Body': []}
2026-08-29 at 22:11:54 | INFO | T:\Н папка\програмирование\python\project\pythonProject1\programForTecher\admin\ListBlancQuestion\listBlancQuestion.json
2026-08-29 at 22:11:54 | INFO | \ListBlancQuestion\listBlancQuestion.json
2026-08-29 at 22:11:54 | INFO | {'Body': []}
2026-08-29 at 22:11:55 | INFO | T:\Н папка\програмирование\python\project\pythonProject1\programForTecher\admin\Log\appFileLog.log
2026-08-29 at 22:11:55 | INFO | T:\Н папка\програмирование\python\project\pythonProject1\programForTecher\admin
2026-08-29 at 22:11:55 | INFO | T:\Н папка\програмирование\python\project\pythonProject1\programForTecher\client
2026-08-29 at 22:11:55 | INFO | {'\\Cookie\\local_cookie.json': {'Body': {'time_check_updates': '17:22 22.08.26', 'value_Check': False}}, '\\question.json': {'Body': [{'Qst': {'question_name': 'Кто такой Патрин?', 'answer': ['Бугалтер', 'Директор'], 'right_answer': ['Преподаватель'], 'id': 1}}]}, '\\static\\GetClientData\\UploadInServerClientCookie\\ClientCookieData\\question.json': {'client_flag': True, 'Body': [{'Qst': {'question_name': 'Кто такой Патрин?', 'answer': ['Бухгалтер ', 'Директор'], 'right_answer': ['Преподаватель'], 'id': 1}}]}, '\\Settings\\SettingsPage\\settings_page.json': {'Body': [{'name': 'version', 'value': 2.1}, {'name': 'url for update', 'value': 'https://github.com/RustFarmer/Test/blob/main/update_url_file.json'}]}, '\\Settings\\UpdateProgram\\UpdateData\\update_url_file.json': {'Body': {'rarFile': 'https://github.com/RustFarmer/Rust-helper/raw/refs/heads/main/v5.1.rar'}}, '\\static\\GetClientData\\UploadInServerClientCookie\\ClientCookieData\\settings.json': {'client_flag': True, 'Body': []}, '\\PassCutOff\\settings.json': {'Body': []}, '\\ImageResultScreen\\imageSettings.json': {'Body': []}, '\\ListBlancQuestion\\listBlancQuestion.json': {'Body': []}}
2026-08-29 at 22:11:55 | INFO | <class 'pathlib.WindowsPath'>
2026-08-29 at 22:11:55 | INFO | T:\Н папка\програмирование\python\project\pythonProject1\programForTecher\admin
2026-08-29 at 22:11:55 | INFO | {'\\Cookie\\local_cookie.json': {'Body': {'time_check_updates': '17:22 22.08.26', 'value_Check': False}}, '\\question.json': {'Body': [{'Qst': {'question_name': 'Кто такой Патрин?', 'answer': ['Бугалтер', 'Директор'], 'right_answer': ['Преподаватель'], 'id': 1}}]}, '\\static\\GetClientData\\UploadInServerClientCookie\\ClientCookieData\\question.json': {'client_flag': True, 'Body': [{'Qst': {'question_name': 'Кто такой Патрин?', 'answer': ['Бухгалтер ', 'Директор'], 'right_answer': ['Преподаватель'], 'id': 1}}]}, '\\Settings\\SettingsPage\\settings_page.json': {'Body': [{'name': 'version', 'value': 2.1}, {'name': 'url for update', 'value': 'https://github.com/RustFarmer/Test/blob/main/update_url_file.json'}]}, '\\Settings\\UpdateProgram\\UpdateData\\update_url_file.json': {'Body': {'rarFile': 'https://github.com/RustFarmer/Rust-helper/raw/refs/heads/main/v5.1.rar'}}, '\\static\\GetClientData\\UploadInServerClientCookie\\ClientCookieData\\settings.json': {'client_flag': True, 'Body': []}, '\\PassCutOff\\settings.json': {'Body': []}, '\\ImageResultScreen\\imageSettings.json': {'Body': []}, '\\ListBlancQuestion\\listBlancQuestion.json': {'Body': []}}
2026-08-29 at 22:11:55 | INFO | {'\\Cookie\\local_cookie.json': {'Body': {'time_check_updates': '17:22 22.08.26', 'value_Check': False}}, '\\question.json': {'Body': [{'Qst': {'question_name': 'Кто такой Патрин?', 'answer': ['Бугалтер', 'Директор'], 'right_answer': ['Преподаватель'], 'id': 1}}]}, '\\static\\GetClientData\\UploadInServerClientCookie\\ClientCookieData\\question.json': {'client_flag': True, 'Body': [{'Qst': {'question_name': 'Кто такой Патрин?', 'answer': ['Бухгалтер ', 'Директор'], 'right_answer': ['Преподаватель'], 'id': 1}}]}, '\\Settings\\SettingsPage\\settings_page.json': {'Body': [{'name': 'version', 'value': 2.1}, {'name': 'url for update', 'value': 'https://github.com/RustFarmer/Test/blob/main/update_url_file.json'}]}, '\\Settings\\UpdateProgram\\UpdateData\\update_url_file.json': {'Body': {'rarFile': 'https://github.com/RustFarmer/Rust-helper/raw/refs/heads/main/v5.1.rar'}}, '\\static\\GetClientData\\UploadInServerClientCookie\\ClientCookieData\\settings.json': {'client_flag': True, 'Body': []}, '\\PassCutOff\\settings.json': {'Body': []}, '\\ImageResultScreen\\imageSettings.json': {'Body': []}, '\\ListBlancQuestion\\listBlancQuestion.json': {'Body': []}}
2026-08-29 at 22:11:55 | INFO | T:\Н папка\програмирование\python\project\pythonProject1\programForTecher\admin\Cookie\local_cookie.json
2026-08-29 at 22:11:55 | INFO | \Cookie\local_cookie.json
2026-08-29 at 22:11:55 | INFO | {'Body': {'time_check_updates': '17:22 22.08.26', 'value_Check': False}}
2026-08-29 at 22:11:55 | INFO | T:\Н папка\програмирование\python\project\pythonProject1\programForTecher\admin\question.json
2026-08-29 at 22:11:55 | INFO | \question.json
2026-08-29 at 22:11:55 | INFO | {'Body': [{'Qst': {'question_name': 'Кто такой Патрин?', 'answer': ['Бугалтер', 'Директор'], 'right_answer': ['Преподаватель'], 'id': 1}}]}
2026-08-29 at 22:11:55 | INFO | T:\Н папка\програмирование\python\project\pythonProject1\programForTecher\admin\static\GetClientData\UploadInServerClientCookie\ClientCookieData\question.json
2026-08-29 at 22:11:55 | INFO | T:\Н папка\програмирование\python\project\pythonProject1\programForTecher\client\static\GetClientData\UploadInServerClientCookie\ClientCookieData\question.json
2026-08-29 at 22:11:55 | INFO | \static\GetClientData\UploadInServerClientCookie\ClientCookieData\question.json
2026-08-29 at 22:11:55 | INFO | {'client_flag': True, 'Body': [{'Qst': {'question_name': 'Кто такой Патрин?', 'answer': ['Бухгалтер ', 'Директор'], 'right_answer': ['Преподаватель'], 'id': 1}}]}
2026-08-29 at 22:11:55 | INFO | T:\Н папка\програмирование\python\project\pythonProject1\programForTecher\admin\Settings\SettingsPage\settings_page.json
2026-08-29 at 22:11:55 | INFO | \Settings\SettingsPage\settings_page.json
2026-08-29 at 22:11:55 | INFO | {'Body': [{'name': 'version', 'value': 2.1}, {'name': 'url for update', 'value': 'https://github.com/RustFarmer/Test/blob/main/update_url_file.json'}]}
2026-08-29 at 22:11:55 | INFO | T:\Н папка\програмирование\python\project\pythonProject1\programForTecher\admin\Settings\UpdateProgram\UpdateData\update_url_file.json
2026-08-29 at 22:11:55 | INFO | \Settings\UpdateProgram\UpdateData\update_url_file.json
2026-08-29 at 22:11:55 | INFO | {'Body': {'rarFile': 'https://github.com/RustFarmer/Rust-helper/raw/refs/heads/main/v5.1.rar'}}
2026-08-29 at 22:11:55 | INFO | T:\Н папка\програмирование\python\project\pythonProject1\programForTecher\admin\static\GetClientData\UploadInServerClientCookie\ClientCookieData\settings.json
2026-08-29 at 22:11:55 | INFO | T:\Н папка\програмирование\python\project\pythonProject1\programForTecher\client\static\GetClientData\UploadInServerClientCookie\ClientCookieData\settings.json
2026-08-29 at 22:11:55 | INFO | \static\GetClientData\UploadInServerClientCookie\ClientCookieData\settings.json
2026-08-29 at 22:11:55 | INFO | {'client_flag': True, 'Body': []}
2026-08-29 at 22:11:55 | INFO | T:\Н папка\програмирование\python\project\pythonProject1\programForTecher\admin\PassCutOff\settings.json
2026-08-29 at 22:11:55 | INFO | \PassCutOff\settings.json
2026-08-29 at 22:11:55 | INFO | {'Body': []}
2026-08-29 at 22:11:55 | INFO | T:\Н папка\програмирование\python\project\pythonProject1\programForTecher\admin\ImageResultScreen\imageSettings.json
2026-08-29 at 22:11:55 | INFO | \ImageResultScreen\imageSettings.json
2026-08-29 at 22:11:55 | INFO | {'Body': []}
2026-08-29 at 22:11:55 | INFO | T:\Н папка\програмирование\python\project\pythonProject1\programForTecher\admin\ListBlancQuestion\listBlancQuestion.json
2026-08-29 at 22:11:55 | INFO | \ListBlancQuestion\listBlancQuestion.json
2026-08-29 at 22:11:55 | INFO | {'Body': []}
2026-08-29 at 22:11:57 | INFO | sd
2026-08-29 at 22:12:37 | INFO | ASDJ
2026-08-29 at 22:12:37 | INFO | [Errno 2] No such file or directory: 'T:\\Н папка\\програмирование\\python\\project\\pythonProject1\\programForTecher\\admin\\Password\\password.txt'
2026-08-29 at 22:21:44 | INFO | T:\Н папка\програмирование\python\project\pythonProject1\programForTecher\admin\Log\appFileLog.log
2026-08-29 at 22:21:44 | INFO | T:\Н папка\програмирование\python\project\pythonProject1\programForTecher\admin
2026-08-29 at 22:21:44 | INFO | T:\Н папка\програмирование\python\project\pythonProject1\programForTecher\client
2026-08-29 at 22:21:44 | INFO | {'\\Cookie\\local_cookie.json': {'Body': {'time_check_updates': '17:22 22.08.26', 'value_Check': False}}, '\\question.json': {'Body': [{'Qst': {'question_name': 'Кто такой Патрин?', 'answer': ['Бугалтер', 'Директор'], 'right_answer': ['Преподаватель'], 'id': 1}}]}, '\\static\\GetClientData\\UploadInServerClientCookie\\ClientCookieData\\question.json': {'client_flag': True, 'Body': [{'Qst': {'question_name': 'Кто такой Патрин?', 'answer': ['Бухгалтер ', 'Директор'], 'right_answer': ['Преподаватель'], 'id': 1}}]}, '\\Settings\\SettingsPage\\settings_page.json': {'Body': [{'name': 'version', 'value': 2.1}, {'name': 'url for update', 'value': 'https://github.com/RustFarmer/Test/blob/main/update_url_file.json'}]}, '\\Settings\\UpdateProgram\\UpdateData\\update_url_file.json': {'Body': {'rarFile': 'https://github.com/RustFarmer/Rust-helper/raw/refs/heads/main/v5.1.rar'}}, '\\static\\GetClientData\\UploadInServerClientCookie\\ClientCookieData\\settings.json': {'client_flag': True, 'Body': []}, '\\PassCutOff\\settings.json': {'Body': []}, '\\ImageResultScreen\\imageSettings.json': {'Body': []}, '\\ListBlancQuestion\\listBlancQuestion.json': {'Body': []}}
2026-08-29 at 22:21:44 | INFO | <class 'pathlib.WindowsPath'>
2026-08-29 at 22:21:44 | INFO | T:\Н папка\програмирование\python\project\pythonProject1\programForTecher\admin
2026-08-29 at 22:21:44 | INFO | {'\\Cookie\\local_cookie.json': {'Body': {'time_check_updates': '17:22 22.08.26', 'value_Check': False}}, '\\question.json': {'Body': [{'Qst': {'question_name': 'Кто такой Патрин?', 'answer': ['Бугалтер', 'Директор'], 'right_answer': ['Преподаватель'], 'id': 1}}]}, '\\static\\GetClientData\\UploadInServerClientCookie\\ClientCookieData\\question.json': {'client_flag': True, 'Body': [{'Qst': {'question_name': 'Кто такой Патрин?', 'answer': ['Бухгалтер ', 'Директор'], 'right_answer': ['Преподаватель'], 'id': 1}}]}, '\\Settings\\SettingsPage\\settings_page.json': {'Body': [{'name': 'version', 'value': 2.1}, {'name': 'url for update', 'value': 'https://github.com/RustFarmer/Test/blob/main/update_url_file.json'}]}, '\\Settings\\UpdateProgram\\UpdateData\\update_url_file.json': {'Body': {'rarFile': 'https://github.com/RustFarmer/Rust-helper/raw/refs/heads/main/v5.1.rar'}}, '\\static\\GetClientData\\UploadInServerClientCookie\\ClientCookieData\\settings.json': {'client_flag': True, 'Body': []}, '\\PassCutOff\\settings.json': {'Body': []}, '\\ImageResultScreen\\imageSettings.json': {'Body': []}, '\\ListBlancQuestion\\listBlancQuestion.json': {'Body': []}}
2026-08-29 at 22:21:44 | INFO | {'\\Cookie\\local_cookie.json': {'Body': {'time_check_updates': '17:22 22.08.26', 'value_Check': False}}, '\\question.json': {'Body': [{'Qst': {'question_name': 'Кто такой Патрин?', 'answer': ['Бугалтер', 'Директор'], 'right_answer': ['Преподаватель'], 'id': 1}}]}, '\\static\\GetClientData\\UploadInServerClientCookie\\ClientCookieData\\question.json': {'client_flag': True, 'Body': [{'Qst': {'question_name': 'Кто такой Патрин?', 'answer': ['Бухгалтер ', 'Директор'], 'right_answer': ['Преподаватель'], 'id': 1}}]}, '\\Settings\\SettingsPage\\settings_page.json': {'Body': [{'name': 'version', 'value': 2.1}, {'name': 'url for update', 'value': 'https://github.com/RustFarmer/Test/blob/main/update_url_file.json'}]}, '\\Settings\\UpdateProgram\\UpdateData\\update_url_file.json': {'Body': {'rarFile': 'https://github.com/RustFarmer/Rust-helper/raw/refs/heads/main/v5.1.rar'}}, '\\static\\GetClientData\\UploadInServerClientCookie\\ClientCookieData\\settings.json': {'client_flag': True, 'Body': []}, '\\PassCutOff\\settings.json': {'Body': []}, '\\ImageResultScreen\\imageSettings.json': {'Body': []}, '\\ListBlancQuestion\\listBlancQuestion.json': {'Body': []}}
2026-08-29 at 22:21:44 | INFO | T:\Н папка\програмирование\python\project\pythonProject1\programForTecher\admin\Cookie\local_cookie.json
2026-08-29 at 22:21:44 | INFO | \Cookie\local_cookie.json
2026-08-29 at 22:21:44 | INFO | {'Body': {'time_check_updates': '17:22 22.08.26', 'value_Check': False}}
2026-08-29 at 22:21:44 | INFO | T:\Н папка\програмирование\python\project\pythonProject1\programForTecher\admin\question.json
2026-08-29 at 22:21:44 | INFO | \question.json
2026-08-29 at 22:21:44 | INFO | {'Body': [{'Qst': {'question_name': 'Кто такой Патрин?', 'answer': ['Бугалтер', 'Директор'], 'right_answer': ['Преподаватель'], 'id': 1}}]}
2026-08-29 at 22:21:44 | INFO | T:\Н папка\програмирование\python\project\pythonProject1\programForTecher\admin\static\GetClientData\UploadInServerClientCookie\ClientCookieData\question.json
2026-08-29 at 22:21:44 | INFO | T:\Н папка\програмирование\python\project\pythonProject1\programForTecher\client\static\GetClientData\UploadInServerClientCookie\ClientCookieData\question.json
2026-08-29 at 22:21:44 | INFO | \static\GetClientData\UploadInServerClientCookie\ClientCookieData\question.json
2026-08-29 at 22:21:44 | INFO | {'client_flag': True, 'Body': [{'Qst': {'question_name': 'Кто такой Патрин?', 'answer': ['Бухгалтер ', 'Директор'], 'right_answer': ['Преподаватель'], 'id': 1}}]}
2026-08-29 at 22:21:44 | INFO | T:\Н папка\програмирование\python\project\pythonProject1\programForTecher\admin\Settings\SettingsPage\settings_page.json
2026-08-29 at 22:21:44 | INFO | \Settings\SettingsPage\settings_page.json
2026-08-29 at 22:21:44 | INFO | {'Body': [{'name': 'version', 'value': 2.1}, {'name': 'url for update', 'value': 'https://github.com/RustFarmer/Test/blob/main/update_url_file.json'}]}
2026-08-29 at 22:21:44 | INFO | T:\Н папка\програмирование\python\project\pythonProject1\programForTecher\admin\Settings\UpdateProgram\UpdateData\update_url_file.json
2026-08-29 at 22:21:44 | INFO | \Settings\UpdateProgram\UpdateData\update_url_file.json
2026-08-29 at 22:21:44 | INFO | {'Body': {'rarFile': 'https://github.com/RustFarmer/Rust-helper/raw/refs/heads/main/v5.1.rar'}}
2026-08-29 at 22:21:44 | INFO | T:\Н папка\програмирование\python\project\pythonProject1\programForTecher\admin\static\GetClientData\UploadInServerClientCookie\ClientCookieData\settings.json
2026-08-29 at 22:21:44 | INFO | T:\Н папка\програмирование\python\project\pythonProject1\programForTecher\client\static\GetClientData\UploadInServerClientCookie\ClientCookieData\settings.json
2026-08-29 at 22:21:44 | INFO | \static\GetClientData\UploadInServerClientCookie\ClientCookieData\settings.json
2026-08-29 at 22:21:44 | INFO | {'client_flag': True, 'Body': []}
2026-08-29 at 22:21:44 | INFO | T:\Н папка\програмирование\python\project\pythonProject1\programForTecher\admin\PassCutOff\settings.json
2026-08-29 at 22:21:44 | INFO | \PassCutOff\settings.json
2026-08-29 at 22:21:44 | INFO | {'Body': []}
2026-08-29 at 22:21:44 | INFO | T:\Н папка\програмирование\python\project\pythonProject1\programForTecher\admin\ImageResultScreen\imageSettings.json
2026-08-29 at 22:21:44 | INFO | \ImageResultScreen\imageSettings.json
2026-08-29 at 22:21:44 | INFO | {'Body': []}
2026-08-29 at 22:21:44 | INFO | T:\Н папка\програмирование\python\project\pythonProject1\programForTecher\admin\ListBlancQuestion\listBlancQuestion.json
2026-08-29 at 22:21:44 | INFO | \ListBlancQuestion\listBlancQuestion.json
2026-08-29 at 22:21:44 | INFO | {'Body': []}
2026-08-29 at 22:22:06 | INFO | T:\Н папка\програмирование\python\project\pythonProject1\programForTecher\admin\Log\appFileLog.log
2026-08-29 at 22:22:06 | INFO | T:\Н папка\програмирование\python\project\pythonProject1\programForTecher\admin
2026-08-29 at 22:22:06 | INFO | T:\Н папка\програмирование\python\project\pythonProject1\programForTecher\client
2026-08-29 at 22:22:06 | INFO | {'\\Cookie\\local_cookie.json': {'Body': {'time_check_updates': '17:22 22.08.26', 'value_Check': False}}, '\\question.json': {'Body': [{'Qst': {'question_name': 'Кто такой Патрин?', 'answer': ['Бугалтер', 'Директор'], 'right_answer': ['Преподаватель'], 'id': 1}}]}, '\\static\\GetClientData\\UploadInServerClientCookie\\ClientCookieData\\question.json': {'client_flag': True, 'Body': [{'Qst': {'question_name': 'Кто такой Патрин?', 'answer': ['Бухгалтер ', 'Директор'], 'right_answer': ['Преподаватель'], 'id': 1}}]}, '\\Settings\\SettingsPage\\settings_page.json': {'Body': [{'name': 'version', 'value': 2.1}, {'name': 'url for update', 'value': 'https://github.com/RustFarmer/Test/blob/main/update_url_file.json'}]}, '\\Settings\\UpdateProgram\\UpdateData\\update_url_file.json': {'Body': {'rarFile': 'https://github.com/RustFarmer/Rust-helper/raw/refs/heads/main/v5.1.rar'}}, '\\static\\GetClientData\\UploadInServerClientCookie\\ClientCookieData\\settings.json': {'client_flag': True, 'Body': []}, '\\PassCutOff\\settings.json': {'Body': []}, '\\ImageResultScreen\\imageSettings.json': {'Body': []}, '\\ListBlancQuestion\\listBlancQuestion.json': {'Body': []}}
2026-08-29 at 22:22:06 | INFO | <class 'pathlib.WindowsPath'>
2026-08-29 at 22:22:06 | INFO | T:\Н папка\програмирование\python\project\pythonProject1\programForTecher\admin
2026-08-29 at 22:22:06 | INFO | {'\\Cookie\\local_cookie.json': {'Body': {'time_check_updates': '17:22 22.08.26', 'value_Check': False}}, '\\question.json': {'Body': [{'Qst': {'question_name': 'Кто такой Патрин?', 'answer': ['Бугалтер', 'Директор'], 'right_answer': ['Преподаватель'], 'id': 1}}]}, '\\static\\GetClientData\\UploadInServerClientCookie\\ClientCookieData\\question.json': {'client_flag': True, 'Body': [{'Qst': {'question_name': 'Кто такой Патрин?', 'answer': ['Бухгалтер ', 'Директор'], 'right_answer': ['Преподаватель'], 'id': 1}}]}, '\\Settings\\SettingsPage\\settings_page.json': {'Body': [{'name': 'version', 'value': 2.1}, {'name': 'url for update', 'value': 'https://github.com/RustFarmer/Test/blob/main/update_url_file.json'}]}, '\\Settings\\UpdateProgram\\UpdateData\\update_url_file.json': {'Body': {'rarFile': 'https://github.com/RustFarmer/Rust-helper/raw/refs/heads/main/v5.1.rar'}}, '\\static\\GetClientData\\UploadInServerClientCookie\\ClientCookieData\\settings.json': {'client_flag': True, 'Body': []}, '\\PassCutOff\\settings.json': {'Body': []}, '\\ImageResultScreen\\imageSettings.json': {'Body': []}, '\\ListBlancQuestion\\listBlancQuestion.json': {'Body': []}}
2026-08-29 at 22:22:06 | INFO | {'\\Cookie\\local_cookie.json': {'Body': {'time_check_updates': '17:22 22.08.26', 'value_Check': False}}, '\\question.json': {'Body': [{'Qst': {'question_name': 'Кто такой Патрин?', 'answer': ['Бугалтер', 'Директор'], 'right_answer': ['Преподаватель'], 'id': 1}}]}, '\\static\\GetClientData\\UploadInServerClientCookie\\ClientCookieData\\question.json': {'client_flag': True, 'Body': [{'Qst': {'question_name': 'Кто такой Патрин?', 'answer': ['Бухгалтер ', 'Директор'], 'right_answer': ['Преподаватель'], 'id': 1}}]}, '\\Settings\\SettingsPage\\settings_page.json': {'Body': [{'name': 'version', 'value': 2.1}, {'name': 'url for update', 'value': 'https://github.com/RustFarmer/Test/blob/main/update_url_file.json'}]}, '\\Settings\\UpdateProgram\\UpdateData\\update_url_file.json': {'Body': {'rarFile': 'https://github.com/RustFarmer/Rust-helper/raw/refs/heads/main/v5.1.rar'}}, '\\static\\GetClientData\\UploadInServerClientCookie\\ClientCookieData\\settings.json': {'client_flag': True, 'Body': []}, '\\PassCutOff\\settings.json': {'Body': []}, '\\ImageResultScreen\\imageSettings.json': {'Body': []}, '\\ListBlancQuestion\\listBlancQuestion.json': {'Body': []}}
2026-08-29 at 22:22:06 | INFO | T:\Н папка\програмирование\python\project\pythonProject1\programForTecher\admin\Cookie\local_cookie.json
2026-08-29 at 22:22:06 | INFO | \Cookie\local_cookie.json
2026-08-29 at 22:22:06 | INFO | {'Body': {'time_check_updates': '17:22 22.08.26', 'value_Check': False}}
2026-08-29 at 22:22:06 | INFO | T:\Н папка\програмирование\python\project\pythonProject1\programForTecher\admin\question.json
2026-08-29 at 22:22:06 | INFO | \question.json
2026-08-29 at 22:22:06 | INFO | {'Body': [{'Qst': {'question_name': 'Кто такой Патрин?', 'answer': ['Бугалтер', 'Директор'], 'right_answer': ['Преподаватель'], 'id': 1}}]}
2026-08-29 at 22:22:06 | INFO | T:\Н папка\програмирование\python\project\pythonProject1\programForTecher\admin\static\GetClientData\UploadInServerClientCookie\ClientCookieData\question.json
2026-08-29 at 22:22:06 | INFO | T:\Н папка\програмирование\python\project\pythonProject1\programForTecher\client\static\GetClientData\UploadInServerClientCookie\ClientCookieData\question.json
2026-08-29 at 22:22:06 | INFO | \static\GetClientData\UploadInServerClientCookie\ClientCookieData\question.json
2026-08-29 at 22:22:06 | INFO | {'client_flag': True, 'Body': [{'Qst': {'question_name': 'Кто такой Патрин?', 'answer': ['Бухгалтер ', 'Директор'], 'right_answer': ['Преподаватель'], 'id': 1}}]}
2026-08-29 at 22:22:06 | INFO | T:\Н папка\програмирование\python\project\pythonProject1\programForTecher\admin\Settings\SettingsPage\settings_page.json
2026-08-29 at 22:22:06 | INFO | \Settings\SettingsPage\settings_page.json
2026-08-29 at 22:22:06 | INFO | {'Body': [{'name': 'version', 'value': 2.1}, {'name': 'url for update', 'value': 'https://github.com/RustFarmer/Test/blob/main/update_url_file.json'}]}
2026-08-29 at 22:22:06 | INFO | T:\Н папка\програмирование\python\project\pythonProject1\programForTecher\admin\Settings\UpdateProgram\UpdateData\update_url_file.json
2026-08-29 at 22:22:06 | INFO | \Settings\UpdateProgram\UpdateData\update_url_file.json
2026-08-29 at 22:22:06 | INFO | {'Body': {'rarFile': 'https://github.com/RustFarmer/Rust-helper/raw/refs/heads/main/v5.1.rar'}}
2026-08-29 at 22:22:06 | INFO | T:\Н папка\програмирование\python\project\pythonProject1\programForTecher\admin\static\GetClientData\UploadInServerClientCookie\ClientCookieData\settings.json
2026-08-29 at 22:22:06 | INFO | T:\Н папка\програмирование\python\project\pythonProject1\programForTecher\client\static\GetClientData\UploadInServerClientCookie\ClientCookieData\settings.json
2026-08-29 at 22:22:06 | INFO | \static\GetClientData\UploadInServerClientCookie\ClientCookieData\settings.json
2026-08-29 at 22:22:06 | INFO | {'client_flag': True, 'Body': []}
2026-08-29 at 22:22:06 | INFO | T:\Н папка\програмирование\python\project\pythonProject1\programForTecher\admin\PassCutOff\settings.json
2026-08-29 at 22:22:06 | INFO | \PassCutOff\settings.json
2026-08-29 at 22:22:06 | INFO | {'Body': []}
2026-08-29 at 22:22:06 | INFO | T:\Н папка\програмирование\python\project\pythonProject1\programForTecher\admin\ImageResultScreen\imageSettings.json
2026-08-29 at 22:22:06 | INFO | \ImageResultScreen\imageSettings.json
2026-08-29 at 22:22:06 | INFO | {'Body': []}
2026-08-29 at 22:22:06 | INFO | T:\Н папка\програмирование\python\project\pythonProject1\programForTecher\admin\ListBlancQuestion\listBlancQuestion.json
2026-08-29 at 22:22:06 | INFO | \ListBlancQuestion\listBlancQuestion.json
2026-08-29 at 22:22:06 | INFO | {'Body': []}
2026-08-29 at 22:22:07 | INFO | T:\Н папка\програмирование\python\project\pythonProject1\programForTecher\admin\Log\appFileLog.log
2026-08-29 at 22:22:07 | INFO | T:\Н папка\програмирование\python\project\pythonProject1\programForTecher\admin
2026-08-29 at 22:22:07 | INFO | T:\Н папка\програмирование\python\project\pythonProject1\programForTecher\client
2026-08-29 at 22:22:07 | INFO | {'\\Cookie\\local_cookie.json': {'Body': {'time_check_updates': '17:22 22.08.26', 'value_Check': False}}, '\\question.json': {'Body': [{'Qst': {'question_name': 'Кто такой Патрин?', 'answer': ['Бугалтер', 'Директор'], 'right_answer': ['Преподаватель'], 'id': 1}}]}, '\\static\\GetClientData\\UploadInServerClientCookie\\ClientCookieData\\question.json': {'client_flag': True, 'Body': [{'Qst': {'question_name': 'Кто такой Патрин?', 'answer': ['Бухгалтер ', 'Директор'], 'right_answer': ['Преподаватель'], 'id': 1}}]}, '\\Settings\\SettingsPage\\settings_page.json': {'Body': [{'name': 'version', 'value': 2.1}, {'name': 'url for update', 'value': 'https://github.com/RustFarmer/Test/blob/main/update_url_file.json'}]}, '\\Settings\\UpdateProgram\\UpdateData\\update_url_file.json': {'Body': {'rarFile': 'https://github.com/RustFarmer/Rust-helper/raw/refs/heads/main/v5.1.rar'}}, '\\static\\GetClientData\\UploadInServerClientCookie\\ClientCookieData\\settings.json': {'client_flag': True, 'Body': []}, '\\PassCutOff\\settings.json': {'Body': []}, '\\ImageResultScreen\\imageSettings.json': {'Body': []}, '\\ListBlancQuestion\\listBlancQuestion.json': {'Body': []}}
2026-08-29 at 22:22:07 | INFO | <class 'pathlib.WindowsPath'>
2026-08-29 at 22:22:07 | INFO | T:\Н папка\програмирование\python\project\pythonProject1\programForTecher\admin
2026-08-29 at 22:22:07 | INFO | {'\\Cookie\\local_cookie.json': {'Body': {'time_check_updates': '17:22 22.08.26', 'value_Check': False}}, '\\question.json': {'Body': [{'Qst': {'question_name': 'Кто такой Патрин?', 'answer': ['Бугалтер', 'Директор'], 'right_answer': ['Преподаватель'], 'id': 1}}]}, '\\static\\GetClientData\\UploadInServerClientCookie\\ClientCookieData\\question.json': {'client_flag': True, 'Body': [{'Qst': {'question_name': 'Кто такой Патрин?', 'answer': ['Бухгалтер ', 'Директор'], 'right_answer': ['Преподаватель'], 'id': 1}}]}, '\\Settings\\SettingsPage\\settings_page.json': {'Body': [{'name': 'version', 'value': 2.1}, {'name': 'url for update', 'value': 'https://github.com/RustFarmer/Test/blob/main/update_url_file.json'}]}, '\\Settings\\UpdateProgram\\UpdateData\\update_url_file.json': {'Body': {'rarFile': 'https://github.com/RustFarmer/Rust-helper/raw/refs/heads/main/v5.1.rar'}}, '\\static\\GetClientData\\UploadInServerClientCookie\\ClientCookieData\\settings.json': {'client_flag': True, 'Body': []}, '\\PassCutOff\\settings.json': {'Body': []}, '\\ImageResultScreen\\imageSettings.json': {'Body': []}, '\\ListBlancQuestion\\listBlancQuestion.json': {'Body': []}}
2026-08-29 at 22:22:07 | INFO | {'\\Cookie\\local_cookie.json': {'Body': {'time_check_updates': '17:22 22.08.26', 'value_Check': False}}, '\\question.json': {'Body': [{'Qst': {'question_name': 'Кто такой Патрин?', 'answer': ['Бугалтер', 'Директор'], 'right_answer': ['Преподаватель'], 'id': 1}}]}, '\\static\\GetClientData\\UploadInServerClientCookie\\ClientCookieData\\question.json': {'client_flag': True, 'Body': [{'Qst': {'question_name': 'Кто такой Патрин?', 'answer': ['Бухгалтер ', 'Директор'], 'right_answer': ['Преподаватель'], 'id': 1}}]}, '\\Settings\\SettingsPage\\settings_page.json': {'Body': [{'name': 'version', 'value': 2.1}, {'name': 'url for update', 'value': 'https://github.com/RustFarmer/Test/blob/main/update_url_file.json'}]}, '\\Settings\\UpdateProgram\\UpdateData\\update_url_file.json': {'Body': {'rarFile': 'https://github.com/RustFarmer/Rust-helper/raw/refs/heads/main/v5.1.rar'}}, '\\static\\GetClientData\\UploadInServerClientCookie\\ClientCookieData\\settings.json': {'client_flag': True, 'Body': []}, '\\PassCutOff\\settings.json': {'Body': []}, '\\ImageResultScreen\\imageSettings.json': {'Body': []}, '\\ListBlancQuestion\\listBlancQuestion.json': {'Body': []}}
2026-08-29 at 22:22:07 | INFO | T:\Н папка\програмирование\python\project\pythonProject1\programForTecher\admin\Cookie\local_cookie.json
2026-08-29 at 22:22:07 | INFO | \Cookie\local_cookie.json
2026-08-29 at 22:22:07 | INFO | {'Body': {'time_check_updates': '17:22 22.08.26', 'value_Check': False}}
2026-08-29 at 22:22:07 | INFO | T:\Н папка\програмирование\python\project\pythonProject1\programForTecher\admin\question.json
2026-08-29 at 22:22:07 | INFO | \question.json
2026-08-29 at 22:22:07 | INFO | {'Body': [{'Qst': {'question_name': 'Кто такой Патрин?', 'answer': ['Бугалтер', 'Директор'], 'right_answer': ['Преподаватель'], 'id': 1}}]}
2026-08-29 at 22:22:07 | INFO | T:\Н папка\програмирование\python\project\pythonProject1\programForTecher\admin\static\GetClientData\UploadInServerClientCookie\ClientCookieData\question.json
2026-08-29 at 22:22:07 | INFO | T:\Н папка\програмирование\python\project\pythonProject1\programForTecher\client\static\GetClientData\UploadInServerClientCookie\ClientCookieData\question.json
2026-08-29 at 22:22:07 | INFO | \static\GetClientData\UploadInServerClientCookie\ClientCookieData\question.json
2026-08-29 at 22:22:07 | INFO | {'client_flag': True, 'Body': [{'Qst': {'question_name': 'Кто такой Патрин?', 'answer': ['Бухгалтер ', 'Директор'], 'right_answer': ['Преподаватель'], 'id': 1}}]}
2026-08-29 at 22:22:07 | INFO | T:\Н папка\програмирование\python\project\pythonProject1\programForTecher\admin\Settings\SettingsPage\settings_page.json
2026-08-29 at 22:22:07 | INFO | \Settings\SettingsPage\settings_page.json
2026-08-29 at 22:22:07 | INFO | {'Body': [{'name': 'version', 'value': 2.1}, {'name': 'url for update', 'value': 'https://github.com/RustFarmer/Test/blob/main/update_url_file.json'}]}
2026-08-29 at 22:22:07 | INFO | T:\Н папка\програмирование\python\project\pythonProject1\programForTecher\admin\Settings\UpdateProgram\UpdateData\update_url_file.json
2026-08-29 at 22:22:07 | INFO | \Settings\UpdateProgram\UpdateData\update_url_file.json
2026-08-29 at 22:22:07 | INFO | {'Body': {'rarFile': 'https://github.com/RustFarmer/Rust-helper/raw/refs/heads/main/v5.1.rar'}}
2026-08-29 at 22:22:07 | INFO | T:\Н папка\програмирование\python\project\pythonProject1\programForTecher\admin\static\GetClientData\UploadInServerClientCookie\ClientCookieData\settings.json
2026-08-29 at 22:22:07 | INFO | T:\Н папка\програмирование\python\project\pythonProject1\programForTecher\client\static\GetClientData\UploadInServerClientCookie\ClientCookieData\settings.json
2026-08-29 at 22:22:07 | INFO | \static\GetClientData\UploadInServerClientCookie\ClientCookieData\settings.json
2026-08-29 at 22:22:07 | INFO | {'client_flag': True, 'Body': []}
2026-08-29 at 22:22:07 | INFO | T:\Н папка\програмирование\python\project\pythonProject1\programForTecher\admin\PassCutOff\settings.json
2026-08-29 at 22:22:07 | INFO | \PassCutOff\settings.json
2026-08-29 at 22:22:07 | INFO | {'Body': []}
2026-08-29 at 22:22:07 | INFO | T:\Н папка\програмирование\python\project\pythonProject1\programForTecher\admin\ImageResultScreen\imageSettings.json
2026-08-29 at 22:22:07 | INFO | \ImageResultScreen\imageSettings.json
2026-08-29 at 22:22:07 | INFO | {'Body': []}
2026-08-29 at 22:22:07 | INFO | T:\Н папка\програмирование\python\project\pythonProject1\programForTecher\admin\ListBlancQuestion\listBlancQuestion.json
2026-08-29 at 22:22:07 | INFO | \ListBlancQuestion\listBlancQuestion.json
2026-08-29 at 22:22:07 | INFO | {'Body': []}
2026-08-29 at 22:22:11 | INFO | xcv
2026-08-29 at 22:22:50 | INFO | T:\Н папка\програмирование\python\project\pythonProject1\programForTecher\admin\Log\appFileLog.log
2026-08-29 at 22:22:51 | INFO | T:\Н папка\програмирование\python\project\pythonProject1\programForTecher\admin
2026-08-29 at 22:22:51 | INFO | T:\Н папка\програмирование\python\project\pythonProject1\programForTecher\client
2026-08-29 at 22:22:51 | INFO | {'\\Cookie\\local_cookie.json': {'Body': {'time_check_updates': '17:22 22.08.26', 'value_Check': False}}, '\\question.json': {'Body': [{'Qst': {'question_name': 'Кто такой Патрин?', 'answer': ['Бугалтер', 'Директор'], 'right_answer': ['Преподаватель'], 'id': 1}}]}, '\\static\\GetClientData\\UploadInServerClientCookie\\ClientCookieData\\question.json': {'client_flag': True, 'Body': [{'Qst': {'question_name': 'Кто такой Патрин?', 'answer': ['Бухгалтер ', 'Директор'], 'right_answer': ['Преподаватель'], 'id': 1}}]}, '\\Settings\\SettingsPage\\settings_page.json': {'Body': [{'name': 'version', 'value': 2.1}, {'name': 'url for update', 'value': 'https://github.com/RustFarmer/Test/blob/main/update_url_file.json'}]}, '\\Settings\\UpdateProgram\\UpdateData\\update_url_file.json': {'Body': {'rarFile': 'https://github.com/RustFarmer/Rust-helper/raw/refs/heads/main/v5.1.rar'}}, '\\static\\GetClientData\\UploadInServerClientCookie\\ClientCookieData\\settings.json': {'client_flag': True, 'Body': []}, '\\PassCutOff\\settings.json': {'Body': []}, '\\ImageResultScreen\\imageSettings.json': {'Body': []}, '\\ListBlancQuestion\\listBlancQuestion.json': {'Body': []}}
2026-08-29 at 22:22:51 | INFO | <class 'pathlib.WindowsPath'>
2026-08-29 at 22:22:51 | INFO | T:\Н папка\програмирование\python\project\pythonProject1\programForTecher\admin
2026-08-29 at 22:22:51 | INFO | {'\\Cookie\\local_cookie.json': {'Body': {'time_check_updates': '17:22 22.08.26', 'value_Check': False}}, '\\question.json': {'Body': [{'Qst': {'question_name': 'Кто такой Патрин?', 'answer': ['Бугалтер', 'Директор'], 'right_answer': ['Преподаватель'], 'id': 1}}]}, '\\static\\GetClientData\\UploadInServerClientCookie\\ClientCookieData\\question.json': {'client_flag': True, 'Body': [{'Qst': {'question_name': 'Кто такой Патрин?', 'answer': ['Бухгалтер ', 'Директор'], 'right_answer': ['Преподаватель'], 'id': 1}}]}, '\\Settings\\SettingsPage\\settings_page.json': {'Body': [{'name': 'version', 'value': 2.1}, {'name': 'url for update', 'value': 'https://github.com/RustFarmer/Test/blob/main/update_url_file.json'}]}, '\\Settings\\UpdateProgram\\UpdateData\\update_url_file.json': {'Body': {'rarFile': 'https://github.com/RustFarmer/Rust-helper/raw/refs/heads/main/v5.1.rar'}}, '\\static\\GetClientData\\UploadInServerClientCookie\\ClientCookieData\\settings.json': {'client_flag': True, 'Body': []}, '\\PassCutOff\\settings.json': {'Body': []}, '\\ImageResultScreen\\imageSettings.json': {'Body': []}, '\\ListBlancQuestion\\listBlancQuestion.json': {'Body': []}}
2026-08-29 at 22:22:51 | INFO | {'\\Cookie\\local_cookie.json': {'Body': {'time_check_updates': '17:22 22.08.26', 'value_Check': False}}, '\\question.json': {'Body': [{'Qst': {'question_name': 'Кто такой Патрин?', 'answer': ['Бугалтер', 'Директор'], 'right_answer': ['Преподаватель'], 'id': 1}}]}, '\\static\\GetClientData\\UploadInServerClientCookie\\ClientCookieData\\question.json': {'client_flag': True, 'Body': [{'Qst': {'question_name': 'Кто такой Патрин?', 'answer': ['Бухгалтер ', 'Директор'], 'right_answer': ['Преподаватель'], 'id': 1}}]}, '\\Settings\\SettingsPage\\settings_page.json': {'Body': [{'name': 'version', 'value': 2.1}, {'name': 'url for update', 'value': 'https://github.com/RustFarmer/Test/blob/main/update_url_file.json'}]}, '\\Settings\\UpdateProgram\\UpdateData\\update_url_file.json': {'Body': {'rarFile': 'https://github.com/RustFarmer/Rust-helper/raw/refs/heads/main/v5.1.rar'}}, '\\static\\GetClientData\\UploadInServerClientCookie\\ClientCookieData\\settings.json': {'client_flag': True, 'Body': []}, '\\PassCutOff\\settings.json': {'Body': []}, '\\ImageResultScreen\\imageSettings.json': {'Body': []}, '\\ListBlancQuestion\\listBlancQuestion.json': {'Body': []}}
2026-08-29 at 22:22:51 | INFO | T:\Н папка\програмирование\python\project\pythonProject1\programForTecher\admin\Cookie\local_cookie.json
2026-08-29 at 22:22:51 | INFO | \Cookie\local_cookie.json
2026-08-29 at 22:22:51 | INFO | {'Body': {'time_check_updates': '17:22 22.08.26', 'value_Check': False}}
2026-08-29 at 22:22:51 | INFO | T:\Н папка\програмирование\python\project\pythonProject1\programForTecher\admin\question.json
2026-08-29 at 22:22:51 | INFO | \question.json
2026-08-29 at 22:22:51 | INFO | {'Body': [{'Qst': {'question_name': 'Кто такой Патрин?', 'answer': ['Бугалтер', 'Директор'], 'right_answer': ['Преподаватель'], 'id': 1}}]}
2026-08-29 at 22:22:51 | INFO | T:\Н папка\програмирование\python\project\pythonProject1\programForTecher\admin\static\GetClientData\UploadInServerClientCookie\ClientCookieData\question.json
2026-08-29 at 22:22:51 | INFO | T:\Н папка\програмирование\python\project\pythonProject1\programForTecher\client\static\GetClientData\UploadInServerClientCookie\ClientCookieData\question.json
2026-08-29 at 22:22:51 | INFO | \static\GetClientData\UploadInServerClientCookie\ClientCookieData\question.json
2026-08-29 at 22:22:51 | INFO | {'client_flag': True, 'Body': [{'Qst': {'question_name': 'Кто такой Патрин?', 'answer': ['Бухгалтер ', 'Директор'], 'right_answer': ['Преподаватель'], 'id': 1}}]}
2026-08-29 at 22:22:51 | INFO | T:\Н папка\програмирование\python\project\pythonProject1\programForTecher\admin\Settings\SettingsPage\settings_page.json
2026-08-29 at 22:22:51 | INFO | \Settings\SettingsPage\settings_page.json
2026-08-29 at 22:22:51 | INFO | {'Body': [{'name': 'version', 'value': 2.1}, {'name': 'url for update', 'value': 'https://github.com/RustFarmer/Test/blob/main/update_url_file.json'}]}
2026-08-29 at 22:22:51 | INFO | T:\Н папка\програмирование\python\project\pythonProject1\programForTecher\admin\Settings\UpdateProgram\UpdateData\update_url_file.json
2026-08-29 at 22:22:51 | INFO | \Settings\UpdateProgram\UpdateData\update_url_file.json
2026-08-29 at 22:22:51 | INFO | {'Body': {'rarFile': 'https://github.com/RustFarmer/Rust-helper/raw/refs/heads/main/v5.1.rar'}}
2026-08-29 at 22:22:51 | INFO | T:\Н папка\програмирование\python\project\pythonProject1\programForTecher\admin\static\GetClientData\UploadInServerClientCookie\ClientCookieData\settings.json
2026-08-29 at 22:22:51 | INFO | T:\Н папка\програмирование\python\project\pythonProject1\programForTecher\client\static\GetClientData\UploadInServerClientCookie\ClientCookieData\settings.json
2026-08-29 at 22:22:51 | INFO | \static\GetClientData\UploadInServerClientCookie\ClientCookieData\settings.json
2026-08-29 at 22:22:51 | INFO | {'client_flag': True, 'Body': []}
2026-08-29 at 22:22:51 | INFO | T:\Н папка\програмирование\python\project\pythonProject1\programForTecher\admin\PassCutOff\settings.json
2026-08-29 at 22:22:51 | INFO | \PassCutOff\settings.json
2026-08-29 at 22:22:51 | INFO | {'Body': []}
2026-08-29 at 22:22:51 | INFO | T:\Н папка\програмирование\python\project\pythonProject1\programForTecher\admin\ImageResultScreen\imageSettings.json
2026-08-29 at 22:22:51 | INFO | \ImageResultScreen\imageSettings.json
2026-08-29 at 22:22:51 | INFO | {'Body': []}
2026-08-29 at 22:22:51 | INFO | T:\Н папка\програмирование\python\project\pythonProject1\programForTecher\admin\ListBlancQuestion\listBlancQuestion.json
2026-08-29 at 22:22:51 | INFO | \ListBlancQuestion\listBlancQuestion.json
2026-08-29 at 22:22:51 | INFO | {'Body': []}
2026-08-29 at 22:22:51 | INFO | T:\Н папка\програмирование\python\project\pythonProject1\programForTecher\admin\Log\appFileLog.log
2026-08-29 at 22:22:51 | INFO | T:\Н папка\програмирование\python\project\pythonProject1\programForTecher\admin
2026-08-29 at 22:22:51 | INFO | T:\Н папка\програмирование\python\project\pythonProject1\programForTecher\client
2026-08-29 at 22:22:51 | INFO | {'\\Cookie\\local_cookie.json': {'Body': {'time_check_updates': '17:22 22.08.26', 'value_Check': False}}, '\\question.json': {'Body': [{'Qst': {'question_name': 'Кто такой Патрин?', 'answer': ['Бугалтер', 'Директор'], 'right_answer': ['Преподаватель'], 'id': 1}}]}, '\\static\\GetClientData\\UploadInServerClientCookie\\ClientCookieData\\question.json': {'client_flag': True, 'Body': [{'Qst': {'question_name': 'Кто такой Патрин?', 'answer': ['Бухгалтер ', 'Директор'], 'right_answer': ['Преподаватель'], 'id': 1}}]}, '\\Settings\\SettingsPage\\settings_page.json': {'Body': [{'name': 'version', 'value': 2.1}, {'name': 'url for update', 'value': 'https://github.com/RustFarmer/Test/blob/main/update_url_file.json'}]}, '\\Settings\\UpdateProgram\\UpdateData\\update_url_file.json': {'Body': {'rarFile': 'https://github.com/RustFarmer/Rust-helper/raw/refs/heads/main/v5.1.rar'}}, '\\static\\GetClientData\\UploadInServerClientCookie\\ClientCookieData\\settings.json': {'client_flag': True, 'Body': []}, '\\PassCutOff\\settings.json': {'Body': []}, '\\ImageResultScreen\\imageSettings.json': {'Body': []}, '\\ListBlancQuestion\\listBlancQuestion.json': {'Body': []}}
2026-08-29 at 22:22:51 | INFO | <class 'pathlib.WindowsPath'>
2026-08-29 at 22:22:51 | INFO | T:\Н папка\програмирование\python\project\pythonProject1\programForTecher\admin
2026-08-29 at 22:22:51 | INFO | {'\\Cookie\\local_cookie.json': {'Body': {'time_check_updates': '17:22 22.08.26', 'value_Check': False}}, '\\question.json': {'Body': [{'Qst': {'question_name': 'Кто такой Патрин?', 'answer': ['Бугалтер', 'Директор'], 'right_answer': ['Преподаватель'], 'id': 1}}]}, '\\static\\GetClientData\\UploadInServerClientCookie\\ClientCookieData\\question.json': {'client_flag': True, 'Body': [{'Qst': {'question_name': 'Кто такой Патрин?', 'answer': ['Бухгалтер ', 'Директор'], 'right_answer': ['Преподаватель'], 'id': 1}}]}, '\\Settings\\SettingsPage\\settings_page.json': {'Body': [{'name': 'version', 'value': 2.1}, {'name': 'url for update', 'value': 'https://github.com/RustFarmer/Test/blob/main/update_url_file.json'}]}, '\\Settings\\UpdateProgram\\UpdateData\\update_url_file.json': {'Body': {'rarFile': 'https://github.com/RustFarmer/Rust-helper/raw/refs/heads/main/v5.1.rar'}}, '\\static\\GetClientData\\UploadInServerClientCookie\\ClientCookieData\\settings.json': {'client_flag': True, 'Body': []}, '\\PassCutOff\\settings.json': {'Body': []}, '\\ImageResultScreen\\imageSettings.json': {'Body': []}, '\\ListBlancQuestion\\listBlancQuestion.json': {'Body': []}}
2026-08-29 at 22:22:51 | INFO | {'\\Cookie\\local_cookie.json': {'Body': {'time_check_updates': '17:22 22.08.26', 'value_Check': False}}, '\\question.json': {'Body': [{'Qst': {'question_name': 'Кто такой Патрин?', 'answer': ['Бугалтер', 'Директор'], 'right_answer': ['Преподаватель'], 'id': 1}}]}, '\\static\\GetClientData\\UploadInServerClientCookie\\ClientCookieData\\question.json': {'client_flag': True, 'Body': [{'Qst': {'question_name': 'Кто такой Патрин?', 'answer': ['Бухгалтер ', 'Директор'], 'right_answer': ['Преподаватель'], 'id': 1}}]}, '\\Settings\\SettingsPage\\settings_page.json': {'Body': [{'name': 'version', 'value': 2.1}, {'name': 'url for update', 'value': 'https://github.com/RustFarmer/Test/blob/main/update_url_file.json'}]}, '\\Settings\\UpdateProgram\\UpdateData\\update_url_file.json': {'Body': {'rarFile': 'https://github.com/RustFarmer/Rust-helper/raw/refs/heads/main/v5.1.rar'}}, '\\static\\GetClientData\\UploadInServerClientCookie\\ClientCookieData\\settings.json': {'client_flag': True, 'Body': []}, '\\PassCutOff\\settings.json': {'Body': []}, '\\ImageResultScreen\\imageSettings.json': {'Body': []}, '\\ListBlancQuestion\\listBlancQuestion.json': {'Body': []}}
2026-08-29 at 22:22:51 | INFO | T:\Н папка\програмирование\python\project\pythonProject1\programForTecher\admin\Cookie\local_cookie.json
2026-08-29 at 22:22:51 | INFO | \Cookie\local_cookie.json
2026-08-29 at 22:22:51 | INFO | {'Body': {'time_check_updates': '17:22 22.08.26', 'value_Check': False}}
2026-08-29 at 22:22:51 | INFO | T:\Н папка\програмирование\python\project\pythonProject1\programForTecher\admin\question.json
2026-08-29 at 22:22:51 | INFO | \question.json
2026-08-29 at 22:22:51 | INFO | {'Body': [{'Qst': {'question_name': 'Кто такой Патрин?', 'answer': ['Бугалтер', 'Директор'], 'right_answer': ['Преподаватель'], 'id': 1}}]}
2026-08-29 at 22:22:51 | INFO | T:\Н папка\програмирование\python\project\pythonProject1\programForTecher\admin\static\GetClientData\UploadInServerClientCookie\ClientCookieData\question.json
2026-08-29 at 22:22:51 | INFO | T:\Н папка\програмирование\python\project\pythonProject1\programForTecher\client\static\GetClientData\UploadInServerClientCookie\ClientCookieData\question.json
2026-08-29 at 22:22:51 | INFO | \static\GetClientData\UploadInServerClientCookie\ClientCookieData\question.json
2026-08-29 at 22:22:51 | INFO | {'client_flag': True, 'Body': [{'Qst': {'question_name': 'Кто такой Патрин?', 'answer': ['Бухгалтер ', 'Директор'], 'right_answer': ['Преподаватель'], 'id': 1}}]}
2026-08-29 at 22:22:51 | INFO | T:\Н папка\програмирование\python\project\pythonProject1\programForTecher\admin\Settings\SettingsPage\settings_page.json
2026-08-29 at 22:22:51 | INFO | \Settings\SettingsPage\settings_page.json
2026-08-29 at 22:22:51 | INFO | {'Body': [{'name': 'version', 'value': 2.1}, {'name': 'url for update', 'value': 'https://github.com/RustFarmer/Test/blob/main/update_url_file.json'}]}
2026-08-29 at 22:22:51 | INFO | T:\Н папка\програмирование\python\project\pythonProject1\programForTecher\admin\Settings\UpdateProgram\UpdateData\update_url_file.json
2026-08-29 at 22:22:51 | INFO | \Settings\UpdateProgram\UpdateData\update_url_file.json
2026-08-29 at 22:22:51 | INFO | {'Body': {'rarFile': 'https://github.com/RustFarmer/Rust-helper/raw/refs/heads/main/v5.1.rar'}}
2026-08-29 at 22:22:51 | INFO | T:\Н папка\програмирование\python\project\pythonProject1\programForTecher\admin\static\GetClientData\UploadInServerClientCookie\ClientCookieData\settings.json
2026-08-29 at 22:22:51 | INFO | T:\Н папка\програмирование\python\project\pythonProject1\programForTecher\client\static\GetClientData\UploadInServerClientCookie\ClientCookieData\settings.json
2026-08-29 at 22:22:51 | INFO | \static\GetClientData\UploadInServerClientCookie\ClientCookieData\settings.json
2026-08-29 at 22:22:51 | INFO | {'client_flag': True, 'Body': []}
2026-08-29 at 22:22:51 | INFO | T:\Н папка\програмирование\python\project\pythonProject1\programForTecher\admin\PassCutOff\settings.json
2026-08-29 at 22:22:51 | INFO | \PassCutOff\settings.json
2026-08-29 at 22:22:51 | INFO | {'Body': []}
2026-08-29 at 22:22:51 | INFO | T:\Н папка\програмирование\python\project\pythonProject1\programForTecher\admin\ImageResultScreen\imageSettings.json
2026-08-29 at 22:22:51 | INFO | \ImageResultScreen\imageSettings.json
2026-08-29 at 22:22:51 | INFO | {'Body': []}
2026-08-29 at 22:22:51 | INFO | T:\Н папка\програмирование\python\project\pythonProject1\programForTecher\admin\ListBlancQuestion\listBlancQuestion.json
2026-08-29 at 22:22:51 | INFO | \ListBlancQuestion\listBlancQuestion.json
2026-08-29 at 22:22:51 | INFO | {'Body': []}
2026-08-29 at 22:22:52 | INFO | xcv
2026-08-29 at 22:23:16 | INFO | T:\Н папка\програмирование\python\project\pythonProject1\programForTecher\admin\Log\appFileLog.log
2026-08-29 at 22:23:16 | INFO | T:\Н папка\програмирование\python\project\pythonProject1\programForTecher\admin
2026-08-29 at 22:23:16 | INFO | T:\Н папка\програмирование\python\project\pythonProject1\programForTecher\client
2026-08-29 at 22:23:16 | INFO | {'\\Cookie\\local_cookie.json': {'Body': {'time_check_updates': '17:22 22.08.26', 'value_Check': False}}, '\\question.json': {'Body': [{'Qst': {'question_name': 'Кто такой Патрин?', 'answer': ['Бугалтер', 'Директор'], 'right_answer': ['Преподаватель'], 'id': 1}}]}, '\\static\\GetClientData\\UploadInServerClientCookie\\ClientCookieData\\question.json': {'client_flag': True, 'Body': [{'Qst': {'question_name': 'Кто такой Патрин?', 'answer': ['Бухгалтер ', 'Директор'], 'right_answer': ['Преподаватель'], 'id': 1}}]}, '\\Settings\\SettingsPage\\settings_page.json': {'Body': [{'name': 'version', 'value': 2.1}, {'name': 'url for update', 'value': 'https://github.com/RustFarmer/Test/blob/main/update_url_file.json'}]}, '\\Settings\\UpdateProgram\\UpdateData\\update_url_file.json': {'Body': {'rarFile': 'https://github.com/RustFarmer/Rust-helper/raw/refs/heads/main/v5.1.rar'}}, '\\static\\GetClientData\\UploadInServerClientCookie\\ClientCookieData\\settings.json': {'client_flag': True, 'Body': []}, '\\PassCutOff\\settings.json': {'Body': []}, '\\ImageResultScreen\\imageSettings.json': {'Body': []}, '\\ListBlancQuestion\\listBlancQuestion.json': {'Body': []}}
2026-08-29 at 22:23:16 | INFO | <class 'pathlib.WindowsPath'>
2026-08-29 at 22:23:16 | INFO | T:\Н папка\програмирование\python\project\pythonProject1\programForTecher\admin
2026-08-29 at 22:23:16 | INFO | {'\\Cookie\\local_cookie.json': {'Body': {'time_check_updates': '17:22 22.08.26', 'value_Check': False}}, '\\question.json': {'Body': [{'Qst': {'question_name': 'Кто такой Патрин?', 'answer': ['Бугалтер', 'Директор'], 'right_answer': ['Преподаватель'], 'id': 1}}]}, '\\static\\GetClientData\\UploadInServerClientCookie\\ClientCookieData\\question.json': {'client_flag': True, 'Body': [{'Qst': {'question_name': 'Кто такой Патрин?', 'answer': ['Бухгалтер ', 'Директор'], 'right_answer': ['Преподаватель'], 'id': 1}}]}, '\\Settings\\SettingsPage\\settings_page.json': {'Body': [{'name': 'version', 'value': 2.1}, {'name': 'url for update', 'value': 'https://github.com/RustFarmer/Test/blob/main/update_url_file.json'}]}, '\\Settings\\UpdateProgram\\UpdateData\\update_url_file.json': {'Body': {'rarFile': 'https://github.com/RustFarmer/Rust-helper/raw/refs/heads/main/v5.1.rar'}}, '\\static\\GetClientData\\UploadInServerClientCookie\\ClientCookieData\\settings.json': {'client_flag': True, 'Body': []}, '\\PassCutOff\\settings.json': {'Body': []}, '\\ImageResultScreen\\imageSettings.json': {'Body': []}, '\\ListBlancQuestion\\listBlancQuestion.json': {'Body': []}}
2026-08-29 at 22:23:16 | INFO | {'\\Cookie\\local_cookie.json': {'Body': {'time_check_updates': '17:22 22.08.26', 'value_Check': False}}, '\\question.json': {'Body': [{'Qst': {'question_name': 'Кто такой Патрин?', 'answer': ['Бугалтер', 'Директор'], 'right_answer': ['Преподаватель'], 'id': 1}}]}, '\\static\\GetClientData\\UploadInServerClientCookie\\ClientCookieData\\question.json': {'client_flag': True, 'Body': [{'Qst': {'question_name': 'Кто такой Патрин?', 'answer': ['Бухгалтер ', 'Директор'], 'right_answer': ['Преподаватель'], 'id': 1}}]}, '\\Settings\\SettingsPage\\settings_page.json': {'Body': [{'name': 'version', 'value': 2.1}, {'name': 'url for update', 'value': 'https://github.com/RustFarmer/Test/blob/main/update_url_file.json'}]}, '\\Settings\\UpdateProgram\\UpdateData\\update_url_file.json': {'Body': {'rarFile': 'https://github.com/RustFarmer/Rust-helper/raw/refs/heads/main/v5.1.rar'}}, '\\static\\GetClientData\\UploadInServerClientCookie\\ClientCookieData\\settings.json': {'client_flag': True, 'Body': []}, '\\PassCutOff\\settings.json': {'Body': []}, '\\ImageResultScreen\\imageSettings.json': {'Body': []}, '\\ListBlancQuestion\\listBlancQuestion.json': {'Body': []}}
2026-08-29 at 22:23:16 | INFO | T:\Н папка\програмирование\python\project\pythonProject1\programForTecher\admin\Cookie\local_cookie.json
2026-08-29 at 22:23:16 | INFO | \Cookie\local_cookie.json
2026-08-29 at 22:23:16 | INFO | {'Body': {'time_check_updates': '17:22 22.08.26', 'value_Check': False}}
2026-08-29 at 22:23:16 | INFO | T:\Н папка\програмирование\python\project\pythonProject1\programForTecher\admin\question.json
2026-08-29 at 22:23:16 | INFO | \question.json
2026-08-29 at 22:23:16 | INFO | {'Body': [{'Qst': {'question_name': 'Кто такой Патрин?', 'answer': ['Бугалтер', 'Директор'], 'right_answer': ['Преподаватель'], 'id': 1}}]}
2026-08-29 at 22:23:16 | INFO | T:\Н папка\програмирование\python\project\pythonProject1\programForTecher\admin\static\GetClientData\UploadInServerClientCookie\ClientCookieData\question.json
2026-08-29 at 22:23:16 | INFO | T:\Н папка\програмирование\python\project\pythonProject1\programForTecher\client\static\GetClientData\UploadInServerClientCookie\ClientCookieData\question.json
2026-08-29 at 22:23:16 | INFO | \static\GetClientData\UploadInServerClientCookie\ClientCookieData\question.json
2026-08-29 at 22:23:16 | INFO | {'client_flag': True, 'Body': [{'Qst': {'question_name': 'Кто такой Патрин?', 'answer': ['Бухгалтер ', 'Директор'], 'right_answer': ['Преподаватель'], 'id': 1}}]}
2026-08-29 at 22:23:16 | INFO | T:\Н папка\програмирование\python\project\pythonProject1\programForTecher\admin\Settings\SettingsPage\settings_page.json
2026-08-29 at 22:23:16 | INFO | \Settings\SettingsPage\settings_page.json
2026-08-29 at 22:23:16 | INFO | {'Body': [{'name': 'version', 'value': 2.1}, {'name': 'url for update', 'value': 'https://github.com/RustFarmer/Test/blob/main/update_url_file.json'}]}
2026-08-29 at 22:23:16 | INFO | T:\Н папка\програмирование\python\project\pythonProject1\programForTecher\admin\Settings\UpdateProgram\UpdateData\update_url_file.json
2026-08-29 at 22:23:16 | INFO | \Settings\UpdateProgram\UpdateData\update_url_file.json
2026-08-29 at 22:23:16 | INFO | {'Body': {'rarFile': 'https://github.com/RustFarmer/Rust-helper/raw/refs/heads/main/v5.1.rar'}}
2026-08-29 at 22:23:16 | INFO | T:\Н папка\програмирование\python\project\pythonProject1\programForTecher\admin\static\GetClientData\UploadInServerClientCookie\ClientCookieData\settings.json
2026-08-29 at 22:23:16 | INFO | T:\Н папка\програмирование\python\project\pythonProject1\programForTecher\client\static\GetClientData\UploadInServerClientCookie\ClientCookieData\settings.json
2026-08-29 at 22:23:16 | INFO | \static\GetClientData\UploadInServerClientCookie\ClientCookieData\settings.json
2026-08-29 at 22:23:16 | INFO | {'client_flag': True, 'Body': []}
2026-08-29 at 22:23:16 | INFO | T:\Н папка\програмирование\python\project\pythonProject1\programForTecher\admin\PassCutOff\settings.json
2026-08-29 at 22:23:16 | INFO | \PassCutOff\settings.json
2026-08-29 at 22:23:16 | INFO | {'Body': []}
2026-08-29 at 22:23:16 | INFO | T:\Н папка\програмирование\python\project\pythonProject1\programForTecher\admin\ImageResultScreen\imageSettings.json
2026-08-29 at 22:23:16 | INFO | \ImageResultScreen\imageSettings.json
2026-08-29 at 22:23:16 | INFO | {'Body': []}
2026-08-29 at 22:23:16 | INFO | T:\Н папка\програмирование\python\project\pythonProject1\programForTecher\admin\ListBlancQuestion\listBlancQuestion.json
2026-08-29 at 22:23:16 | INFO | \ListBlancQuestion\listBlancQuestion.json
2026-08-29 at 22:23:16 | INFO | {'Body': []}
2026-08-29 at 22:23:17 | INFO | T:\Н папка\програмирование\python\project\pythonProject1\programForTecher\admin\Log\appFileLog.log
2026-08-29 at 22:23:17 | INFO | T:\Н папка\програмирование\python\project\pythonProject1\programForTecher\admin
2026-08-29 at 22:23:17 | INFO | T:\Н папка\програмирование\python\project\pythonProject1\programForTecher\client
2026-08-29 at 22:23:17 | INFO | {'\\Cookie\\local_cookie.json': {'Body': {'time_check_updates': '17:22 22.08.26', 'value_Check': False}}, '\\question.json': {'Body': [{'Qst': {'question_name': 'Кто такой Патрин?', 'answer': ['Бугалтер', 'Директор'], 'right_answer': ['Преподаватель'], 'id': 1}}]}, '\\static\\GetClientData\\UploadInServerClientCookie\\ClientCookieData\\question.json': {'client_flag': True, 'Body': [{'Qst': {'question_name': 'Кто такой Патрин?', 'answer': ['Бухгалтер ', 'Директор'], 'right_answer': ['Преподаватель'], 'id': 1}}]}, '\\Settings\\SettingsPage\\settings_page.json': {'Body': [{'name': 'version', 'value': 2.1}, {'name': 'url for update', 'value': 'https://github.com/RustFarmer/Test/blob/main/update_url_file.json'}]}, '\\Settings\\UpdateProgram\\UpdateData\\update_url_file.json': {'Body': {'rarFile': 'https://github.com/RustFarmer/Rust-helper/raw/refs/heads/main/v5.1.rar'}}, '\\static\\GetClientData\\UploadInServerClientCookie\\ClientCookieData\\settings.json': {'client_flag': True, 'Body': []}, '\\PassCutOff\\settings.json': {'Body': []}, '\\ImageResultScreen\\imageSettings.json': {'Body': []}, '\\ListBlancQuestion\\listBlancQuestion.json': {'Body': []}}
2026-08-29 at 22:23:17 | INFO | <class 'pathlib.WindowsPath'>
2026-08-29 at 22:23:17 | INFO | T:\Н папка\програмирование\python\project\pythonProject1\programForTecher\admin
2026-08-29 at 22:23:17 | INFO | {'\\Cookie\\local_cookie.json': {'Body': {'time_check_updates': '17:22 22.08.26', 'value_Check': False}}, '\\question.json': {'Body': [{'Qst': {'question_name': 'Кто такой Патрин?', 'answer': ['Бугалтер', 'Директор'], 'right_answer': ['Преподаватель'], 'id': 1}}]}, '\\static\\GetClientData\\UploadInServerClientCookie\\ClientCookieData\\question.json': {'client_flag': True, 'Body': [{'Qst': {'question_name': 'Кто такой Патрин?', 'answer': ['Бухгалтер ', 'Директор'], 'right_answer': ['Преподаватель'], 'id': 1}}]}, '\\Settings\\SettingsPage\\settings_page.json': {'Body': [{'name': 'version', 'value': 2.1}, {'name': 'url for update', 'value': 'https://github.com/RustFarmer/Test/blob/main/update_url_file.json'}]}, '\\Settings\\UpdateProgram\\UpdateData\\update_url_file.json': {'Body': {'rarFile': 'https://github.com/RustFarmer/Rust-helper/raw/refs/heads/main/v5.1.rar'}}, '\\static\\GetClientData\\UploadInServerClientCookie\\ClientCookieData\\settings.json': {'client_flag': True, 'Body': []}, '\\PassCutOff\\settings.json': {'Body': []}, '\\ImageResultScreen\\imageSettings.json': {'Body': []}, '\\ListBlancQuestion\\listBlancQuestion.json': {'Body': []}}
2026-08-29 at 22:23:17 | INFO | {'\\Cookie\\local_cookie.json': {'Body': {'time_check_updates': '17:22 22.08.26', 'value_Check': False}}, '\\question.json': {'Body': [{'Qst': {'question_name': 'Кто такой Патрин?', 'answer': ['Бугалтер', 'Директор'], 'right_answer': ['Преподаватель'], 'id': 1}}]}, '\\static\\GetClientData\\UploadInServerClientCookie\\ClientCookieData\\question.json': {'client_flag': True, 'Body': [{'Qst': {'question_name': 'Кто такой Патрин?', 'answer': ['Бухгалтер ', 'Директор'], 'right_answer': ['Преподаватель'], 'id': 1}}]}, '\\Settings\\SettingsPage\\settings_page.json': {'Body': [{'name': 'version', 'value': 2.1}, {'name': 'url for update', 'value': 'https://github.com/RustFarmer/Test/blob/main/update_url_file.json'}]}, '\\Settings\\UpdateProgram\\UpdateData\\update_url_file.json': {'Body': {'rarFile': 'https://github.com/RustFarmer/Rust-helper/raw/refs/heads/main/v5.1.rar'}}, '\\static\\GetClientData\\UploadInServerClientCookie\\ClientCookieData\\settings.json': {'client_flag': True, 'Body': []}, '\\PassCutOff\\settings.json': {'Body': []}, '\\ImageResultScreen\\imageSettings.json': {'Body': []}, '\\ListBlancQuestion\\listBlancQuestion.json': {'Body': []}}
2026-08-29 at 22:23:17 | INFO | T:\Н папка\програмирование\python\project\pythonProject1\programForTecher\admin\Cookie\local_cookie.json
2026-08-29 at 22:23:17 | INFO | \Cookie\local_cookie.json
2026-08-29 at 22:23:17 | INFO | {'Body': {'time_check_updates': '17:22 22.08.26', 'value_Check': False}}
2026-08-29 at 22:23:17 | INFO | T:\Н папка\програмирование\python\project\pythonProject1\programForTecher\admin\question.json
2026-08-29 at 22:23:17 | INFO | \question.json
2026-08-29 at 22:23:17 | INFO | {'Body': [{'Qst': {'question_name': 'Кто такой Патрин?', 'answer': ['Бугалтер', 'Директор'], 'right_answer': ['Преподаватель'], 'id': 1}}]}
2026-08-29 at 22:23:17 | INFO | T:\Н папка\програмирование\python\project\pythonProject1\programForTecher\admin\static\GetClientData\UploadInServerClientCookie\ClientCookieData\question.json
2026-08-29 at 22:23:17 | INFO | T:\Н папка\програмирование\python\project\pythonProject1\programForTecher\client\static\GetClientData\UploadInServerClientCookie\ClientCookieData\question.json
2026-08-29 at 22:23:17 | INFO | \static\GetClientData\UploadInServerClientCookie\ClientCookieData\question.json
2026-08-29 at 22:23:17 | INFO | {'client_flag': True, 'Body': [{'Qst': {'question_name': 'Кто такой Патрин?', 'answer': ['Бухгалтер ', 'Директор'], 'right_answer': ['Преподаватель'], 'id': 1}}]}
2026-08-29 at 22:23:17 | INFO | T:\Н папка\програмирование\python\project\pythonProject1\programForTecher\admin\Settings\SettingsPage\settings_page.json
2026-08-29 at 22:23:17 | INFO | \Settings\SettingsPage\settings_page.json
2026-08-29 at 22:23:17 | INFO | {'Body': [{'name': 'version', 'value': 2.1}, {'name': 'url for update', 'value': 'https://github.com/RustFarmer/Test/blob/main/update_url_file.json'}]}
2026-08-29 at 22:23:17 | INFO | T:\Н папка\програмирование\python\project\pythonProject1\programForTecher\admin\Settings\UpdateProgram\UpdateData\update_url_file.json
2026-08-29 at 22:23:17 | INFO | \Settings\UpdateProgram\UpdateData\update_url_file.json
2026-08-29 at 22:23:17 | INFO | {'Body': {'rarFile': 'https://github.com/RustFarmer/Rust-helper/raw/refs/heads/main/v5.1.rar'}}
2026-08-29 at 22:23:17 | INFO | T:\Н папка\програмирование\python\project\pythonProject1\programForTecher\admin\static\GetClientData\UploadInServerClientCookie\ClientCookieData\settings.json
2026-08-29 at 22:23:17 | INFO | T:\Н папка\програмирование\python\project\pythonProject1\programForTecher\client\static\GetClientData\UploadInServerClientCookie\ClientCookieData\settings.json
2026-08-29 at 22:23:17 | INFO | \static\GetClientData\UploadInServerClientCookie\ClientCookieData\settings.json
2026-08-29 at 22:23:17 | INFO | {'client_flag': True, 'Body': []}
2026-08-29 at 22:23:17 | INFO | T:\Н папка\програмирование\python\project\pythonProject1\programForTecher\admin\PassCutOff\settings.json
2026-08-29 at 22:23:17 | INFO | \PassCutOff\settings.json
2026-08-29 at 22:23:17 | INFO | {'Body': []}
2026-08-29 at 22:23:17 | INFO | T:\Н папка\програмирование\python\project\pythonProject1\programForTecher\admin\ImageResultScreen\imageSettings.json
2026-08-29 at 22:23:17 | INFO | \ImageResultScreen\imageSettings.json
2026-08-29 at 22:23:17 | INFO | {'Body': []}
2026-08-29 at 22:23:17 | INFO | T:\Н папка\програмирование\python\project\pythonProject1\programForTecher\admin\ListBlancQuestion\listBlancQuestion.json
2026-08-29 at 22:23:17 | INFO | \ListBlancQuestion\listBlancQuestion.json
2026-08-29 at 22:23:17 | INFO | {'Body': []}
2026-08-29 at 22:23:19 | INFO | xcv
2026-08-29 at 22:23:19 | INFO | [WinError 2] Не удается найти указанный файл: 'T:\\Н папка\\програмирование\\python\\project\\pythonProject1\\programForTecher\\admin\\Password\\password.txt'
2026-08-29 at 22:24:29 | INFO | T:\Н папка\програмирование\python\project\pythonProject1\programForTecher\admin\Log\appFileLog.log
2026-08-29 at 22:24:29 | INFO | T:\Н папка\програмирование\python\project\pythonProject1\programForTecher\admin
2026-08-29 at 22:24:29 | INFO | T:\Н папка\програмирование\python\project\pythonProject1\programForTecher\client
2026-08-29 at 22:24:29 | INFO | {'\\Cookie\\local_cookie.json': {'Body': {'time_check_updates': '17:22 22.08.26', 'value_Check': False}}, '\\question.json': {'Body': [{'Qst': {'question_name': 'Кто такой Патрин?', 'answer': ['Бугалтер', 'Директор'], 'right_answer': ['Преподаватель'], 'id': 1}}]}, '\\static\\GetClientData\\UploadInServerClientCookie\\ClientCookieData\\question.json': {'client_flag': True, 'Body': [{'Qst': {'question_name': 'Кто такой Патрин?', 'answer': ['Бухгалтер ', 'Директор'], 'right_answer': ['Преподаватель'], 'id': 1}}]}, '\\Settings\\SettingsPage\\settings_page.json': {'Body': [{'name': 'version', 'value': 2.1}, {'name': 'url for update', 'value': 'https://github.com/RustFarmer/Test/blob/main/update_url_file.json'}]}, '\\Settings\\UpdateProgram\\UpdateData\\update_url_file.json': {'Body': {'rarFile': 'https://github.com/RustFarmer/Rust-helper/raw/refs/heads/main/v5.1.rar'}}, '\\static\\GetClientData\\UploadInServerClientCookie\\ClientCookieData\\settings.json': {'client_flag': True, 'Body': []}, '\\PassCutOff\\settings.json': {'Body': []}, '\\ImageResultScreen\\imageSettings.json': {'Body': []}, '\\ListBlancQuestion\\listBlancQuestion.json': {'Body': []}}
2026-08-29 at 22:24:29 | INFO | <class 'pathlib.WindowsPath'>
2026-08-29 at 22:24:29 | INFO | T:\Н папка\програмирование\python\project\pythonProject1\programForTecher\admin
2026-08-29 at 22:24:29 | INFO | {'\\Cookie\\local_cookie.json': {'Body': {'time_check_updates': '17:22 22.08.26', 'value_Check': False}}, '\\question.json': {'Body': [{'Qst': {'question_name': 'Кто такой Патрин?', 'answer': ['Бугалтер', 'Директор'], 'right_answer': ['Преподаватель'], 'id': 1}}]}, '\\static\\GetClientData\\UploadInServerClientCookie\\ClientCookieData\\question.json': {'client_flag': True, 'Body': [{'Qst': {'question_name': 'Кто такой Патрин?', 'answer': ['Бухгалтер ', 'Директор'], 'right_answer': ['Преподаватель'], 'id': 1}}]}, '\\Settings\\SettingsPage\\settings_page.json': {'Body': [{'name': 'version', 'value': 2.1}, {'name': 'url for update', 'value': 'https://github.com/RustFarmer/Test/blob/main/update_url_file.json'}]}, '\\Settings\\UpdateProgram\\UpdateData\\update_url_file.json': {'Body': {'rarFile': 'https://github.com/RustFarmer/Rust-helper/raw/refs/heads/main/v5.1.rar'}}, '\\static\\GetClientData\\UploadInServerClientCookie\\ClientCookieData\\settings.json': {'client_flag': True, 'Body': []}, '\\PassCutOff\\settings.json': {'Body': []}, '\\ImageResultScreen\\imageSettings.json': {'Body': []}, '\\ListBlancQuestion\\listBlancQuestion.json': {'Body': []}}
2026-08-29 at 22:24:29 | INFO | {'\\Cookie\\local_cookie.json': {'Body': {'time_check_updates': '17:22 22.08.26', 'value_Check': False}}, '\\question.json': {'Body': [{'Qst': {'question_name': 'Кто такой Патрин?', 'answer': ['Бугалтер', 'Директор'], 'right_answer': ['Преподаватель'], 'id': 1}}]}, '\\static\\GetClientData\\UploadInServerClientCookie\\ClientCookieData\\question.json': {'client_flag': True, 'Body': [{'Qst': {'question_name': 'Кто такой Патрин?', 'answer': ['Бухгалтер ', 'Директор'], 'right_answer': ['Преподаватель'], 'id': 1}}]}, '\\Settings\\SettingsPage\\settings_page.json': {'Body': [{'name': 'version', 'value': 2.1}, {'name': 'url for update', 'value': 'https://github.com/RustFarmer/Test/blob/main/update_url_file.json'}]}, '\\Settings\\UpdateProgram\\UpdateData\\update_url_file.json': {'Body': {'rarFile': 'https://github.com/RustFarmer/Rust-helper/raw/refs/heads/main/v5.1.rar'}}, '\\static\\GetClientData\\UploadInServerClientCookie\\ClientCookieData\\settings.json': {'client_flag': True, 'Body': []}, '\\PassCutOff\\settings.json': {'Body': []}, '\\ImageResultScreen\\imageSettings.json': {'Body': []}, '\\ListBlancQuestion\\listBlancQuestion.json': {'Body': []}}
2026-08-29 at 22:24:29 | INFO | T:\Н папка\програмирование\python\project\pythonProject1\programForTecher\admin\Cookie\local_cookie.json
2026-08-29 at 22:24:29 | INFO | \Cookie\local_cookie.json
2026-08-29 at 22:24:29 | INFO | {'Body': {'time_check_updates': '17:22 22.08.26', 'value_Check': False}}
2026-08-29 at 22:24:29 | INFO | T:\Н папка\програмирование\python\project\pythonProject1\programForTecher\admin\question.json
2026-08-29 at 22:24:29 | INFO | \question.json
2026-08-29 at 22:24:29 | INFO | {'Body': [{'Qst': {'question_name': 'Кто такой Патрин?', 'answer': ['Бугалтер', 'Директор'], 'right_answer': ['Преподаватель'], 'id': 1}}]}
2026-08-29 at 22:24:29 | INFO | T:\Н папка\програмирование\python\project\pythonProject1\programForTecher\admin\static\GetClientData\UploadInServerClientCookie\ClientCookieData\question.json
2026-08-29 at 22:24:29 | INFO | T:\Н папка\програмирование\python\project\pythonProject1\programForTecher\client\static\GetClientData\UploadInServerClientCookie\ClientCookieData\question.json
2026-08-29 at 22:24:29 | INFO | \static\GetClientData\UploadInServerClientCookie\ClientCookieData\question.json
2026-08-29 at 22:24:29 | INFO | {'client_flag': True, 'Body': [{'Qst': {'question_name': 'Кто такой Патрин?', 'answer': ['Бухгалтер ', 'Директор'], 'right_answer': ['Преподаватель'], 'id': 1}}]}
2026-08-29 at 22:24:29 | INFO | T:\Н папка\програмирование\python\project\pythonProject1\programForTecher\admin\Settings\SettingsPage\settings_page.json
2026-08-29 at 22:24:29 | INFO | \Settings\SettingsPage\settings_page.json
2026-08-29 at 22:24:29 | INFO | {'Body': [{'name': 'version', 'value': 2.1}, {'name': 'url for update', 'value': 'https://github.com/RustFarmer/Test/blob/main/update_url_file.json'}]}
2026-08-29 at 22:24:29 | INFO | T:\Н папка\програмирование\python\project\pythonProject1\programForTecher\admin\Settings\UpdateProgram\UpdateData\update_url_file.json
2026-08-29 at 22:24:29 | INFO | \Settings\UpdateProgram\UpdateData\update_url_file.json
2026-08-29 at 22:24:29 | INFO | {'Body': {'rarFile': 'https://github.com/RustFarmer/Rust-helper/raw/refs/heads/main/v5.1.rar'}}
2026-08-29 at 22:24:29 | INFO | T:\Н папка\програмирование\python\project\pythonProject1\programForTecher\admin\static\GetClientData\UploadInServerClientCookie\ClientCookieData\settings.json
2026-08-29 at 22:24:29 | INFO | T:\Н папка\програмирование\python\project\pythonProject1\programForTecher\client\static\GetClientData\UploadInServerClientCookie\ClientCookieData\settings.json
2026-08-29 at 22:24:29 | INFO | \static\GetClientData\UploadInServerClientCookie\ClientCookieData\settings.json
2026-08-29 at 22:24:29 | INFO | {'client_flag': True, 'Body': []}
2026-08-29 at 22:24:29 | INFO | T:\Н папка\програмирование\python\project\pythonProject1\programForTecher\admin\PassCutOff\settings.json
2026-08-29 at 22:24:30 | INFO | \PassCutOff\settings.json
2026-08-29 at 22:24:30 | INFO | {'Body': []}
2026-08-29 at 22:24:30 | INFO | T:\Н папка\програмирование\python\project\pythonProject1\programForTecher\admin\ImageResultScreen\imageSettings.json
2026-08-29 at 22:24:30 | INFO | \ImageResultScreen\imageSettings.json
2026-08-29 at 22:24:30 | INFO | {'Body': []}
2026-08-29 at 22:24:30 | INFO | T:\Н папка\програмирование\python\project\pythonProject1\programForTecher\admin\ListBlancQuestion\listBlancQuestion.json
2026-08-29 at 22:24:30 | INFO | \ListBlancQuestion\listBlancQuestion.json
2026-08-29 at 22:24:30 | INFO | {'Body': []}
2026-08-29 at 22:24:30 | INFO | T:\Н папка\програмирование\python\project\pythonProject1\programForTecher\admin\Log\appFileLog.log
2026-08-29 at 22:24:30 | INFO | T:\Н папка\програмирование\python\project\pythonProject1\programForTecher\admin
2026-08-29 at 22:24:30 | INFO | T:\Н папка\програмирование\python\project\pythonProject1\programForTecher\client
2026-08-29 at 22:24:30 | INFO | {'\\Cookie\\local_cookie.json': {'Body': {'time_check_updates': '17:22 22.08.26', 'value_Check': False}}, '\\question.json': {'Body': [{'Qst': {'question_name': 'Кто такой Патрин?', 'answer': ['Бугалтер', 'Директор'], 'right_answer': ['Преподаватель'], 'id': 1}}]}, '\\static\\GetClientData\\UploadInServerClientCookie\\ClientCookieData\\question.json': {'client_flag': True, 'Body': [{'Qst': {'question_name': 'Кто такой Патрин?', 'answer': ['Бухгалтер ', 'Директор'], 'right_answer': ['Преподаватель'], 'id': 1}}]}, '\\Settings\\SettingsPage\\settings_page.json': {'Body': [{'name': 'version', 'value': 2.1}, {'name': 'url for update', 'value': 'https://github.com/RustFarmer/Test/blob/main/update_url_file.json'}]}, '\\Settings\\UpdateProgram\\UpdateData\\update_url_file.json': {'Body': {'rarFile': 'https://github.com/RustFarmer/Rust-helper/raw/refs/heads/main/v5.1.rar'}}, '\\static\\GetClientData\\UploadInServerClientCookie\\ClientCookieData\\settings.json': {'client_flag': True, 'Body': []}, '\\PassCutOff\\settings.json': {'Body': []}, '\\ImageResultScreen\\imageSettings.json': {'Body': []}, '\\ListBlancQuestion\\listBlancQuestion.json': {'Body': []}}
2026-08-29 at 22:24:30 | INFO | <class 'pathlib.WindowsPath'>
2026-08-29 at 22:24:30 | INFO | T:\Н папка\програмирование\python\project\pythonProject1\programForTecher\admin
2026-08-29 at 22:24:30 | INFO | {'\\Cookie\\local_cookie.json': {'Body': {'time_check_updates': '17:22 22.08.26', 'value_Check': False}}, '\\question.json': {'Body': [{'Qst': {'question_name': 'Кто такой Патрин?', 'answer': ['Бугалтер', 'Директор'], 'right_answer': ['Преподаватель'], 'id': 1}}]}, '\\static\\GetClientData\\UploadInServerClientCookie\\ClientCookieData\\question.json': {'client_flag': True, 'Body': [{'Qst': {'question_name': 'Кто такой Патрин?', 'answer': ['Бухгалтер ', 'Директор'], 'right_answer': ['Преподаватель'], 'id': 1}}]}, '\\Settings\\SettingsPage\\settings_page.json': {'Body': [{'name': 'version', 'value': 2.1}, {'name': 'url for update', 'value': 'https://github.com/RustFarmer/Test/blob/main/update_url_file.json'}]}, '\\Settings\\UpdateProgram\\UpdateData\\update_url_file.json': {'Body': {'rarFile': 'https://github.com/RustFarmer/Rust-helper/raw/refs/heads/main/v5.1.rar'}}, '\\static\\GetClientData\\UploadInServerClientCookie\\ClientCookieData\\settings.json': {'client_flag': True, 'Body': []}, '\\PassCutOff\\settings.json': {'Body': []}, '\\ImageResultScreen\\imageSettings.json': {'Body': []}, '\\ListBlancQuestion\\listBlancQuestion.json': {'Body': []}}
2026-08-29 at 22:24:30 | INFO | {'\\Cookie\\local_cookie.json': {'Body': {'time_check_updates': '17:22 22.08.26', 'value_Check': False}}, '\\question.json': {'Body': [{'Qst': {'question_name': 'Кто такой Патрин?', 'answer': ['Бугалтер', 'Директор'], 'right_answer': ['Преподаватель'], 'id': 1}}]}, '\\static\\GetClientData\\UploadInServerClientCookie\\ClientCookieData\\question.json': {'client_flag': True, 'Body': [{'Qst': {'question_name': 'Кто такой Патрин?', 'answer': ['Бухгалтер ', 'Директор'], 'right_answer': ['Преподаватель'], 'id': 1}}]}, '\\Settings\\SettingsPage\\settings_page.json': {'Body': [{'name': 'version', 'value': 2.1}, {'name': 'url for update', 'value': 'https://github.com/RustFarmer/Test/blob/main/update_url_file.json'}]}, '\\Settings\\UpdateProgram\\UpdateData\\update_url_file.json': {'Body': {'rarFile': 'https://github.com/RustFarmer/Rust-helper/raw/refs/heads/main/v5.1.rar'}}, '\\static\\GetClientData\\UploadInServerClientCookie\\ClientCookieData\\settings.json': {'client_flag': True, 'Body': []}, '\\PassCutOff\\settings.json': {'Body': []}, '\\ImageResultScreen\\imageSettings.json': {'Body': []}, '\\ListBlancQuestion\\listBlancQuestion.json': {'Body': []}}
2026-08-29 at 22:24:30 | INFO | T:\Н папка\програмирование\python\project\pythonProject1\programForTecher\admin\Cookie\local_cookie.json
2026-08-29 at 22:24:30 | INFO | \Cookie\local_cookie.json
2026-08-29 at 22:24:30 | INFO | {'Body': {'time_check_updates': '17:22 22.08.26', 'value_Check': False}}
2026-08-29 at 22:24:30 | INFO | T:\Н папка\програмирование\python\project\pythonProject1\programForTecher\admin\question.json
2026-08-29 at 22:24:30 | INFO | \question.json
2026-08-29 at 22:24:30 | INFO | {'Body': [{'Qst': {'question_name': 'Кто такой Патрин?', 'answer': ['Бугалтер', 'Директор'], 'right_answer': ['Преподаватель'], 'id': 1}}]}
2026-08-29 at 22:24:30 | INFO | T:\Н папка\програмирование\python\project\pythonProject1\programForTecher\admin\static\GetClientData\UploadInServerClientCookie\ClientCookieData\question.json
2026-08-29 at 22:24:30 | INFO | T:\Н папка\програмирование\python\project\pythonProject1\programForTecher\client\static\GetClientData\UploadInServerClientCookie\ClientCookieData\question.json
2026-08-29 at 22:24:30 | INFO | \static\GetClientData\UploadInServerClientCookie\ClientCookieData\question.json
2026-08-29 at 22:24:30 | INFO | {'client_flag': True, 'Body': [{'Qst': {'question_name': 'Кто такой Патрин?', 'answer': ['Бухгалтер ', 'Директор'], 'right_answer': ['Преподаватель'], 'id': 1}}]}
2026-08-29 at 22:24:30 | INFO | T:\Н папка\програмирование\python\project\pythonProject1\programForTecher\admin\Settings\SettingsPage\settings_page.json
2026-08-29 at 22:24:30 | INFO | \Settings\SettingsPage\settings_page.json
2026-08-29 at 22:24:30 | INFO | {'Body': [{'name': 'version', 'value': 2.1}, {'name': 'url for update', 'value': 'https://github.com/RustFarmer/Test/blob/main/update_url_file.json'}]}
2026-08-29 at 22:24:30 | INFO | T:\Н папка\програмирование\python\project\pythonProject1\programForTecher\admin\Settings\UpdateProgram\UpdateData\update_url_file.json
2026-08-29 at 22:24:30 | INFO | \Settings\UpdateProgram\UpdateData\update_url_file.json
2026-08-29 at 22:24:30 | INFO | {'Body': {'rarFile': 'https://github.com/RustFarmer/Rust-helper/raw/refs/heads/main/v5.1.rar'}}
2026-08-29 at 22:24:30 | INFO | T:\Н папка\програмирование\python\project\pythonProject1\programForTecher\admin\static\GetClientData\UploadInServerClientCookie\ClientCookieData\settings.json
2026-08-29 at 22:24:30 | INFO | T:\Н папка\програмирование\python\project\pythonProject1\programForTecher\client\static\GetClientData\UploadInServerClientCookie\ClientCookieData\settings.json
2026-08-29 at 22:24:30 | INFO | \static\GetClientData\UploadInServerClientCookie\ClientCookieData\settings.json
2026-08-29 at 22:24:30 | INFO | {'client_flag': True, 'Body': []}
2026-08-29 at 22:24:30 | INFO | T:\Н папка\програмирование\python\project\pythonProject1\programForTecher\admin\PassCutOff\settings.json
2026-08-29 at 22:24:30 | INFO | \PassCutOff\settings.json
2026-08-29 at 22:24:30 | INFO | {'Body': []}
2026-08-29 at 22:24:30 | INFO | T:\Н папка\програмирование\python\project\pythonProject1\programForTecher\admin\ImageResultScreen\imageSettings.json
2026-08-29 at 22:24:30 | INFO | \ImageResultScreen\imageSettings.json
2026-08-29 at 22:24:30 | INFO | {'Body': []}
2026-08-29 at 22:24:30 | INFO | T:\Н папка\програмирование\python\project\pythonProject1\programForTecher\admin\ListBlancQuestion\listBlancQuestion.json
2026-08-29 at 22:24:30 | INFO | \ListBlancQuestion\listBlancQuestion.json
2026-08-29 at 22:24:30 | INFO | {'Body': []}
2026-08-29 at 22:24:31 | INFO | sd
2026-08-29 at 22:24:31 | INFO | [WinError 2] Не удается найти указанный файл: 'T:\\Н папка\\програмирование\\python\\project\\pythonProject1\\programForTecher\\client\\static\\exe\\getClientCookie\\password.txt'
2026-08-29 at 22:26:27 | INFO | T:\Н папка\програмирование\python\project\pythonProject1\programForTecher\admin\Log\appFileLog.log
2026-08-29 at 22:26:27 | INFO | T:\Н папка\програмирование\python\project\pythonProject1\programForTecher\admin
2026-08-29 at 22:26:27 | INFO | T:\Н папка\програмирование\python\project\pythonProject1\programForTecher\client
2026-08-29 at 22:26:27 | INFO | {'\\Cookie\\local_cookie.json': {'Body': {'time_check_updates': '17:22 22.08.26', 'value_Check': False}}, '\\question.json': {'Body': [{'Qst': {'question_name': 'Кто такой Патрин?', 'answer': ['Бугалтер', 'Директор'], 'right_answer': ['Преподаватель'], 'id': 1}}]}, '\\static\\GetClientData\\UploadInServerClientCookie\\ClientCookieData\\question.json': {'client_flag': True, 'Body': [{'Qst': {'question_name': 'Кто такой Патрин?', 'answer': ['Бухгалтер ', 'Директор'], 'right_answer': ['Преподаватель'], 'id': 1}}]}, '\\Settings\\SettingsPage\\settings_page.json': {'Body': [{'name': 'version', 'value': 2.1}, {'name': 'url for update', 'value': 'https://github.com/RustFarmer/Test/blob/main/update_url_file.json'}]}, '\\Settings\\UpdateProgram\\UpdateData\\update_url_file.json': {'Body': {'rarFile': 'https://github.com/RustFarmer/Rust-helper/raw/refs/heads/main/v5.1.rar'}}, '\\static\\GetClientData\\UploadInServerClientCookie\\ClientCookieData\\settings.json': {'client_flag': True, 'Body': []}, '\\PassCutOff\\settings.json': {'Body': []}, '\\ImageResultScreen\\imageSettings.json': {'Body': []}, '\\ListBlancQuestion\\listBlancQuestion.json': {'Body': []}}
2026-08-29 at 22:26:27 | INFO | <class 'pathlib.WindowsPath'>
2026-08-29 at 22:26:27 | INFO | T:\Н папка\програмирование\python\project\pythonProject1\programForTecher\admin
2026-08-29 at 22:26:27 | INFO | {'\\Cookie\\local_cookie.json': {'Body': {'time_check_updates': '17:22 22.08.26', 'value_Check': False}}, '\\question.json': {'Body': [{'Qst': {'question_name': 'Кто такой Патрин?', 'answer': ['Бугалтер', 'Директор'], 'right_answer': ['Преподаватель'], 'id': 1}}]}, '\\static\\GetClientData\\UploadInServerClientCookie\\ClientCookieData\\question.json': {'client_flag': True, 'Body': [{'Qst': {'question_name': 'Кто такой Патрин?', 'answer': ['Бухгалтер ', 'Директор'], 'right_answer': ['Преподаватель'], 'id': 1}}]}, '\\Settings\\SettingsPage\\settings_page.json': {'Body': [{'name': 'version', 'value': 2.1}, {'name': 'url for update', 'value': 'https://github.com/RustFarmer/Test/blob/main/update_url_file.json'}]}, '\\Settings\\UpdateProgram\\UpdateData\\update_url_file.json': {'Body': {'rarFile': 'https://github.com/RustFarmer/Rust-helper/raw/refs/heads/main/v5.1.rar'}}, '\\static\\GetClientData\\UploadInServerClientCookie\\ClientCookieData\\settings.json': {'client_flag': True, 'Body': []}, '\\PassCutOff\\settings.json': {'Body': []}, '\\ImageResultScreen\\imageSettings.json': {'Body': []}, '\\ListBlancQuestion\\listBlancQuestion.json': {'Body': []}}
2026-08-29 at 22:26:27 | INFO | {'\\Cookie\\local_cookie.json': {'Body': {'time_check_updates': '17:22 22.08.26', 'value_Check': False}}, '\\question.json': {'Body': [{'Qst': {'question_name': 'Кто такой Патрин?', 'answer': ['Бугалтер', 'Директор'], 'right_answer': ['Преподаватель'], 'id': 1}}]}, '\\static\\GetClientData\\UploadInServerClientCookie\\ClientCookieData\\question.json': {'client_flag': True, 'Body': [{'Qst': {'question_name': 'Кто такой Патрин?', 'answer': ['Бухгалтер ', 'Директор'], 'right_answer': ['Преподаватель'], 'id': 1}}]}, '\\Settings\\SettingsPage\\settings_page.json': {'Body': [{'name': 'version', 'value': 2.1}, {'name': 'url for update', 'value': 'https://github.com/RustFarmer/Test/blob/main/update_url_file.json'}]}, '\\Settings\\UpdateProgram\\UpdateData\\update_url_file.json': {'Body': {'rarFile': 'https://github.com/RustFarmer/Rust-helper/raw/refs/heads/main/v5.1.rar'}}, '\\static\\GetClientData\\UploadInServerClientCookie\\ClientCookieData\\settings.json': {'client_flag': True, 'Body': []}, '\\PassCutOff\\settings.json': {'Body': []}, '\\ImageResultScreen\\imageSettings.json': {'Body': []}, '\\ListBlancQuestion\\listBlancQuestion.json': {'Body': []}}
2026-08-29 at 22:26:27 | INFO | T:\Н папка\програмирование\python\project\pythonProject1\programForTecher\admin\Cookie\local_cookie.json
2026-08-29 at 22:26:27 | INFO | \Cookie\local_cookie.json
2026-08-29 at 22:26:27 | INFO | {'Body': {'time_check_updates': '17:22 22.08.26', 'value_Check': False}}
2026-08-29 at 22:26:27 | INFO | T:\Н папка\програмирование\python\project\pythonProject1\programForTecher\admin\question.json
2026-08-29 at 22:26:27 | INFO | \question.json
2026-08-29 at 22:26:27 | INFO | {'Body': [{'Qst': {'question_name': 'Кто такой Патрин?', 'answer': ['Бугалтер', 'Директор'], 'right_answer': ['Преподаватель'], 'id': 1}}]}
2026-08-29 at 22:26:27 | INFO | T:\Н папка\програмирование\python\project\pythonProject1\programForTecher\admin\static\GetClientData\UploadInServerClientCookie\ClientCookieData\question.json
2026-08-29 at 22:26:27 | INFO | T:\Н папка\програмирование\python\project\pythonProject1\programForTecher\client\static\GetClientData\UploadInServerClientCookie\ClientCookieData\question.json
2026-08-29 at 22:26:27 | INFO | \static\GetClientData\UploadInServerClientCookie\ClientCookieData\question.json
2026-08-29 at 22:26:27 | INFO | {'client_flag': True, 'Body': [{'Qst': {'question_name': 'Кто такой Патрин?', 'answer': ['Бухгалтер ', 'Директор'], 'right_answer': ['Преподаватель'], 'id': 1}}]}
2026-08-29 at 22:26:27 | INFO | T:\Н папка\програмирование\python\project\pythonProject1\programForTecher\admin\Settings\SettingsPage\settings_page.json
2026-08-29 at 22:26:27 | INFO | \Settings\SettingsPage\settings_page.json
2026-08-29 at 22:26:27 | INFO | {'Body': [{'name': 'version', 'value': 2.1}, {'name': 'url for update', 'value': 'https://github.com/RustFarmer/Test/blob/main/update_url_file.json'}]}
2026-08-29 at 22:26:27 | INFO | T:\Н папка\програмирование\python\project\pythonProject1\programForTecher\admin\Settings\UpdateProgram\UpdateData\update_url_file.json
2026-08-29 at 22:26:27 | INFO | \Settings\UpdateProgram\UpdateData\update_url_file.json
2026-08-29 at 22:26:27 | INFO | {'Body': {'rarFile': 'https://github.com/RustFarmer/Rust-helper/raw/refs/heads/main/v5.1.rar'}}
2026-08-29 at 22:26:27 | INFO | T:\Н папка\програмирование\python\project\pythonProject1\programForTecher\admin\static\GetClientData\UploadInServerClientCookie\ClientCookieData\settings.json
2026-08-29 at 22:26:27 | INFO | T:\Н папка\програмирование\python\project\pythonProject1\programForTecher\client\static\GetClientData\UploadInServerClientCookie\ClientCookieData\settings.json
2026-08-29 at 22:26:27 | INFO | \static\GetClientData\UploadInServerClientCookie\ClientCookieData\settings.json
2026-08-29 at 22:26:27 | INFO | {'client_flag': True, 'Body': []}
2026-08-29 at 22:26:27 | INFO | T:\Н папка\програмирование\python\project\pythonProject1\programForTecher\admin\PassCutOff\settings.json
2026-08-29 at 22:26:27 | INFO | \PassCutOff\settings.json
2026-08-29 at 22:26:27 | INFO | {'Body': []}
2026-08-29 at 22:26:27 | INFO | T:\Н папка\програмирование\python\project\pythonProject1\programForTecher\admin\ImageResultScreen\imageSettings.json
2026-08-29 at 22:26:27 | INFO | \ImageResultScreen\imageSettings.json
2026-08-29 at 22:26:27 | INFO | {'Body': []}
2026-08-29 at 22:26:27 | INFO | T:\Н папка\програмирование\python\project\pythonProject1\programForTecher\admin\ListBlancQuestion\listBlancQuestion.json
2026-08-29 at 22:26:27 | INFO | \ListBlancQuestion\listBlancQuestion.json
2026-08-29 at 22:26:27 | INFO | {'Body': []}
2026-08-29 at 22:35:17 | INFO | T:\Н папка\програмирование\python\project\pythonProject1\programForTecher\admin\Log\appFileLog.log
2026-08-29 at 22:35:17 | INFO | T:\Н папка\програмирование\python\project\pythonProject1\programForTecher\admin
2026-08-29 at 22:35:17 | INFO | T:\Н папка\програмирование\python\project\pythonProject1\programForTecher\client
2026-08-29 at 22:35:17 | INFO | {'\\Cookie\\local_cookie.json': {'Body': {'time_check_updates': '17:22 22.08.26', 'value_Check': False}}, '\\question.json': {'Body': [{'Qst': {'question_name': 'Кто такой Патрин?', 'answer': ['Бугалтер', 'Директор'], 'right_answer': ['Преподаватель'], 'id': 1}}]}, '\\static\\GetClientData\\UploadInServerClientCookie\\ClientCookieData\\question.json': {'client_flag': True, 'Body': [{'Qst': {'question_name': 'Кто такой Патрин?', 'answer': ['Бухгалтер ', 'Директор'], 'right_answer': ['Преподаватель'], 'id': 1}}]}, '\\Settings\\SettingsPage\\settings_page.json': {'Body': [{'name': 'version', 'value': 2.1}, {'name': 'url for update', 'value': 'https://github.com/RustFarmer/Test/blob/main/update_url_file.json'}]}, '\\Settings\\UpdateProgram\\UpdateData\\update_url_file.json': {'Body': {'rarFile': 'https://github.com/RustFarmer/Rust-helper/raw/refs/heads/main/v5.1.rar'}}, '\\static\\GetClientData\\UploadInServerClientCookie\\ClientCookieData\\settings.json': {'client_flag': True, 'Body': []}, '\\PassCutOff\\settings.json': {'Body': []}, '\\ImageResultScreen\\imageSettings.json': {'Body': []}, '\\ListBlancQuestion\\listBlancQuestion.json': {'Body': []}}
2026-08-29 at 22:35:17 | INFO | <class 'pathlib.WindowsPath'>
2026-08-29 at 22:35:17 | INFO | T:\Н папка\програмирование\python\project\pythonProject1\programForTecher\admin
2026-08-29 at 22:35:17 | INFO | {'\\Cookie\\local_cookie.json': {'Body': {'time_check_updates': '17:22 22.08.26', 'value_Check': False}}, '\\question.json': {'Body': [{'Qst': {'question_name': 'Кто такой Патрин?', 'answer': ['Бугалтер', 'Директор'], 'right_answer': ['Преподаватель'], 'id': 1}}]}, '\\static\\GetClientData\\UploadInServerClientCookie\\ClientCookieData\\question.json': {'client_flag': True, 'Body': [{'Qst': {'question_name': 'Кто такой Патрин?', 'answer': ['Бухгалтер ', 'Директор'], 'right_answer': ['Преподаватель'], 'id': 1}}]}, '\\Settings\\SettingsPage\\settings_page.json': {'Body': [{'name': 'version', 'value': 2.1}, {'name': 'url for update', 'value': 'https://github.com/RustFarmer/Test/blob/main/update_url_file.json'}]}, '\\Settings\\UpdateProgram\\UpdateData\\update_url_file.json': {'Body': {'rarFile': 'https://github.com/RustFarmer/Rust-helper/raw/refs/heads/main/v5.1.rar'}}, '\\static\\GetClientData\\UploadInServerClientCookie\\ClientCookieData\\settings.json': {'client_flag': True, 'Body': []}, '\\PassCutOff\\settings.json': {'Body': []}, '\\ImageResultScreen\\imageSettings.json': {'Body': []}, '\\ListBlancQuestion\\listBlancQuestion.json': {'Body': []}}
2026-08-29 at 22:35:17 | INFO | {'\\Cookie\\local_cookie.json': {'Body': {'time_check_updates': '17:22 22.08.26', 'value_Check': False}}, '\\question.json': {'Body': [{'Qst': {'question_name': 'Кто такой Патрин?', 'answer': ['Бугалтер', 'Директор'], 'right_answer': ['Преподаватель'], 'id': 1}}]}, '\\static\\GetClientData\\UploadInServerClientCookie\\ClientCookieData\\question.json': {'client_flag': True, 'Body': [{'Qst': {'question_name': 'Кто такой Патрин?', 'answer': ['Бухгалтер ', 'Директор'], 'right_answer': ['Преподаватель'], 'id': 1}}]}, '\\Settings\\SettingsPage\\settings_page.json': {'Body': [{'name': 'version', 'value': 2.1}, {'name': 'url for update', 'value': 'https://github.com/RustFarmer/Test/blob/main/update_url_file.json'}]}, '\\Settings\\UpdateProgram\\UpdateData\\update_url_file.json': {'Body': {'rarFile': 'https://github.com/RustFarmer/Rust-helper/raw/refs/heads/main/v5.1.rar'}}, '\\static\\GetClientData\\UploadInServerClientCookie\\ClientCookieData\\settings.json': {'client_flag': True, 'Body': []}, '\\PassCutOff\\settings.json': {'Body': []}, '\\ImageResultScreen\\imageSettings.json': {'Body': []}, '\\ListBlancQuestion\\listBlancQuestion.json': {'Body': []}}
2026-08-29 at 22:35:17 | INFO | T:\Н папка\програмирование\python\project\pythonProject1\programForTecher\admin\Cookie\local_cookie.json
2026-08-29 at 22:35:17 | INFO | \Cookie\local_cookie.json
2026-08-29 at 22:35:17 | INFO | {'Body': {'time_check_updates': '17:22 22.08.26', 'value_Check': False}}
2026-08-29 at 22:35:17 | INFO | T:\Н папка\програмирование\python\project\pythonProject1\programForTecher\admin\question.json
2026-08-29 at 22:35:17 | INFO | \question.json
2026-08-29 at 22:35:17 | INFO | {'Body': [{'Qst': {'question_name': 'Кто такой Патрин?', 'answer': ['Бугалтер', 'Директор'], 'right_answer': ['Преподаватель'], 'id': 1}}]}
2026-08-29 at 22:35:17 | INFO | T:\Н папка\програмирование\python\project\pythonProject1\programForTecher\admin\static\GetClientData\UploadInServerClientCookie\ClientCookieData\question.json
2026-08-29 at 22:35:17 | INFO | T:\Н папка\програмирование\python\project\pythonProject1\programForTecher\client\static\GetClientData\UploadInServerClientCookie\ClientCookieData\question.json
2026-08-29 at 22:35:17 | INFO | \static\GetClientData\UploadInServerClientCookie\ClientCookieData\question.json
2026-08-29 at 22:35:17 | INFO | {'client_flag': True, 'Body': [{'Qst': {'question_name': 'Кто такой Патрин?', 'answer': ['Бухгалтер ', 'Директор'], 'right_answer': ['Преподаватель'], 'id': 1}}]}
2026-08-29 at 22:35:17 | INFO | T:\Н папка\програмирование\python\project\pythonProject1\programForTecher\admin\Settings\SettingsPage\settings_page.json
2026-08-29 at 22:35:17 | INFO | \Settings\SettingsPage\settings_page.json
2026-08-29 at 22:35:17 | INFO | {'Body': [{'name': 'version', 'value': 2.1}, {'name': 'url for update', 'value': 'https://github.com/RustFarmer/Test/blob/main/update_url_file.json'}]}
2026-08-29 at 22:35:17 | INFO | T:\Н папка\програмирование\python\project\pythonProject1\programForTecher\admin\Settings\UpdateProgram\UpdateData\update_url_file.json
2026-08-29 at 22:35:17 | INFO | \Settings\UpdateProgram\UpdateData\update_url_file.json
2026-08-29 at 22:35:17 | INFO | {'Body': {'rarFile': 'https://github.com/RustFarmer/Rust-helper/raw/refs/heads/main/v5.1.rar'}}
2026-08-29 at 22:35:17 | INFO | T:\Н папка\програмирование\python\project\pythonProject1\programForTecher\admin\static\GetClientData\UploadInServerClientCookie\ClientCookieData\settings.json
2026-08-29 at 22:35:17 | INFO | T:\Н папка\програмирование\python\project\pythonProject1\programForTecher\client\static\GetClientData\UploadInServerClientCookie\ClientCookieData\settings.json
2026-08-29 at 22:35:17 | INFO | \static\GetClientData\UploadInServerClientCookie\ClientCookieData\settings.json
2026-08-29 at 22:35:17 | INFO | {'client_flag': True, 'Body': []}
2026-08-29 at 22:35:17 | INFO | T:\Н папка\програмирование\python\project\pythonProject1\programForTecher\admin\PassCutOff\settings.json
2026-08-29 at 22:35:17 | INFO | \PassCutOff\settings.json
2026-08-29 at 22:35:17 | INFO | {'Body': []}
2026-08-29 at 22:35:17 | INFO | T:\Н папка\програмирование\python\project\pythonProject1\programForTecher\admin\ImageResultScreen\imageSettings.json
2026-08-29 at 22:35:17 | INFO | \ImageResultScreen\imageSettings.json
2026-08-29 at 22:35:17 | INFO | {'Body': []}
2026-08-29 at 22:35:17 | INFO | T:\Н папка\програмирование\python\project\pythonProject1\programForTecher\admin\ListBlancQuestion\listBlancQuestion.json
2026-08-29 at 22:35:17 | INFO | \ListBlancQuestion\listBlancQuestion.json
2026-08-29 at 22:35:17 | INFO | {'Body': []}
2026-08-29 at 22:35:18 | INFO | T:\Н папка\програмирование\python\project\pythonProject1\programForTecher\admin\Log\appFileLog.log
2026-08-29 at 22:35:18 | INFO | T:\Н папка\програмирование\python\project\pythonProject1\programForTecher\admin
2026-08-29 at 22:35:18 | INFO | T:\Н папка\програмирование\python\project\pythonProject1\programForTecher\client
2026-08-29 at 22:35:18 | INFO | {'\\Cookie\\local_cookie.json': {'Body': {'time_check_updates': '17:22 22.08.26', 'value_Check': False}}, '\\question.json': {'Body': [{'Qst': {'question_name': 'Кто такой Патрин?', 'answer': ['Бугалтер', 'Директор'], 'right_answer': ['Преподаватель'], 'id': 1}}]}, '\\static\\GetClientData\\UploadInServerClientCookie\\ClientCookieData\\question.json': {'client_flag': True, 'Body': [{'Qst': {'question_name': 'Кто такой Патрин?', 'answer': ['Бухгалтер ', 'Директор'], 'right_answer': ['Преподаватель'], 'id': 1}}]}, '\\Settings\\SettingsPage\\settings_page.json': {'Body': [{'name': 'version', 'value': 2.1}, {'name': 'url for update', 'value': 'https://github.com/RustFarmer/Test/blob/main/update_url_file.json'}]}, '\\Settings\\UpdateProgram\\UpdateData\\update_url_file.json': {'Body': {'rarFile': 'https://github.com/RustFarmer/Rust-helper/raw/refs/heads/main/v5.1.rar'}}, '\\static\\GetClientData\\UploadInServerClientCookie\\ClientCookieData\\settings.json': {'client_flag': True, 'Body': []}, '\\PassCutOff\\settings.json': {'Body': []}, '\\ImageResultScreen\\imageSettings.json': {'Body': []}, '\\ListBlancQuestion\\listBlancQuestion.json': {'Body': []}}
2026-08-29 at 22:35:18 | INFO | <class 'pathlib.WindowsPath'>
2026-08-29 at 22:35:18 | INFO | T:\Н папка\програмирование\python\project\pythonProject1\programForTecher\admin
2026-08-29 at 22:35:18 | INFO | {'\\Cookie\\local_cookie.json': {'Body': {'time_check_updates': '17:22 22.08.26', 'value_Check': False}}, '\\question.json': {'Body': [{'Qst': {'question_name': 'Кто такой Патрин?', 'answer': ['Бугалтер', 'Директор'], 'right_answer': ['Преподаватель'], 'id': 1}}]}, '\\static\\GetClientData\\UploadInServerClientCookie\\ClientCookieData\\question.json': {'client_flag': True, 'Body': [{'Qst': {'question_name': 'Кто такой Патрин?', 'answer': ['Бухгалтер ', 'Директор'], 'right_answer': ['Преподаватель'], 'id': 1}}]}, '\\Settings\\SettingsPage\\settings_page.json': {'Body': [{'name': 'version', 'value': 2.1}, {'name': 'url for update', 'value': 'https://github.com/RustFarmer/Test/blob/main/update_url_file.json'}]}, '\\Settings\\UpdateProgram\\UpdateData\\update_url_file.json': {'Body': {'rarFile': 'https://github.com/RustFarmer/Rust-helper/raw/refs/heads/main/v5.1.rar'}}, '\\static\\GetClientData\\UploadInServerClientCookie\\ClientCookieData\\settings.json': {'client_flag': True, 'Body': []}, '\\PassCutOff\\settings.json': {'Body': []}, '\\ImageResultScreen\\imageSettings.json': {'Body': []}, '\\ListBlancQuestion\\listBlancQuestion.json': {'Body': []}}
2026-08-29 at 22:35:18 | INFO | {'\\Cookie\\local_cookie.json': {'Body': {'time_check_updates': '17:22 22.08.26', 'value_Check': False}}, '\\question.json': {'Body': [{'Qst': {'question_name': 'Кто такой Патрин?', 'answer': ['Бугалтер', 'Директор'], 'right_answer': ['Преподаватель'], 'id': 1}}]}, '\\static\\GetClientData\\UploadInServerClientCookie\\ClientCookieData\\question.json': {'client_flag': True, 'Body': [{'Qst': {'question_name': 'Кто такой Патрин?', 'answer': ['Бухгалтер ', 'Директор'], 'right_answer': ['Преподаватель'], 'id': 1}}]}, '\\Settings\\SettingsPage\\settings_page.json': {'Body': [{'name': 'version', 'value': 2.1}, {'name': 'url for update', 'value': 'https://github.com/RustFarmer/Test/blob/main/update_url_file.json'}]}, '\\Settings\\UpdateProgram\\UpdateData\\update_url_file.json': {'Body': {'rarFile': 'https://github.com/RustFarmer/Rust-helper/raw/refs/heads/main/v5.1.rar'}}, '\\static\\GetClientData\\UploadInServerClientCookie\\ClientCookieData\\settings.json': {'client_flag': True, 'Body': []}, '\\PassCutOff\\settings.json': {'Body': []}, '\\ImageResultScreen\\imageSettings.json': {'Body': []}, '\\ListBlancQuestion\\listBlancQuestion.json': {'Body': []}}
2026-08-29 at 22:35:18 | INFO | T:\Н папка\програмирование\python\project\pythonProject1\programForTecher\admin\Cookie\local_cookie.json
2026-08-29 at 22:35:18 | INFO | \Cookie\local_cookie.json
2026-08-29 at 22:35:18 | INFO | {'Body': {'time_check_updates': '17:22 22.08.26', 'value_Check': False}}
2026-08-29 at 22:35:18 | INFO | T:\Н папка\програмирование\python\project\pythonProject1\programForTecher\admin\question.json
2026-08-29 at 22:35:18 | INFO | \question.json
2026-08-29 at 22:35:18 | INFO | {'Body': [{'Qst': {'question_name': 'Кто такой Патрин?', 'answer': ['Бугалтер', 'Директор'], 'right_answer': ['Преподаватель'], 'id': 1}}]}
2026-08-29 at 22:35:18 | INFO | T:\Н папка\програмирование\python\project\pythonProject1\programForTecher\admin\static\GetClientData\UploadInServerClientCookie\ClientCookieData\question.json
2026-08-29 at 22:35:18 | INFO | T:\Н папка\програмирование\python\project\pythonProject1\programForTecher\client\static\GetClientData\UploadInServerClientCookie\ClientCookieData\question.json
2026-08-29 at 22:35:18 | INFO | \static\GetClientData\UploadInServerClientCookie\ClientCookieData\question.json
2026-08-29 at 22:35:18 | INFO | {'client_flag': True, 'Body': [{'Qst': {'question_name': 'Кто такой Патрин?', 'answer': ['Бухгалтер ', 'Директор'], 'right_answer': ['Преподаватель'], 'id': 1}}]}
2026-08-29 at 22:35:18 | INFO | T:\Н папка\програмирование\python\project\pythonProject1\programForTecher\admin\Settings\SettingsPage\settings_page.json
2026-08-29 at 22:35:18 | INFO | \Settings\SettingsPage\settings_page.json
2026-08-29 at 22:35:18 | INFO | {'Body': [{'name': 'version', 'value': 2.1}, {'name': 'url for update', 'value': 'https://github.com/RustFarmer/Test/blob/main/update_url_file.json'}]}
2026-08-29 at 22:35:18 | INFO | T:\Н папка\програмирование\python\project\pythonProject1\programForTecher\admin\Settings\UpdateProgram\UpdateData\update_url_file.json
2026-08-29 at 22:35:18 | INFO | \Settings\UpdateProgram\UpdateData\update_url_file.json
2026-08-29 at 22:35:18 | INFO | {'Body': {'rarFile': 'https://github.com/RustFarmer/Rust-helper/raw/refs/heads/main/v5.1.rar'}}
2026-08-29 at 22:35:18 | INFO | T:\Н папка\програмирование\python\project\pythonProject1\programForTecher\admin\static\GetClientData\UploadInServerClientCookie\ClientCookieData\settings.json
2026-08-29 at 22:35:18 | INFO | T:\Н папка\програмирование\python\project\pythonProject1\programForTecher\client\static\GetClientData\UploadInServerClientCookie\ClientCookieData\settings.json
2026-08-29 at 22:35:18 | INFO | \static\GetClientData\UploadInServerClientCookie\ClientCookieData\settings.json
2026-08-29 at 22:35:18 | INFO | {'client_flag': True, 'Body': []}
2026-08-29 at 22:35:18 | INFO | T:\Н папка\програмирование\python\project\pythonProject1\programForTecher\admin\PassCutOff\settings.json
2026-08-29 at 22:35:18 | INFO | \PassCutOff\settings.json
2026-08-29 at 22:35:18 | INFO | {'Body': []}
2026-08-29 at 22:35:18 | INFO | T:\Н папка\програмирование\python\project\pythonProject1\programForTecher\admin\ImageResultScreen\imageSettings.json
2026-08-29 at 22:35:18 | INFO | \ImageResultScreen\imageSettings.json
2026-08-29 at 22:35:18 | INFO | {'Body': []}
2026-08-29 at 22:35:18 | INFO | T:\Н папка\програмирование\python\project\pythonProject1\programForTecher\admin\ListBlancQuestion\listBlancQuestion.json
2026-08-29 at 22:35:18 | INFO | \ListBlancQuestion\listBlancQuestion.json
2026-08-29 at 22:35:18 | INFO | {'Body': []}
2026-08-29 at 22:36:09 | INFO | Time to re-check for updates.
2026-08-29 at 22:36:10 | INFO | <Response [200]>
2026-08-29 at 22:36:11 | INFO | https://raw.githubusercontent.com/RustFarmer/Test/main/settingsProgram.json
2026-08-29 at 22:36:11 | INFO | T:\Н папка\програмирование\python\project\pythonProject1\programForTecher\admin\Settings\UpdateProgram\UpdateData\settingsProgram.json
2026-08-29 at 22:36:11 | INFO | 2.2
2026-08-29 at 22:36:11 | INFO | <Response [200]>
2026-08-29 at 22:36:11 | INFO | 2.1
2026-08-29 at 22:36:11 | INFO | 2.2
2026-08-29 at 22:36:11 | INFO | True
2026-08-29 at 22:36:11 | INFO | Session saved: {'time_check_updates': '22:36 29.08.26', 'value_Check': True}
2026-08-29 at 22:36:12 | INFO | https://raw.githubusercontent.com/RustFarmer/Test/main/update_url_file.json
2026-08-29 at 22:36:12 | INFO | {'rarFile': 'https://disk.yandex.ru/d/lQZ7yrzul_fpjg'}
2026-08-29 at 22:36:12 | INFO | {'rarFile': 'https://disk.yandex.ru/d/lQZ7yrzul_fpjg'}
2026-08-29 at 22:36:12 | INFO | True
2026-08-29 at 22:36:12 | INFO | https://disk.yandex.ru/d/lQZ7yrzul_fpjg
2026-08-29 at 22:36:12 | INFO | [{'Qst': {'question_name': 'Кто такой Патрин?', 'answer': ['Бугалтер', 'Директор'], 'right_answer': ['Преподаватель'], 'id': 1}}]
2026-08-29 at 22:36:25 | INFO | TestePass
2026-08-29 at 22:36:25 | INFO | [Errno 2] No such file or directory: 'T:\\Н папка\\програмирование\\python\\project\\pythonProject1\\programForTecher\\admin\\Password\\password.txt'
2026-08-29 at 22:38:43 | INFO | T:\Н папка\програмирование\python\project\pythonProject1\programForTecher\admin\Log\appFileLog.log
2026-08-29 at 22:38:43 | INFO | T:\Н папка\програмирование\python\project\pythonProject1\programForTecher\admin
2026-08-29 at 22:38:43 | INFO | T:\Н папка\програмирование\python\project\pythonProject1\programForTecher\client
2026-08-29 at 22:38:43 | INFO | {'\\Cookie\\local_cookie.json': {'Body': {'time_check_updates': '17:22 22.08.26', 'value_Check': False}}, '\\question.json': {'Body': [{'Qst': {'question_name': 'Кто такой Патрин?', 'answer': ['Бугалтер', 'Директор'], 'right_answer': ['Преподаватель'], 'id': 1}}]}, '\\static\\GetClientData\\UploadInServerClientCookie\\ClientCookieData\\question.json': {'client_flag': True, 'Body': [{'Qst': {'question_name': 'Кто такой Патрин?', 'answer': ['Бухгалтер ', 'Директор'], 'right_answer': ['Преподаватель'], 'id': 1}}]}, '\\Settings\\SettingsPage\\settings_page.json': {'Body': [{'name': 'version', 'value': 2.1}, {'name': 'url for update', 'value': 'https://github.com/RustFarmer/Test/blob/main/update_url_file.json'}]}, '\\Settings\\UpdateProgram\\UpdateData\\update_url_file.json': {'Body': {'rarFile': 'https://github.com/RustFarmer/Rust-helper/raw/refs/heads/main/v5.1.rar'}}, '\\static\\GetClientData\\UploadInServerClientCookie\\ClientCookieData\\settings.json': {'client_flag': True, 'Body': []}, '\\PassCutOff\\settings.json': {'Body': []}, '\\ImageResultScreen\\imageSettings.json': {'Body': []}, '\\ListBlancQuestion\\listBlancQuestion.json': {'Body': []}}
2026-08-29 at 22:38:43 | INFO | <class 'pathlib.WindowsPath'>
2026-08-29 at 22:38:43 | INFO | T:\Н папка\програмирование\python\project\pythonProject1\programForTecher\admin
2026-08-29 at 22:38:43 | INFO | {'\\Cookie\\local_cookie.json': {'Body': {'time_check_updates': '17:22 22.08.26', 'value_Check': False}}, '\\question.json': {'Body': [{'Qst': {'question_name': 'Кто такой Патрин?', 'answer': ['Бугалтер', 'Директор'], 'right_answer': ['Преподаватель'], 'id': 1}}]}, '\\static\\GetClientData\\UploadInServerClientCookie\\ClientCookieData\\question.json': {'client_flag': True, 'Body': [{'Qst': {'question_name': 'Кто такой Патрин?', 'answer': ['Бухгалтер ', 'Директор'], 'right_answer': ['Преподаватель'], 'id': 1}}]}, '\\Settings\\SettingsPage\\settings_page.json': {'Body': [{'name': 'version', 'value': 2.1}, {'name': 'url for update', 'value': 'https://github.com/RustFarmer/Test/blob/main/update_url_file.json'}]}, '\\Settings\\UpdateProgram\\UpdateData\\update_url_file.json': {'Body': {'rarFile': 'https://github.com/RustFarmer/Rust-helper/raw/refs/heads/main/v5.1.rar'}}, '\\static\\GetClientData\\UploadInServerClientCookie\\ClientCookieData\\settings.json': {'client_flag': True, 'Body': []}, '\\PassCutOff\\settings.json': {'Body': []}, '\\ImageResultScreen\\imageSettings.json': {'Body': []}, '\\ListBlancQuestion\\listBlancQuestion.json': {'Body': []}}
2026-08-29 at 22:38:43 | INFO | {'\\Cookie\\local_cookie.json': {'Body': {'time_check_updates': '17:22 22.08.26', 'value_Check': False}}, '\\question.json': {'Body': [{'Qst': {'question_name': 'Кто такой Патрин?', 'answer': ['Бугалтер', 'Директор'], 'right_answer': ['Преподаватель'], 'id': 1}}]}, '\\static\\GetClientData\\UploadInServerClientCookie\\ClientCookieData\\question.json': {'client_flag': True, 'Body': [{'Qst': {'question_name': 'Кто такой Патрин?', 'answer': ['Бухгалтер ', 'Директор'], 'right_answer': ['Преподаватель'], 'id': 1}}]}, '\\Settings\\SettingsPage\\settings_page.json': {'Body': [{'name': 'version', 'value': 2.1}, {'name': 'url for update', 'value': 'https://github.com/RustFarmer/Test/blob/main/update_url_file.json'}]}, '\\Settings\\UpdateProgram\\UpdateData\\update_url_file.json': {'Body': {'rarFile': 'https://github.com/RustFarmer/Rust-helper/raw/refs/heads/main/v5.1.rar'}}, '\\static\\GetClientData\\UploadInServerClientCookie\\ClientCookieData\\settings.json': {'client_flag': True, 'Body': []}, '\\PassCutOff\\settings.json': {'Body': []}, '\\ImageResultScreen\\imageSettings.json': {'Body': []}, '\\ListBlancQuestion\\listBlancQuestion.json': {'Body': []}}
2026-08-29 at 22:38:43 | INFO | T:\Н папка\програмирование\python\project\pythonProject1\programForTecher\admin\Cookie\local_cookie.json
2026-08-29 at 22:38:43 | INFO | \Cookie\local_cookie.json
2026-08-29 at 22:38:43 | INFO | {'Body': {'time_check_updates': '17:22 22.08.26', 'value_Check': False}}
2026-08-29 at 22:38:43 | INFO | T:\Н папка\програмирование\python\project\pythonProject1\programForTecher\admin\question.json
2026-08-29 at 22:38:43 | INFO | \question.json
2026-08-29 at 22:38:43 | INFO | {'Body': [{'Qst': {'question_name': 'Кто такой Патрин?', 'answer': ['Бугалтер', 'Директор'], 'right_answer': ['Преподаватель'], 'id': 1}}]}
2026-08-29 at 22:38:43 | INFO | T:\Н папка\програмирование\python\project\pythonProject1\programForTecher\admin\static\GetClientData\UploadInServerClientCookie\ClientCookieData\question.json
2026-08-29 at 22:38:43 | INFO | T:\Н папка\програмирование\python\project\pythonProject1\programForTecher\client\static\GetClientData\UploadInServerClientCookie\ClientCookieData\question.json
2026-08-29 at 22:38:43 | INFO | \static\GetClientData\UploadInServerClientCookie\ClientCookieData\question.json
2026-08-29 at 22:38:43 | INFO | {'client_flag': True, 'Body': [{'Qst': {'question_name': 'Кто такой Патрин?', 'answer': ['Бухгалтер ', 'Директор'], 'right_answer': ['Преподаватель'], 'id': 1}}]}
2026-08-29 at 22:38:43 | INFO | T:\Н папка\програмирование\python\project\pythonProject1\programForTecher\admin\Settings\SettingsPage\settings_page.json
2026-08-29 at 22:38:43 | INFO | \Settings\SettingsPage\settings_page.json
2026-08-29 at 22:38:43 | INFO | {'Body': [{'name': 'version', 'value': 2.1}, {'name': 'url for update', 'value': 'https://github.com/RustFarmer/Test/blob/main/update_url_file.json'}]}
2026-08-29 at 22:38:43 | INFO | T:\Н папка\програмирование\python\project\pythonProject1\programForTecher\admin\Settings\UpdateProgram\UpdateData\update_url_file.json
2026-08-29 at 22:38:43 | INFO | \Settings\UpdateProgram\UpdateData\update_url_file.json
2026-08-29 at 22:38:43 | INFO | {'Body': {'rarFile': 'https://github.com/RustFarmer/Rust-helper/raw/refs/heads/main/v5.1.rar'}}
2026-08-29 at 22:38:43 | INFO | T:\Н папка\програмирование\python\project\pythonProject1\programForTecher\admin\static\GetClientData\UploadInServerClientCookie\ClientCookieData\settings.json
2026-08-29 at 22:38:43 | INFO | T:\Н папка\програмирование\python\project\pythonProject1\programForTecher\client\static\GetClientData\UploadInServerClientCookie\ClientCookieData\settings.json
2026-08-29 at 22:38:43 | INFO | \static\GetClientData\UploadInServerClientCookie\ClientCookieData\settings.json
2026-08-29 at 22:38:43 | INFO | {'client_flag': True, 'Body': []}
2026-08-29 at 22:38:43 | INFO | T:\Н папка\програмирование\python\project\pythonProject1\programForTecher\admin\PassCutOff\settings.json
2026-08-29 at 22:38:43 | INFO | \PassCutOff\settings.json
2026-08-29 at 22:38:43 | INFO | {'Body': []}
2026-08-29 at 22:38:43 | INFO | T:\Н папка\програмирование\python\project\pythonProject1\programForTecher\admin\ImageResultScreen\imageSettings.json
2026-08-29 at 22:38:43 | INFO | \ImageResultScreen\imageSettings.json
2026-08-29 at 22:38:43 | INFO | {'Body': []}
2026-08-29 at 22:38:43 | INFO | T:\Н папка\програмирование\python\project\pythonProject1\programForTecher\admin\ListBlancQuestion\listBlancQuestion.json
2026-08-29 at 22:38:43 | INFO | \ListBlancQuestion\listBlancQuestion.json
2026-08-29 at 22:38:43 | INFO | {'Body': []}
2026-08-29 at 22:39:37 | INFO | T:\Н папка\програмирование\python\project\pythonProject1\programForTecher\admin\Log\appFileLog.log
2026-08-29 at 22:39:37 | INFO | T:\Н папка\програмирование\python\project\pythonProject1\programForTecher\admin
2026-08-29 at 22:39:37 | INFO | T:\Н папка\програмирование\python\project\pythonProject1\programForTecher\client
2026-08-29 at 22:39:37 | INFO | {'\\Cookie\\local_cookie.json': {'Body': {'time_check_updates': '17:22 22.08.26', 'value_Check': False}}, '\\question.json': {'Body': [{'Qst': {'question_name': 'Кто такой Патрин?', 'answer': ['Бугалтер', 'Директор'], 'right_answer': ['Преподаватель'], 'id': 1}}]}, '\\static\\GetClientData\\UploadInServerClientCookie\\ClientCookieData\\question.json': {'client_flag': True, 'Body': [{'Qst': {'question_name': 'Кто такой Патрин?', 'answer': ['Бухгалтер ', 'Директор'], 'right_answer': ['Преподаватель'], 'id': 1}}]}, '\\Settings\\SettingsPage\\settings_page.json': {'Body': [{'name': 'version', 'value': 2.1}, {'name': 'url for update', 'value': 'https://github.com/RustFarmer/Test/blob/main/update_url_file.json'}]}, '\\Settings\\UpdateProgram\\UpdateData\\update_url_file.json': {'Body': {'rarFile': 'https://github.com/RustFarmer/Rust-helper/raw/refs/heads/main/v5.1.rar'}}, '\\static\\GetClientData\\UploadInServerClientCookie\\ClientCookieData\\settings.json': {'client_flag': True, 'Body': []}, '\\PassCutOff\\settings.json': {'Body': []}, '\\ImageResultScreen\\imageSettings.json': {'Body': []}, '\\ListBlancQuestion\\listBlancQuestion.json': {'Body': []}}
2026-08-29 at 22:39:37 | INFO | <class 'pathlib.WindowsPath'>
2026-08-29 at 22:39:37 | INFO | T:\Н папка\програмирование\python\project\pythonProject1\programForTecher\admin
2026-08-29 at 22:39:37 | INFO | {'\\Cookie\\local_cookie.json': {'Body': {'time_check_updates': '17:22 22.08.26', 'value_Check': False}}, '\\question.json': {'Body': [{'Qst': {'question_name': 'Кто такой Патрин?', 'answer': ['Бугалтер', 'Директор'], 'right_answer': ['Преподаватель'], 'id': 1}}]}, '\\static\\GetClientData\\UploadInServerClientCookie\\ClientCookieData\\question.json': {'client_flag': True, 'Body': [{'Qst': {'question_name': 'Кто такой Патрин?', 'answer': ['Бухгалтер ', 'Директор'], 'right_answer': ['Преподаватель'], 'id': 1}}]}, '\\Settings\\SettingsPage\\settings_page.json': {'Body': [{'name': 'version', 'value': 2.1}, {'name': 'url for update', 'value': 'https://github.com/RustFarmer/Test/blob/main/update_url_file.json'}]}, '\\Settings\\UpdateProgram\\UpdateData\\update_url_file.json': {'Body': {'rarFile': 'https://github.com/RustFarmer/Rust-helper/raw/refs/heads/main/v5.1.rar'}}, '\\static\\GetClientData\\UploadInServerClientCookie\\ClientCookieData\\settings.json': {'client_flag': True, 'Body': []}, '\\PassCutOff\\settings.json': {'Body': []}, '\\ImageResultScreen\\imageSettings.json': {'Body': []}, '\\ListBlancQuestion\\listBlancQuestion.json': {'Body': []}}
2026-08-29 at 22:39:37 | INFO | {'\\Cookie\\local_cookie.json': {'Body': {'time_check_updates': '17:22 22.08.26', 'value_Check': False}}, '\\question.json': {'Body': [{'Qst': {'question_name': 'Кто такой Патрин?', 'answer': ['Бугалтер', 'Директор'], 'right_answer': ['Преподаватель'], 'id': 1}}]}, '\\static\\GetClientData\\UploadInServerClientCookie\\ClientCookieData\\question.json': {'client_flag': True, 'Body': [{'Qst': {'question_name': 'Кто такой Патрин?', 'answer': ['Бухгалтер ', 'Директор'], 'right_answer': ['Преподаватель'], 'id': 1}}]}, '\\Settings\\SettingsPage\\settings_page.json': {'Body': [{'name': 'version', 'value': 2.1}, {'name': 'url for update', 'value': 'https://github.com/RustFarmer/Test/blob/main/update_url_file.json'}]}, '\\Settings\\UpdateProgram\\UpdateData\\update_url_file.json': {'Body': {'rarFile': 'https://github.com/RustFarmer/Rust-helper/raw/refs/heads/main/v5.1.rar'}}, '\\static\\GetClientData\\UploadInServerClientCookie\\ClientCookieData\\settings.json': {'client_flag': True, 'Body': []}, '\\PassCutOff\\settings.json': {'Body': []}, '\\ImageResultScreen\\imageSettings.json': {'Body': []}, '\\ListBlancQuestion\\listBlancQuestion.json': {'Body': []}}
2026-08-29 at 22:39:37 | INFO | T:\Н папка\програмирование\python\project\pythonProject1\programForTecher\admin\Cookie\local_cookie.json
2026-08-29 at 22:39:37 | INFO | \Cookie\local_cookie.json
2026-08-29 at 22:39:37 | INFO | {'Body': {'time_check_updates': '17:22 22.08.26', 'value_Check': False}}
2026-08-29 at 22:39:37 | INFO | T:\Н папка\програмирование\python\project\pythonProject1\programForTecher\admin\question.json
2026-08-29 at 22:39:37 | INFO | \question.json
2026-08-29 at 22:39:37 | INFO | {'Body': [{'Qst': {'question_name': 'Кто такой Патрин?', 'answer': ['Бугалтер', 'Директор'], 'right_answer': ['Преподаватель'], 'id': 1}}]}
2026-08-29 at 22:39:37 | INFO | T:\Н папка\програмирование\python\project\pythonProject1\programForTecher\admin\static\GetClientData\UploadInServerClientCookie\ClientCookieData\question.json
2026-08-29 at 22:39:37 | INFO | T:\Н папка\програмирование\python\project\pythonProject1\programForTecher\client\static\GetClientData\UploadInServerClientCookie\ClientCookieData\question.json
2026-08-29 at 22:39:37 | INFO | \static\GetClientData\UploadInServerClientCookie\ClientCookieData\question.json
2026-08-29 at 22:39:37 | INFO | {'client_flag': True, 'Body': [{'Qst': {'question_name': 'Кто такой Патрин?', 'answer': ['Бухгалтер ', 'Директор'], 'right_answer': ['Преподаватель'], 'id': 1}}]}
2026-08-29 at 22:39:37 | INFO | T:\Н папка\програмирование\python\project\pythonProject1\programForTecher\admin\Settings\SettingsPage\settings_page.json
2026-08-29 at 22:39:37 | INFO | \Settings\SettingsPage\settings_page.json
2026-08-29 at 22:39:37 | INFO | {'Body': [{'name': 'version', 'value': 2.1}, {'name': 'url for update', 'value': 'https://github.com/RustFarmer/Test/blob/main/update_url_file.json'}]}
2026-08-29 at 22:39:37 | INFO | T:\Н папка\програмирование\python\project\pythonProject1\programForTecher\admin\Settings\UpdateProgram\UpdateData\update_url_file.json
2026-08-29 at 22:39:37 | INFO | \Settings\UpdateProgram\UpdateData\update_url_file.json
2026-08-29 at 22:39:37 | INFO | {'Body': {'rarFile': 'https://github.com/RustFarmer/Rust-helper/raw/refs/heads/main/v5.1.rar'}}
2026-08-29 at 22:39:37 | INFO | T:\Н папка\програмирование\python\project\pythonProject1\programForTecher\admin\static\GetClientData\UploadInServerClientCookie\ClientCookieData\settings.json
2026-08-29 at 22:39:37 | INFO | T:\Н папка\програмирование\python\project\pythonProject1\programForTecher\client\static\GetClientData\UploadInServerClientCookie\ClientCookieData\settings.json
2026-08-29 at 22:39:37 | INFO | \static\GetClientData\UploadInServerClientCookie\ClientCookieData\settings.json
2026-08-29 at 22:39:37 | INFO | {'client_flag': True, 'Body': []}
2026-08-29 at 22:39:37 | INFO | T:\Н папка\програмирование\python\project\pythonProject1\programForTecher\admin\PassCutOff\settings.json
2026-08-29 at 22:39:37 | INFO | \PassCutOff\settings.json
2026-08-29 at 22:39:37 | INFO | {'Body': []}
2026-08-29 at 22:39:37 | INFO | T:\Н папка\програмирование\python\project\pythonProject1\programForTecher\admin\ImageResultScreen\imageSettings.json
2026-08-29 at 22:39:37 | INFO | \ImageResultScreen\imageSettings.json
2026-08-29 at 22:39:37 | INFO | {'Body': []}
2026-08-29 at 22:39:37 | INFO | T:\Н папка\програмирование\python\project\pythonProject1\programForTecher\admin\ListBlancQuestion\listBlancQuestion.json
2026-08-29 at 22:39:37 | INFO | \ListBlancQuestion\listBlancQuestion.json
2026-08-29 at 22:39:37 | INFO | {'Body': []}
2026-08-29 at 22:44:19 | INFO | T:\Н папка\програмирование\python\project\pythonProject1\programForTecher\admin\Log\appFileLog.log
2026-08-29 at 22:44:19 | INFO | T:\Н папка\програмирование\python\project\pythonProject1\programForTecher\admin
2026-08-29 at 22:44:19 | INFO | T:\Н папка\програмирование\python\project\pythonProject1\programForTecher\client
2026-08-29 at 22:44:19 | INFO | {'\\Cookie\\local_cookie.json': {'Body': {'time_check_updates': '17:22 22.08.26', 'value_Check': False}}, '\\question.json': {'Body': [{'Qst': {'question_name': 'Кто такой Патрин?', 'answer': ['Бугалтер', 'Директор'], 'right_answer': ['Преподаватель'], 'id': 1}}]}, '\\static\\GetClientData\\UploadInServerClientCookie\\ClientCookieData\\question.json': {'client_flag': True, 'Body': [{'Qst': {'question_name': 'Кто такой Патрин?', 'answer': ['Бухгалтер ', 'Директор'], 'right_answer': ['Преподаватель'], 'id': 1}}]}, '\\Settings\\SettingsPage\\settings_page.json': {'Body': [{'name': 'version', 'value': 2.1}, {'name': 'url for update', 'value': 'https://github.com/RustFarmer/Test/blob/main/update_url_file.json'}]}, '\\Settings\\UpdateProgram\\UpdateData\\update_url_file.json': {'Body': {'rarFile': 'https://github.com/RustFarmer/Rust-helper/raw/refs/heads/main/v5.1.rar'}}, '\\static\\GetClientData\\UploadInServerClientCookie\\ClientCookieData\\settings.json': {'client_flag': True, 'Body': []}, '\\PassCutOff\\settings.json': {'Body': []}, '\\ImageResultScreen\\imageSettings.json': {'Body': []}, '\\ListBlancQuestion\\listBlancQuestion.json': {'Body': []}}
2026-08-29 at 22:44:19 | INFO | <class 'pathlib.WindowsPath'>
2026-08-29 at 22:44:19 | INFO | T:\Н папка\програмирование\python\project\pythonProject1\programForTecher\admin
2026-08-29 at 22:44:19 | INFO | {'\\Cookie\\local_cookie.json': {'Body': {'time_check_updates': '17:22 22.08.26', 'value_Check': False}}, '\\question.json': {'Body': [{'Qst': {'question_name': 'Кто такой Патрин?', 'answer': ['Бугалтер', 'Директор'], 'right_answer': ['Преподаватель'], 'id': 1}}]}, '\\static\\GetClientData\\UploadInServerClientCookie\\ClientCookieData\\question.json': {'client_flag': True, 'Body': [{'Qst': {'question_name': 'Кто такой Патрин?', 'answer': ['Бухгалтер ', 'Директор'], 'right_answer': ['Преподаватель'], 'id': 1}}]}, '\\Settings\\SettingsPage\\settings_page.json': {'Body': [{'name': 'version', 'value': 2.1}, {'name': 'url for update', 'value': 'https://github.com/RustFarmer/Test/blob/main/update_url_file.json'}]}, '\\Settings\\UpdateProgram\\UpdateData\\update_url_file.json': {'Body': {'rarFile': 'https://github.com/RustFarmer/Rust-helper/raw/refs/heads/main/v5.1.rar'}}, '\\static\\GetClientData\\UploadInServerClientCookie\\ClientCookieData\\settings.json': {'client_flag': True, 'Body': []}, '\\PassCutOff\\settings.json': {'Body': []}, '\\ImageResultScreen\\imageSettings.json': {'Body': []}, '\\ListBlancQuestion\\listBlancQuestion.json': {'Body': []}}
2026-08-29 at 22:44:19 | INFO | {'\\Cookie\\local_cookie.json': {'Body': {'time_check_updates': '17:22 22.08.26', 'value_Check': False}}, '\\question.json': {'Body': [{'Qst': {'question_name': 'Кто такой Патрин?', 'answer': ['Бугалтер', 'Директор'], 'right_answer': ['Преподаватель'], 'id': 1}}]}, '\\static\\GetClientData\\UploadInServerClientCookie\\ClientCookieData\\question.json': {'client_flag': True, 'Body': [{'Qst': {'question_name': 'Кто такой Патрин?', 'answer': ['Бухгалтер ', 'Директор'], 'right_answer': ['Преподаватель'], 'id': 1}}]}, '\\Settings\\SettingsPage\\settings_page.json': {'Body': [{'name': 'version', 'value': 2.1}, {'name': 'url for update', 'value': 'https://github.com/RustFarmer/Test/blob/main/update_url_file.json'}]}, '\\Settings\\UpdateProgram\\UpdateData\\update_url_file.json': {'Body': {'rarFile': 'https://github.com/RustFarmer/Rust-helper/raw/refs/heads/main/v5.1.rar'}}, '\\static\\GetClientData\\UploadInServerClientCookie\\ClientCookieData\\settings.json': {'client_flag': True, 'Body': []}, '\\PassCutOff\\settings.json': {'Body': []}, '\\ImageResultScreen\\imageSettings.json': {'Body': []}, '\\ListBlancQuestion\\listBlancQuestion.json': {'Body': []}}
2026-08-29 at 22:44:19 | INFO | T:\Н папка\програмирование\python\project\pythonProject1\programForTecher\admin\Cookie\local_cookie.json
2026-08-29 at 22:44:19 | INFO | \Cookie\local_cookie.json
2026-08-29 at 22:44:19 | INFO | {'Body': {'time_check_updates': '17:22 22.08.26', 'value_Check': False}}
2026-08-29 at 22:44:19 | INFO | T:\Н папка\програмирование\python\project\pythonProject1\programForTecher\admin\question.json
2026-08-29 at 22:44:19 | INFO | \question.json
2026-08-29 at 22:44:19 | INFO | {'Body': [{'Qst': {'question_name': 'Кто такой Патрин?', 'answer': ['Бугалтер', 'Директор'], 'right_answer': ['Преподаватель'], 'id': 1}}]}
2026-08-29 at 22:44:19 | INFO | T:\Н папка\програмирование\python\project\pythonProject1\programForTecher\admin\static\GetClientData\UploadInServerClientCookie\ClientCookieData\question.json
2026-08-29 at 22:44:19 | INFO | T:\Н папка\програмирование\python\project\pythonProject1\programForTecher\client\static\GetClientData\UploadInServerClientCookie\ClientCookieData\question.json
2026-08-29 at 22:44:19 | INFO | \static\GetClientData\UploadInServerClientCookie\ClientCookieData\question.json
2026-08-29 at 22:44:19 | INFO | {'client_flag': True, 'Body': [{'Qst': {'question_name': 'Кто такой Патрин?', 'answer': ['Бухгалтер ', 'Директор'], 'right_answer': ['Преподаватель'], 'id': 1}}]}
2026-08-29 at 22:44:19 | INFO | T:\Н папка\програмирование\python\project\pythonProject1\programForTecher\admin\Settings\SettingsPage\settings_page.json
2026-08-29 at 22:44:19 | INFO | \Settings\SettingsPage\settings_page.json
2026-08-29 at 22:44:19 | INFO | {'Body': [{'name': 'version', 'value': 2.1}, {'name': 'url for update', 'value': 'https://github.com/RustFarmer/Test/blob/main/update_url_file.json'}]}
2026-08-29 at 22:44:19 | INFO | T:\Н папка\програмирование\python\project\pythonProject1\programForTecher\admin\Settings\UpdateProgram\UpdateData\update_url_file.json
2026-08-29 at 22:44:19 | INFO | \Settings\UpdateProgram\UpdateData\update_url_file.json
2026-08-29 at 22:44:19 | INFO | {'Body': {'rarFile': 'https://github.com/RustFarmer/Rust-helper/raw/refs/heads/main/v5.1.rar'}}
2026-08-29 at 22:44:19 | INFO | T:\Н папка\програмирование\python\project\pythonProject1\programForTecher\admin\static\GetClientData\UploadInServerClientCookie\ClientCookieData\settings.json
2026-08-29 at 22:44:19 | INFO | T:\Н папка\програмирование\python\project\pythonProject1\programForTecher\client\static\GetClientData\UploadInServerClientCookie\ClientCookieData\settings.json
2026-08-29 at 22:44:19 | INFO | \static\GetClientData\UploadInServerClientCookie\ClientCookieData\settings.json
2026-08-29 at 22:44:19 | INFO | {'client_flag': True, 'Body': []}
2026-08-29 at 22:44:19 | INFO | T:\Н папка\програмирование\python\project\pythonProject1\programForTecher\admin\PassCutOff\settings.json
2026-08-29 at 22:44:19 | INFO | \PassCutOff\settings.json
2026-08-29 at 22:44:19 | INFO | {'Body': []}
2026-08-29 at 22:44:19 | INFO | T:\Н папка\програмирование\python\project\pythonProject1\programForTecher\admin\ImageResultScreen\imageSettings.json
2026-08-29 at 22:44:19 | INFO | \ImageResultScreen\imageSettings.json
2026-08-29 at 22:44:19 | INFO | {'Body': []}
2026-08-29 at 22:44:19 | INFO | T:\Н папка\програмирование\python\project\pythonProject1\programForTecher\admin\ListBlancQuestion\listBlancQuestion.json
2026-08-29 at 22:44:19 | INFO | \ListBlancQuestion\listBlancQuestion.json
2026-08-29 at 22:44:19 | INFO | {'Body': []}
2026-08-29 at 22:45:01 | INFO | T:\Н папка\програмирование\python\project\pythonProject1\programForTecher\admin\Log\appFileLog.log
2026-08-29 at 22:45:01 | INFO | T:\Н папка\програмирование\python\project\pythonProject1\programForTecher\admin
2026-08-29 at 22:45:01 | INFO | T:\Н папка\програмирование\python\project\pythonProject1\programForTecher\client
2026-08-29 at 22:45:01 | INFO | {'\\Cookie\\local_cookie.json': {'Body': {'time_check_updates': '17:22 22.08.26', 'value_Check': False}}, '\\question.json': {'Body': [{'Qst': {'question_name': 'Кто такой Патрин?', 'answer': ['Бугалтер', 'Директор'], 'right_answer': ['Преподаватель'], 'id': 1}}]}, '\\static\\GetClientData\\UploadInServerClientCookie\\ClientCookieData\\question.json': {'client_flag': True, 'Body': [{'Qst': {'question_name': 'Кто такой Патрин?', 'answer': ['Бухгалтер ', 'Директор'], 'right_answer': ['Преподаватель'], 'id': 1}}]}, '\\Settings\\SettingsPage\\settings_page.json': {'Body': [{'name': 'version', 'value': 2.1}, {'name': 'url for update', 'value': 'https://github.com/RustFarmer/Test/blob/main/update_url_file.json'}]}, '\\Settings\\UpdateProgram\\UpdateData\\update_url_file.json': {'Body': {'rarFile': 'https://github.com/RustFarmer/Rust-helper/raw/refs/heads/main/v5.1.rar'}}, '\\static\\GetClientData\\UploadInServerClientCookie\\ClientCookieData\\settings.json': {'client_flag': True, 'Body': []}, '\\PassCutOff\\settings.json': {'Body': []}, '\\ImageResultScreen\\imageSettings.json': {'Body': []}, '\\ListBlancQuestion\\listBlancQuestion.json': {'Body': []}}
2026-08-29 at 22:45:01 | INFO | <class 'pathlib.WindowsPath'>
2026-08-29 at 22:45:01 | INFO | T:\Н папка\програмирование\python\project\pythonProject1\programForTecher\admin
2026-08-29 at 22:45:01 | INFO | {'\\Cookie\\local_cookie.json': {'Body': {'time_check_updates': '17:22 22.08.26', 'value_Check': False}}, '\\question.json': {'Body': [{'Qst': {'question_name': 'Кто такой Патрин?', 'answer': ['Бугалтер', 'Директор'], 'right_answer': ['Преподаватель'], 'id': 1}}]}, '\\static\\GetClientData\\UploadInServerClientCookie\\ClientCookieData\\question.json': {'client_flag': True, 'Body': [{'Qst': {'question_name': 'Кто такой Патрин?', 'answer': ['Бухгалтер ', 'Директор'], 'right_answer': ['Преподаватель'], 'id': 1}}]}, '\\Settings\\SettingsPage\\settings_page.json': {'Body': [{'name': 'version', 'value': 2.1}, {'name': 'url for update', 'value': 'https://github.com/RustFarmer/Test/blob/main/update_url_file.json'}]}, '\\Settings\\UpdateProgram\\UpdateData\\update_url_file.json': {'Body': {'rarFile': 'https://github.com/RustFarmer/Rust-helper/raw/refs/heads/main/v5.1.rar'}}, '\\static\\GetClientData\\UploadInServerClientCookie\\ClientCookieData\\settings.json': {'client_flag': True, 'Body': []}, '\\PassCutOff\\settings.json': {'Body': []}, '\\ImageResultScreen\\imageSettings.json': {'Body': []}, '\\ListBlancQuestion\\listBlancQuestion.json': {'Body': []}}
2026-08-29 at 22:45:01 | INFO | {'\\Cookie\\local_cookie.json': {'Body': {'time_check_updates': '17:22 22.08.26', 'value_Check': False}}, '\\question.json': {'Body': [{'Qst': {'question_name': 'Кто такой Патрин?', 'answer': ['Бугалтер', 'Директор'], 'right_answer': ['Преподаватель'], 'id': 1}}]}, '\\static\\GetClientData\\UploadInServerClientCookie\\ClientCookieData\\question.json': {'client_flag': True, 'Body': [{'Qst': {'question_name': 'Кто такой Патрин?', 'answer': ['Бухгалтер ', 'Директор'], 'right_answer': ['Преподаватель'], 'id': 1}}]}, '\\Settings\\SettingsPage\\settings_page.json': {'Body': [{'name': 'version', 'value': 2.1}, {'name': 'url for update', 'value': 'https://github.com/RustFarmer/Test/blob/main/update_url_file.json'}]}, '\\Settings\\UpdateProgram\\UpdateData\\update_url_file.json': {'Body': {'rarFile': 'https://github.com/RustFarmer/Rust-helper/raw/refs/heads/main/v5.1.rar'}}, '\\static\\GetClientData\\UploadInServerClientCookie\\ClientCookieData\\settings.json': {'client_flag': True, 'Body': []}, '\\PassCutOff\\settings.json': {'Body': []}, '\\ImageResultScreen\\imageSettings.json': {'Body': []}, '\\ListBlancQuestion\\listBlancQuestion.json': {'Body': []}}
2026-08-29 at 22:45:01 | INFO | T:\Н папка\програмирование\python\project\pythonProject1\programForTecher\admin\Cookie\local_cookie.json
2026-08-29 at 22:45:01 | INFO | \Cookie\local_cookie.json
2026-08-29 at 22:45:01 | INFO | {'Body': {'time_check_updates': '17:22 22.08.26', 'value_Check': False}}
2026-08-29 at 22:45:01 | INFO | T:\Н папка\програмирование\python\project\pythonProject1\programForTecher\admin\question.json
2026-08-29 at 22:45:01 | INFO | \question.json
2026-08-29 at 22:45:01 | INFO | {'Body': [{'Qst': {'question_name': 'Кто такой Патрин?', 'answer': ['Бугалтер', 'Директор'], 'right_answer': ['Преподаватель'], 'id': 1}}]}
2026-08-29 at 22:45:01 | INFO | T:\Н папка\програмирование\python\project\pythonProject1\programForTecher\admin\static\GetClientData\UploadInServerClientCookie\ClientCookieData\question.json
2026-08-29 at 22:45:01 | INFO | T:\Н папка\програмирование\python\project\pythonProject1\programForTecher\client\static\GetClientData\UploadInServerClientCookie\ClientCookieData\question.json
2026-08-29 at 22:45:01 | INFO | \static\GetClientData\UploadInServerClientCookie\ClientCookieData\question.json
2026-08-29 at 22:45:01 | INFO | {'client_flag': True, 'Body': [{'Qst': {'question_name': 'Кто такой Патрин?', 'answer': ['Бухгалтер ', 'Директор'], 'right_answer': ['Преподаватель'], 'id': 1}}]}
2026-08-29 at 22:45:01 | INFO | T:\Н папка\програмирование\python\project\pythonProject1\programForTecher\admin\Settings\SettingsPage\settings_page.json
2026-08-29 at 22:45:01 | INFO | \Settings\SettingsPage\settings_page.json
2026-08-29 at 22:45:01 | INFO | {'Body': [{'name': 'version', 'value': 2.1}, {'name': 'url for update', 'value': 'https://github.com/RustFarmer/Test/blob/main/update_url_file.json'}]}
2026-08-29 at 22:45:01 | INFO | T:\Н папка\програмирование\python\project\pythonProject1\programForTecher\admin\Settings\UpdateProgram\UpdateData\update_url_file.json
2026-08-29 at 22:45:01 | INFO | \Settings\UpdateProgram\UpdateData\update_url_file.json
2026-08-29 at 22:45:01 | INFO | {'Body': {'rarFile': 'https://github.com/RustFarmer/Rust-helper/raw/refs/heads/main/v5.1.rar'}}
2026-08-29 at 22:45:01 | INFO | T:\Н папка\програмирование\python\project\pythonProject1\programForTecher\admin\static\GetClientData\UploadInServerClientCookie\ClientCookieData\settings.json
2026-08-29 at 22:45:01 | INFO | T:\Н папка\програмирование\python\project\pythonProject1\programForTecher\client\static\GetClientData\UploadInServerClientCookie\ClientCookieData\settings.json
2026-08-29 at 22:45:01 | INFO | \static\GetClientData\UploadInServerClientCookie\ClientCookieData\settings.json
2026-08-29 at 22:45:01 | INFO | {'client_flag': True, 'Body': []}
2026-08-29 at 22:45:01 | INFO | T:\Н папка\програмирование\python\project\pythonProject1\programForTecher\admin\PassCutOff\settings.json
2026-08-29 at 22:45:01 | INFO | \PassCutOff\settings.json
2026-08-29 at 22:45:01 | INFO | {'Body': []}
2026-08-29 at 22:45:01 | INFO | T:\Н папка\програмирование\python\project\pythonProject1\programForTecher\admin\ImageResultScreen\imageSettings.json
2026-08-29 at 22:45:01 | INFO | \ImageResultScreen\imageSettings.json
2026-08-29 at 22:45:01 | INFO | {'Body': []}
2026-08-29 at 22:45:01 | INFO | T:\Н папка\програмирование\python\project\pythonProject1\programForTecher\admin\ListBlancQuestion\listBlancQuestion.json
2026-08-29 at 22:45:01 | INFO | \ListBlancQuestion\listBlancQuestion.json
2026-08-29 at 22:45:01 | INFO | {'Body': []}
2026-08-29 at 22:45:56 | INFO | T:\Н папка\програмирование\python\project\pythonProject1\programForTecher\admin\Log\appFileLog.log
2026-08-29 at 22:45:56 | INFO | T:\Н папка\програмирование\python\project\pythonProject1\programForTecher\admin
2026-08-29 at 22:45:56 | INFO | T:\Н папка\програмирование\python\project\pythonProject1\programForTecher\client
2026-08-29 at 22:45:56 | INFO | {'\\Cookie\\local_cookie.json': {'Body': {'time_check_updates': '17:22 22.08.26', 'value_Check': False}}, '\\question.json': {'Body': [{'Qst': {'question_name': 'Кто такой Патрин?', 'answer': ['Бугалтер', 'Директор'], 'right_answer': ['Преподаватель'], 'id': 1}}]}, '\\static\\GetClientData\\UploadInServerClientCookie\\ClientCookieData\\question.json': {'client_flag': True, 'Body': [{'Qst': {'question_name': 'Кто такой Патрин?', 'answer': ['Бухгалтер ', 'Директор'], 'right_answer': ['Преподаватель'], 'id': 1}}]}, '\\Settings\\SettingsPage\\settings_page.json': {'Body': [{'name': 'version', 'value': 2.1}, {'name': 'url for update', 'value': 'https://github.com/RustFarmer/Test/blob/main/update_url_file.json'}]}, '\\Settings\\UpdateProgram\\UpdateData\\update_url_file.json': {'Body': {'rarFile': 'https://github.com/RustFarmer/Rust-helper/raw/refs/heads/main/v5.1.rar'}}, '\\static\\GetClientData\\UploadInServerClientCookie\\ClientCookieData\\settings.json': {'client_flag': True, 'Body': []}, '\\PassCutOff\\settings.json': {'Body': []}, '\\ImageResultScreen\\imageSettings.json': {'Body': []}, '\\ListBlancQuestion\\listBlancQuestion.json': {'Body': []}}
2026-08-29 at 22:45:56 | INFO | <class 'pathlib.WindowsPath'>
2026-08-29 at 22:45:56 | INFO | T:\Н папка\програмирование\python\project\pythonProject1\programForTecher\admin
2026-08-29 at 22:45:56 | INFO | {'\\Cookie\\local_cookie.json': {'Body': {'time_check_updates': '17:22 22.08.26', 'value_Check': False}}, '\\question.json': {'Body': [{'Qst': {'question_name': 'Кто такой Патрин?', 'answer': ['Бугалтер', 'Директор'], 'right_answer': ['Преподаватель'], 'id': 1}}]}, '\\static\\GetClientData\\UploadInServerClientCookie\\ClientCookieData\\question.json': {'client_flag': True, 'Body': [{'Qst': {'question_name': 'Кто такой Патрин?', 'answer': ['Бухгалтер ', 'Директор'], 'right_answer': ['Преподаватель'], 'id': 1}}]}, '\\Settings\\SettingsPage\\settings_page.json': {'Body': [{'name': 'version', 'value': 2.1}, {'name': 'url for update', 'value': 'https://github.com/RustFarmer/Test/blob/main/update_url_file.json'}]}, '\\Settings\\UpdateProgram\\UpdateData\\update_url_file.json': {'Body': {'rarFile': 'https://github.com/RustFarmer/Rust-helper/raw/refs/heads/main/v5.1.rar'}}, '\\static\\GetClientData\\UploadInServerClientCookie\\ClientCookieData\\settings.json': {'client_flag': True, 'Body': []}, '\\PassCutOff\\settings.json': {'Body': []}, '\\ImageResultScreen\\imageSettings.json': {'Body': []}, '\\ListBlancQuestion\\listBlancQuestion.json': {'Body': []}}
2026-08-29 at 22:45:56 | INFO | {'\\Cookie\\local_cookie.json': {'Body': {'time_check_updates': '17:22 22.08.26', 'value_Check': False}}, '\\question.json': {'Body': [{'Qst': {'question_name': 'Кто такой Патрин?', 'answer': ['Бугалтер', 'Директор'], 'right_answer': ['Преподаватель'], 'id': 1}}]}, '\\static\\GetClientData\\UploadInServerClientCookie\\ClientCookieData\\question.json': {'client_flag': True, 'Body': [{'Qst': {'question_name': 'Кто такой Патрин?', 'answer': ['Бухгалтер ', 'Директор'], 'right_answer': ['Преподаватель'], 'id': 1}}]}, '\\Settings\\SettingsPage\\settings_page.json': {'Body': [{'name': 'version', 'value': 2.1}, {'name': 'url for update', 'value': 'https://github.com/RustFarmer/Test/blob/main/update_url_file.json'}]}, '\\Settings\\UpdateProgram\\UpdateData\\update_url_file.json': {'Body': {'rarFile': 'https://github.com/RustFarmer/Rust-helper/raw/refs/heads/main/v5.1.rar'}}, '\\static\\GetClientData\\UploadInServerClientCookie\\ClientCookieData\\settings.json': {'client_flag': True, 'Body': []}, '\\PassCutOff\\settings.json': {'Body': []}, '\\ImageResultScreen\\imageSettings.json': {'Body': []}, '\\ListBlancQuestion\\listBlancQuestion.json': {'Body': []}}
2026-08-29 at 22:45:56 | INFO | T:\Н папка\програмирование\python\project\pythonProject1\programForTecher\admin\Cookie\local_cookie.json
2026-08-29 at 22:45:56 | INFO | \Cookie\local_cookie.json
2026-08-29 at 22:45:56 | INFO | {'Body': {'time_check_updates': '17:22 22.08.26', 'value_Check': False}}
2026-08-29 at 22:45:56 | INFO | T:\Н папка\програмирование\python\project\pythonProject1\programForTecher\admin\question.json
2026-08-29 at 22:45:56 | INFO | \question.json
2026-08-29 at 22:45:56 | INFO | {'Body': [{'Qst': {'question_name': 'Кто такой Патрин?', 'answer': ['Бугалтер', 'Директор'], 'right_answer': ['Преподаватель'], 'id': 1}}]}
2026-08-29 at 22:45:56 | INFO | T:\Н папка\програмирование\python\project\pythonProject1\programForTecher\admin\static\GetClientData\UploadInServerClientCookie\ClientCookieData\question.json
2026-08-29 at 22:45:56 | INFO | T:\Н папка\програмирование\python\project\pythonProject1\programForTecher\client\static\GetClientData\UploadInServerClientCookie\ClientCookieData\question.json
2026-08-29 at 22:45:56 | INFO | \static\GetClientData\UploadInServerClientCookie\ClientCookieData\question.json
2026-08-29 at 22:45:56 | INFO | {'client_flag': True, 'Body': [{'Qst': {'question_name': 'Кто такой Патрин?', 'answer': ['Бухгалтер ', 'Директор'], 'right_answer': ['Преподаватель'], 'id': 1}}]}
2026-08-29 at 22:45:56 | INFO | T:\Н папка\програмирование\python\project\pythonProject1\programForTecher\admin\Settings\SettingsPage\settings_page.json
2026-08-29 at 22:45:56 | INFO | \Settings\SettingsPage\settings_page.json
2026-08-29 at 22:45:56 | INFO | {'Body': [{'name': 'version', 'value': 2.1}, {'name': 'url for update', 'value': 'https://github.com/RustFarmer/Test/blob/main/update_url_file.json'}]}
2026-08-29 at 22:45:56 | INFO | T:\Н папка\програмирование\python\project\pythonProject1\programForTecher\admin\Settings\UpdateProgram\UpdateData\update_url_file.json
2026-08-29 at 22:45:56 | INFO | \Settings\UpdateProgram\UpdateData\update_url_file.json
2026-08-29 at 22:45:56 | INFO | {'Body': {'rarFile': 'https://github.com/RustFarmer/Rust-helper/raw/refs/heads/main/v5.1.rar'}}
2026-08-29 at 22:45:56 | INFO | T:\Н папка\програмирование\python\project\pythonProject1\programForTecher\admin\static\GetClientData\UploadInServerClientCookie\ClientCookieData\settings.json
2026-08-29 at 22:45:56 | INFO | T:\Н папка\програмирование\python\project\pythonProject1\programForTecher\client\static\GetClientData\UploadInServerClientCookie\ClientCookieData\settings.json
2026-08-29 at 22:45:56 | INFO | \static\GetClientData\UploadInServerClientCookie\ClientCookieData\settings.json
2026-08-29 at 22:45:56 | INFO | {'client_flag': True, 'Body': []}
2026-08-29 at 22:45:56 | INFO | T:\Н папка\програмирование\python\project\pythonProject1\programForTecher\admin\PassCutOff\settings.json
2026-08-29 at 22:45:56 | INFO | \PassCutOff\settings.json
2026-08-29 at 22:45:56 | INFO | {'Body': []}
2026-08-29 at 22:45:56 | INFO | T:\Н папка\програмирование\python\project\pythonProject1\programForTecher\admin\ImageResultScreen\imageSettings.json
2026-08-29 at 22:45:56 | INFO | \ImageResultScreen\imageSettings.json
2026-08-29 at 22:45:56 | INFO | {'Body': []}
2026-08-29 at 22:45:56 | INFO | T:\Н папка\програмирование\python\project\pythonProject1\programForTecher\admin\ListBlancQuestion\listBlancQuestion.json
2026-08-29 at 22:45:56 | INFO | \ListBlancQuestion\listBlancQuestion.json
2026-08-29 at 22:45:56 | INFO | {'Body': []}
2026-08-29 at 22:47:04 | INFO | T:\Н папка\програмирование\python\project\pythonProject1\programForTecher\admin\Log\appFileLog.log
2026-08-29 at 22:47:04 | INFO | T:\Н папка\програмирование\python\project\pythonProject1\programForTecher\admin
2026-08-29 at 22:47:04 | INFO | T:\Н папка\програмирование\python\project\pythonProject1\programForTecher\client
2026-08-29 at 22:47:04 | INFO | {'\\Cookie\\local_cookie.json': {'Body': {'time_check_updates': '17:22 22.08.26', 'value_Check': False}}, '\\question.json': {'Body': [{'Qst': {'question_name': 'Кто такой Патрин?', 'answer': ['Бугалтер', 'Директор'], 'right_answer': ['Преподаватель'], 'id': 1}}]}, '\\static\\GetClientData\\UploadInServerClientCookie\\ClientCookieData\\question.json': {'client_flag': True, 'Body': [{'Qst': {'question_name': 'Кто такой Патрин?', 'answer': ['Бухгалтер ', 'Директор'], 'right_answer': ['Преподаватель'], 'id': 1}}]}, '\\Settings\\SettingsPage\\settings_page.json': {'Body': [{'name': 'version', 'value': 2.1}, {'name': 'url for update', 'value': 'https://github.com/RustFarmer/Test/blob/main/update_url_file.json'}]}, '\\Settings\\UpdateProgram\\UpdateData\\update_url_file.json': {'Body': {'rarFile': 'https://github.com/RustFarmer/Rust-helper/raw/refs/heads/main/v5.1.rar'}}, '\\static\\GetClientData\\UploadInServerClientCookie\\ClientCookieData\\settings.json': {'client_flag': True, 'Body': []}, '\\PassCutOff\\settings.json': {'Body': []}, '\\ImageResultScreen\\imageSettings.json': {'Body': []}, '\\ListBlancQuestion\\listBlancQuestion.json': {'Body': []}}
2026-08-29 at 22:47:04 | INFO | <class 'pathlib.WindowsPath'>
2026-08-29 at 22:47:04 | INFO | T:\Н папка\програмирование\python\project\pythonProject1\programForTecher\admin
2026-08-29 at 22:47:04 | INFO | {'\\Cookie\\local_cookie.json': {'Body': {'time_check_updates': '17:22 22.08.26', 'value_Check': False}}, '\\question.json': {'Body': [{'Qst': {'question_name': 'Кто такой Патрин?', 'answer': ['Бугалтер', 'Директор'], 'right_answer': ['Преподаватель'], 'id': 1}}]}, '\\static\\GetClientData\\UploadInServerClientCookie\\ClientCookieData\\question.json': {'client_flag': True, 'Body': [{'Qst': {'question_name': 'Кто такой Патрин?', 'answer': ['Бухгалтер ', 'Директор'], 'right_answer': ['Преподаватель'], 'id': 1}}]}, '\\Settings\\SettingsPage\\settings_page.json': {'Body': [{'name': 'version', 'value': 2.1}, {'name': 'url for update', 'value': 'https://github.com/RustFarmer/Test/blob/main/update_url_file.json'}]}, '\\Settings\\UpdateProgram\\UpdateData\\update_url_file.json': {'Body': {'rarFile': 'https://github.com/RustFarmer/Rust-helper/raw/refs/heads/main/v5.1.rar'}}, '\\static\\GetClientData\\UploadInServerClientCookie\\ClientCookieData\\settings.json': {'client_flag': True, 'Body': []}, '\\PassCutOff\\settings.json': {'Body': []}, '\\ImageResultScreen\\imageSettings.json': {'Body': []}, '\\ListBlancQuestion\\listBlancQuestion.json': {'Body': []}}
2026-08-29 at 22:47:04 | INFO | {'\\Cookie\\local_cookie.json': {'Body': {'time_check_updates': '17:22 22.08.26', 'value_Check': False}}, '\\question.json': {'Body': [{'Qst': {'question_name': 'Кто такой Патрин?', 'answer': ['Бугалтер', 'Директор'], 'right_answer': ['Преподаватель'], 'id': 1}}]}, '\\static\\GetClientData\\UploadInServerClientCookie\\ClientCookieData\\question.json': {'client_flag': True, 'Body': [{'Qst': {'question_name': 'Кто такой Патрин?', 'answer': ['Бухгалтер ', 'Директор'], 'right_answer': ['Преподаватель'], 'id': 1}}]}, '\\Settings\\SettingsPage\\settings_page.json': {'Body': [{'name': 'version', 'value': 2.1}, {'name': 'url for update', 'value': 'https://github.com/RustFarmer/Test/blob/main/update_url_file.json'}]}, '\\Settings\\UpdateProgram\\UpdateData\\update_url_file.json': {'Body': {'rarFile': 'https://github.com/RustFarmer/Rust-helper/raw/refs/heads/main/v5.1.rar'}}, '\\static\\GetClientData\\UploadInServerClientCookie\\ClientCookieData\\settings.json': {'client_flag': True, 'Body': []}, '\\PassCutOff\\settings.json': {'Body': []}, '\\ImageResultScreen\\imageSettings.json': {'Body': []}, '\\ListBlancQuestion\\listBlancQuestion.json': {'Body': []}}
2026-08-29 at 22:47:04 | INFO | T:\Н папка\програмирование\python\project\pythonProject1\programForTecher\admin\Cookie\local_cookie.json
2026-08-29 at 22:47:04 | INFO | \Cookie\local_cookie.json
2026-08-29 at 22:47:04 | INFO | {'Body': {'time_check_updates': '17:22 22.08.26', 'value_Check': False}}
2026-08-29 at 22:47:04 | INFO | T:\Н папка\програмирование\python\project\pythonProject1\programForTecher\admin\question.json
2026-08-29 at 22:47:04 | INFO | \question.json
2026-08-29 at 22:47:04 | INFO | {'Body': [{'Qst': {'question_name': 'Кто такой Патрин?', 'answer': ['Бугалтер', 'Директор'], 'right_answer': ['Преподаватель'], 'id': 1}}]}
2026-08-29 at 22:47:04 | INFO | T:\Н папка\програмирование\python\project\pythonProject1\programForTecher\admin\static\GetClientData\UploadInServerClientCookie\ClientCookieData\question.json
2026-08-29 at 22:47:04 | INFO | T:\Н папка\програмирование\python\project\pythonProject1\programForTecher\client\static\GetClientData\UploadInServerClientCookie\ClientCookieData\question.json
2026-08-29 at 22:47:04 | INFO | \static\GetClientData\UploadInServerClientCookie\ClientCookieData\question.json
2026-08-29 at 22:47:04 | INFO | {'client_flag': True, 'Body': [{'Qst': {'question_name': 'Кто такой Патрин?', 'answer': ['Бухгалтер ', 'Директор'], 'right_answer': ['Преподаватель'], 'id': 1}}]}
2026-08-29 at 22:47:04 | INFO | T:\Н папка\програмирование\python\project\pythonProject1\programForTecher\admin\Settings\SettingsPage\settings_page.json
2026-08-29 at 22:47:04 | INFO | \Settings\SettingsPage\settings_page.json
2026-08-29 at 22:47:04 | INFO | {'Body': [{'name': 'version', 'value': 2.1}, {'name': 'url for update', 'value': 'https://github.com/RustFarmer/Test/blob/main/update_url_file.json'}]}
2026-08-29 at 22:47:04 | INFO | T:\Н папка\програмирование\python\project\pythonProject1\programForTecher\admin\Settings\UpdateProgram\UpdateData\update_url_file.json
2026-08-29 at 22:47:04 | INFO | \Settings\UpdateProgram\UpdateData\update_url_file.json
2026-08-29 at 22:47:04 | INFO | {'Body': {'rarFile': 'https://github.com/RustFarmer/Rust-helper/raw/refs/heads/main/v5.1.rar'}}
2026-08-29 at 22:47:04 | INFO | T:\Н папка\програмирование\python\project\pythonProject1\programForTecher\admin\static\GetClientData\UploadInServerClientCookie\ClientCookieData\settings.json
2026-08-29 at 22:47:04 | INFO | T:\Н папка\програмирование\python\project\pythonProject1\programForTecher\client\static\GetClientData\UploadInServerClientCookie\ClientCookieData\settings.json
2026-08-29 at 22:47:04 | INFO | \static\GetClientData\UploadInServerClientCookie\ClientCookieData\settings.json
2026-08-29 at 22:47:04 | INFO | {'client_flag': True, 'Body': []}
2026-08-29 at 22:47:04 | INFO | T:\Н папка\програмирование\python\project\pythonProject1\programForTecher\admin\PassCutOff\settings.json
2026-08-29 at 22:47:04 | INFO | \PassCutOff\settings.json
2026-08-29 at 22:47:04 | INFO | {'Body': []}
2026-08-29 at 22:47:04 | INFO | T:\Н папка\програмирование\python\project\pythonProject1\programForTecher\admin\ImageResultScreen\imageSettings.json
2026-08-29 at 22:47:04 | INFO | \ImageResultScreen\imageSettings.json
2026-08-29 at 22:47:04 | INFO | {'Body': []}
2026-08-29 at 22:47:04 | INFO | T:\Н папка\програмирование\python\project\pythonProject1\programForTecher\admin\ListBlancQuestion\listBlancQuestion.json
2026-08-29 at 22:47:04 | INFO | \ListBlancQuestion\listBlancQuestion.json
2026-08-29 at 22:47:04 | INFO | {'Body': []}
2026-08-29 at 22:51:08 | INFO | T:\Н папка\програмирование\python\project\pythonProject1\programForTecher\admin\Log\appFileLog.log
2026-08-29 at 22:51:08 | INFO | T:\Н папка\програмирование\python\project\pythonProject1\programForTecher\admin
2026-08-29 at 22:51:08 | INFO | T:\Н папка\програмирование\python\project\pythonProject1\programForTecher\client
2026-08-29 at 22:51:08 | INFO | {'\\Cookie\\local_cookie.json': {'Body': {'time_check_updates': '17:22 22.08.26', 'value_Check': False}}, '\\question.json': {'Body': [{'Qst': {'question_name': 'Кто такой Патрин?', 'answer': ['Бугалтер', 'Директор'], 'right_answer': ['Преподаватель'], 'id': 1}}]}, '\\static\\GetClientData\\UploadInServerClientCookie\\ClientCookieData\\question.json': {'client_flag': True, 'Body': [{'Qst': {'question_name': 'Кто такой Патрин?', 'answer': ['Бухгалтер ', 'Директор'], 'right_answer': ['Преподаватель'], 'id': 1}}]}, '\\Settings\\SettingsPage\\settings_page.json': {'Body': [{'name': 'version', 'value': 2.1}, {'name': 'url for update', 'value': 'https://github.com/RustFarmer/Test/blob/main/update_url_file.json'}]}, '\\Settings\\UpdateProgram\\UpdateData\\update_url_file.json': {'Body': {'rarFile': 'https://github.com/RustFarmer/Rust-helper/raw/refs/heads/main/v5.1.rar'}}, '\\static\\GetClientData\\UploadInServerClientCookie\\ClientCookieData\\settings.json': {'client_flag': True, 'Body': []}, '\\PassCutOff\\settings.json': {'Body': []}, '\\ImageResultScreen\\imageSettings.json': {'Body': []}, '\\ListBlancQuestion\\listBlancQuestion.json': {'Body': []}}
2026-08-29 at 22:51:08 | INFO | <class 'pathlib.WindowsPath'>
2026-08-29 at 22:51:08 | INFO | T:\Н папка\програмирование\python\project\pythonProject1\programForTecher\admin
2026-08-29 at 22:51:08 | INFO | {'\\Cookie\\local_cookie.json': {'Body': {'time_check_updates': '17:22 22.08.26', 'value_Check': False}}, '\\question.json': {'Body': [{'Qst': {'question_name': 'Кто такой Патрин?', 'answer': ['Бугалтер', 'Директор'], 'right_answer': ['Преподаватель'], 'id': 1}}]}, '\\static\\GetClientData\\UploadInServerClientCookie\\ClientCookieData\\question.json': {'client_flag': True, 'Body': [{'Qst': {'question_name': 'Кто такой Патрин?', 'answer': ['Бухгалтер ', 'Директор'], 'right_answer': ['Преподаватель'], 'id': 1}}]}, '\\Settings\\SettingsPage\\settings_page.json': {'Body': [{'name': 'version', 'value': 2.1}, {'name': 'url for update', 'value': 'https://github.com/RustFarmer/Test/blob/main/update_url_file.json'}]}, '\\Settings\\UpdateProgram\\UpdateData\\update_url_file.json': {'Body': {'rarFile': 'https://github.com/RustFarmer/Rust-helper/raw/refs/heads/main/v5.1.rar'}}, '\\static\\GetClientData\\UploadInServerClientCookie\\ClientCookieData\\settings.json': {'client_flag': True, 'Body': []}, '\\PassCutOff\\settings.json': {'Body': []}, '\\ImageResultScreen\\imageSettings.json': {'Body': []}, '\\ListBlancQuestion\\listBlancQuestion.json': {'Body': []}}
2026-08-29 at 22:51:08 | INFO | {'\\Cookie\\local_cookie.json': {'Body': {'time_check_updates': '17:22 22.08.26', 'value_Check': False}}, '\\question.json': {'Body': [{'Qst': {'question_name': 'Кто такой Патрин?', 'answer': ['Бугалтер', 'Директор'], 'right_answer': ['Преподаватель'], 'id': 1}}]}, '\\static\\GetClientData\\UploadInServerClientCookie\\ClientCookieData\\question.json': {'client_flag': True, 'Body': [{'Qst': {'question_name': 'Кто такой Патрин?', 'answer': ['Бухгалтер ', 'Директор'], 'right_answer': ['Преподаватель'], 'id': 1}}]}, '\\Settings\\SettingsPage\\settings_page.json': {'Body': [{'name': 'version', 'value': 2.1}, {'name': 'url for update', 'value': 'https://github.com/RustFarmer/Test/blob/main/update_url_file.json'}]}, '\\Settings\\UpdateProgram\\UpdateData\\update_url_file.json': {'Body': {'rarFile': 'https://github.com/RustFarmer/Rust-helper/raw/refs/heads/main/v5.1.rar'}}, '\\static\\GetClientData\\UploadInServerClientCookie\\ClientCookieData\\settings.json': {'client_flag': True, 'Body': []}, '\\PassCutOff\\settings.json': {'Body': []}, '\\ImageResultScreen\\imageSettings.json': {'Body': []}, '\\ListBlancQuestion\\listBlancQuestion.json': {'Body': []}}
2026-08-29 at 22:51:08 | INFO | T:\Н папка\програмирование\python\project\pythonProject1\programForTecher\admin\Cookie\local_cookie.json
2026-08-29 at 22:51:08 | INFO | \Cookie\local_cookie.json
2026-08-29 at 22:51:08 | INFO | {'Body': {'time_check_updates': '17:22 22.08.26', 'value_Check': False}}
2026-08-29 at 22:51:08 | INFO | T:\Н папка\програмирование\python\project\pythonProject1\programForTecher\admin\question.json
2026-08-29 at 22:51:08 | INFO | \question.json
2026-08-29 at 22:51:08 | INFO | {'Body': [{'Qst': {'question_name': 'Кто такой Патрин?', 'answer': ['Бугалтер', 'Директор'], 'right_answer': ['Преподаватель'], 'id': 1}}]}
2026-08-29 at 22:51:08 | INFO | T:\Н папка\програмирование\python\project\pythonProject1\programForTecher\admin\static\GetClientData\UploadInServerClientCookie\ClientCookieData\question.json
2026-08-29 at 22:51:08 | INFO | T:\Н папка\програмирование\python\project\pythonProject1\programForTecher\client\static\GetClientData\UploadInServerClientCookie\ClientCookieData\question.json
2026-08-29 at 22:51:08 | INFO | \static\GetClientData\UploadInServerClientCookie\ClientCookieData\question.json
2026-08-29 at 22:51:08 | INFO | {'client_flag': True, 'Body': [{'Qst': {'question_name': 'Кто такой Патрин?', 'answer': ['Бухгалтер ', 'Директор'], 'right_answer': ['Преподаватель'], 'id': 1}}]}
2026-08-29 at 22:51:08 | INFO | T:\Н папка\програмирование\python\project\pythonProject1\programForTecher\admin\Settings\SettingsPage\settings_page.json
2026-08-29 at 22:51:08 | INFO | \Settings\SettingsPage\settings_page.json
2026-08-29 at 22:51:08 | INFO | {'Body': [{'name': 'version', 'value': 2.1}, {'name': 'url for update', 'value': 'https://github.com/RustFarmer/Test/blob/main/update_url_file.json'}]}
2026-08-29 at 22:51:08 | INFO | T:\Н папка\програмирование\python\project\pythonProject1\programForTecher\admin\Settings\UpdateProgram\UpdateData\update_url_file.json
2026-08-29 at 22:51:08 | INFO | \Settings\UpdateProgram\UpdateData\update_url_file.json
2026-08-29 at 22:51:08 | INFO | {'Body': {'rarFile': 'https://github.com/RustFarmer/Rust-helper/raw/refs/heads/main/v5.1.rar'}}
2026-08-29 at 22:51:08 | INFO | T:\Н папка\програмирование\python\project\pythonProject1\programForTecher\admin\static\GetClientData\UploadInServerClientCookie\ClientCookieData\settings.json
2026-08-29 at 22:51:08 | INFO | T:\Н папка\програмирование\python\project\pythonProject1\programForTecher\client\static\GetClientData\UploadInServerClientCookie\ClientCookieData\settings.json
2026-08-29 at 22:51:08 | INFO | \static\GetClientData\UploadInServerClientCookie\ClientCookieData\settings.json
2026-08-29 at 22:51:08 | INFO | {'client_flag': True, 'Body': []}
2026-08-29 at 22:51:08 | INFO | T:\Н папка\програмирование\python\project\pythonProject1\programForTecher\admin\PassCutOff\settings.json
2026-08-29 at 22:51:08 | INFO | \PassCutOff\settings.json
2026-08-29 at 22:51:08 | INFO | {'Body': []}
2026-08-29 at 22:51:08 | INFO | T:\Н папка\програмирование\python\project\pythonProject1\programForTecher\admin\ImageResultScreen\imageSettings.json
2026-08-29 at 22:51:08 | INFO | \ImageResultScreen\imageSettings.json
2026-08-29 at 22:51:08 | INFO | {'Body': []}
2026-08-29 at 22:51:08 | INFO | T:\Н папка\програмирование\python\project\pythonProject1\programForTecher\admin\ListBlancQuestion\listBlancQuestion.json
2026-08-29 at 22:51:08 | INFO | \ListBlancQuestion\listBlancQuestion.json
2026-08-29 at 22:51:08 | INFO | {'Body': []}
2026-08-29 at 22:51:51 | INFO | T:\Н папка\програмирование\python\project\pythonProject1\programForTecher\admin\Log\appFileLog.log
2026-08-29 at 22:51:51 | INFO | T:\Н папка\програмирование\python\project\pythonProject1\programForTecher\admin
2026-08-29 at 22:51:51 | INFO | T:\Н папка\програмирование\python\project\pythonProject1\programForTecher\client
2026-08-29 at 22:51:51 | INFO | {'\\Cookie\\local_cookie.json': {'Body': {'time_check_updates': '17:22 22.08.26', 'value_Check': False}}, '\\question.json': {'Body': [{'Qst': {'question_name': 'Кто такой Патрин?', 'answer': ['Бугалтер', 'Директор'], 'right_answer': ['Преподаватель'], 'id': 1}}]}, '\\static\\GetClientData\\UploadInServerClientCookie\\ClientCookieData\\question.json': {'client_flag': True, 'Body': [{'Qst': {'question_name': 'Кто такой Патрин?', 'answer': ['Бухгалтер ', 'Директор'], 'right_answer': ['Преподаватель'], 'id': 1}}]}, '\\Settings\\SettingsPage\\settings_page.json': {'Body': [{'name': 'version', 'value': 2.1}, {'name': 'url for update', 'value': 'https://github.com/RustFarmer/Test/blob/main/update_url_file.json'}]}, '\\Settings\\UpdateProgram\\UpdateData\\update_url_file.json': {'Body': {'rarFile': 'https://github.com/RustFarmer/Rust-helper/raw/refs/heads/main/v5.1.rar'}}, '\\static\\GetClientData\\UploadInServerClientCookie\\ClientCookieData\\settings.json': {'client_flag': True, 'Body': []}, '\\PassCutOff\\settings.json': {'Body': []}, '\\ImageResultScreen\\imageSettings.json': {'Body': []}, '\\ListBlancQuestion\\listBlancQuestion.json': {'Body': []}}
2026-08-29 at 22:51:51 | INFO | <class 'pathlib.WindowsPath'>
2026-08-29 at 22:51:51 | INFO | T:\Н папка\програмирование\python\project\pythonProject1\programForTecher\admin
2026-08-29 at 22:51:51 | INFO | {'\\Cookie\\local_cookie.json': {'Body': {'time_check_updates': '17:22 22.08.26', 'value_Check': False}}, '\\question.json': {'Body': [{'Qst': {'question_name': 'Кто такой Патрин?', 'answer': ['Бугалтер', 'Директор'], 'right_answer': ['Преподаватель'], 'id': 1}}]}, '\\static\\GetClientData\\UploadInServerClientCookie\\ClientCookieData\\question.json': {'client_flag': True, 'Body': [{'Qst': {'question_name': 'Кто такой Патрин?', 'answer': ['Бухгалтер ', 'Директор'], 'right_answer': ['Преподаватель'], 'id': 1}}]}, '\\Settings\\SettingsPage\\settings_page.json': {'Body': [{'name': 'version', 'value': 2.1}, {'name': 'url for update', 'value': 'https://github.com/RustFarmer/Test/blob/main/update_url_file.json'}]}, '\\Settings\\UpdateProgram\\UpdateData\\update_url_file.json': {'Body': {'rarFile': 'https://github.com/RustFarmer/Rust-helper/raw/refs/heads/main/v5.1.rar'}}, '\\static\\GetClientData\\UploadInServerClientCookie\\ClientCookieData\\settings.json': {'client_flag': True, 'Body': []}, '\\PassCutOff\\settings.json': {'Body': []}, '\\ImageResultScreen\\imageSettings.json': {'Body': []}, '\\ListBlancQuestion\\listBlancQuestion.json': {'Body': []}}
2026-08-29 at 22:51:51 | INFO | {'\\Cookie\\local_cookie.json': {'Body': {'time_check_updates': '17:22 22.08.26', 'value_Check': False}}, '\\question.json': {'Body': [{'Qst': {'question_name': 'Кто такой Патрин?', 'answer': ['Бугалтер', 'Директор'], 'right_answer': ['Преподаватель'], 'id': 1}}]}, '\\static\\GetClientData\\UploadInServerClientCookie\\ClientCookieData\\question.json': {'client_flag': True, 'Body': [{'Qst': {'question_name': 'Кто такой Патрин?', 'answer': ['Бухгалтер ', 'Директор'], 'right_answer': ['Преподаватель'], 'id': 1}}]}, '\\Settings\\SettingsPage\\settings_page.json': {'Body': [{'name': 'version', 'value': 2.1}, {'name': 'url for update', 'value': 'https://github.com/RustFarmer/Test/blob/main/update_url_file.json'}]}, '\\Settings\\UpdateProgram\\UpdateData\\update_url_file.json': {'Body': {'rarFile': 'https://github.com/RustFarmer/Rust-helper/raw/refs/heads/main/v5.1.rar'}}, '\\static\\GetClientData\\UploadInServerClientCookie\\ClientCookieData\\settings.json': {'client_flag': True, 'Body': []}, '\\PassCutOff\\settings.json': {'Body': []}, '\\ImageResultScreen\\imageSettings.json': {'Body': []}, '\\ListBlancQuestion\\listBlancQuestion.json': {'Body': []}}
2026-08-29 at 22:51:51 | INFO | T:\Н папка\програмирование\python\project\pythonProject1\programForTecher\admin\Cookie\local_cookie.json
2026-08-29 at 22:51:51 | INFO | \Cookie\local_cookie.json
2026-08-29 at 22:51:51 | INFO | {'Body': {'time_check_updates': '17:22 22.08.26', 'value_Check': False}}
2026-08-29 at 22:51:51 | INFO | T:\Н папка\програмирование\python\project\pythonProject1\programForTecher\admin\question.json
2026-08-29 at 22:51:51 | INFO | \question.json
2026-08-29 at 22:51:51 | INFO | {'Body': [{'Qst': {'question_name': 'Кто такой Патрин?', 'answer': ['Бугалтер', 'Директор'], 'right_answer': ['Преподаватель'], 'id': 1}}]}
2026-08-29 at 22:51:51 | INFO | T:\Н папка\програмирование\python\project\pythonProject1\programForTecher\admin\static\GetClientData\UploadInServerClientCookie\ClientCookieData\question.json
2026-08-29 at 22:51:51 | INFO | T:\Н папка\програмирование\python\project\pythonProject1\programForTecher\client\static\GetClientData\UploadInServerClientCookie\ClientCookieData\question.json
2026-08-29 at 22:51:51 | INFO | \static\GetClientData\UploadInServerClientCookie\ClientCookieData\question.json
2026-08-29 at 22:51:51 | INFO | {'client_flag': True, 'Body': [{'Qst': {'question_name': 'Кто такой Патрин?', 'answer': ['Бухгалтер ', 'Директор'], 'right_answer': ['Преподаватель'], 'id': 1}}]}
2026-08-29 at 22:51:51 | INFO | T:\Н папка\програмирование\python\project\pythonProject1\programForTecher\admin\Settings\SettingsPage\settings_page.json
2026-08-29 at 22:51:51 | INFO | \Settings\SettingsPage\settings_page.json
2026-08-29 at 22:51:51 | INFO | {'Body': [{'name': 'version', 'value': 2.1}, {'name': 'url for update', 'value': 'https://github.com/RustFarmer/Test/blob/main/update_url_file.json'}]}
2026-08-29 at 22:51:51 | INFO | T:\Н папка\програмирование\python\project\pythonProject1\programForTecher\admin\Settings\UpdateProgram\UpdateData\update_url_file.json
2026-08-29 at 22:51:51 | INFO | \Settings\UpdateProgram\UpdateData\update_url_file.json
2026-08-29 at 22:51:51 | INFO | {'Body': {'rarFile': 'https://github.com/RustFarmer/Rust-helper/raw/refs/heads/main/v5.1.rar'}}
2026-08-29 at 22:51:51 | INFO | T:\Н папка\програмирование\python\project\pythonProject1\programForTecher\admin\static\GetClientData\UploadInServerClientCookie\ClientCookieData\settings.json
2026-08-29 at 22:51:51 | INFO | T:\Н папка\програмирование\python\project\pythonProject1\programForTecher\client\static\GetClientData\UploadInServerClientCookie\ClientCookieData\settings.json
2026-08-29 at 22:51:51 | INFO | \static\GetClientData\UploadInServerClientCookie\ClientCookieData\settings.json
2026-08-29 at 22:51:51 | INFO | {'client_flag': True, 'Body': []}
2026-08-29 at 22:51:51 | INFO | T:\Н папка\програмирование\python\project\pythonProject1\programForTecher\admin\PassCutOff\settings.json
2026-08-29 at 22:51:51 | INFO | \PassCutOff\settings.json
2026-08-29 at 22:51:51 | INFO | {'Body': []}
2026-08-29 at 22:51:51 | INFO | T:\Н папка\програмирование\python\project\pythonProject1\programForTecher\admin\ImageResultScreen\imageSettings.json
2026-08-29 at 22:51:51 | INFO | \ImageResultScreen\imageSettings.json
2026-08-29 at 22:51:51 | INFO | {'Body': []}
2026-08-29 at 22:51:51 | INFO | T:\Н папка\програмирование\python\project\pythonProject1\programForTecher\admin\ListBlancQuestion\listBlancQuestion.json
2026-08-29 at 22:51:51 | INFO | \ListBlancQuestion\listBlancQuestion.json
2026-08-29 at 22:51:51 | INFO | {'Body': []}
2026-08-29 at 22:52:04 | INFO | T:\Н папка\програмирование\python\project\pythonProject1\programForTecher\admin\Log\appFileLog.log
2026-08-29 at 22:52:04 | INFO | T:\Н папка\програмирование\python\project\pythonProject1\programForTecher\admin
2026-08-29 at 22:52:04 | INFO | T:\Н папка\програмирование\python\project\pythonProject1\programForTecher\client
2026-08-29 at 22:52:04 | INFO | {'\\Cookie\\local_cookie.json': {'Body': {'time_check_updates': '17:22 22.08.26', 'value_Check': False}}, '\\question.json': {'Body': [{'Qst': {'question_name': 'Кто такой Патрин?', 'answer': ['Бугалтер', 'Директор'], 'right_answer': ['Преподаватель'], 'id': 1}}]}, '\\static\\GetClientData\\UploadInServerClientCookie\\ClientCookieData\\question.json': {'client_flag': True, 'Body': [{'Qst': {'question_name': 'Кто такой Патрин?', 'answer': ['Бухгалтер ', 'Директор'], 'right_answer': ['Преподаватель'], 'id': 1}}]}, '\\Settings\\SettingsPage\\settings_page.json': {'Body': [{'name': 'version', 'value': 2.1}, {'name': 'url for update', 'value': 'https://github.com/RustFarmer/Test/blob/main/update_url_file.json'}]}, '\\Settings\\UpdateProgram\\UpdateData\\update_url_file.json': {'Body': {'rarFile': 'https://github.com/RustFarmer/Rust-helper/raw/refs/heads/main/v5.1.rar'}}, '\\static\\GetClientData\\UploadInServerClientCookie\\ClientCookieData\\settings.json': {'client_flag': True, 'Body': []}, '\\PassCutOff\\settings.json': {'Body': []}, '\\ImageResultScreen\\imageSettings.json': {'Body': []}, '\\ListBlancQuestion\\listBlancQuestion.json': {'Body': []}}
2026-08-29 at 22:52:04 | INFO | <class 'pathlib.WindowsPath'>
2026-08-29 at 22:52:04 | INFO | T:\Н папка\програмирование\python\project\pythonProject1\programForTecher\admin
2026-08-29 at 22:52:04 | INFO | {'\\Cookie\\local_cookie.json': {'Body': {'time_check_updates': '17:22 22.08.26', 'value_Check': False}}, '\\question.json': {'Body': [{'Qst': {'question_name': 'Кто такой Патрин?', 'answer': ['Бугалтер', 'Директор'], 'right_answer': ['Преподаватель'], 'id': 1}}]}, '\\static\\GetClientData\\UploadInServerClientCookie\\ClientCookieData\\question.json': {'client_flag': True, 'Body': [{'Qst': {'question_name': 'Кто такой Патрин?', 'answer': ['Бухгалтер ', 'Директор'], 'right_answer': ['Преподаватель'], 'id': 1}}]}, '\\Settings\\SettingsPage\\settings_page.json': {'Body': [{'name': 'version', 'value': 2.1}, {'name': 'url for update', 'value': 'https://github.com/RustFarmer/Test/blob/main/update_url_file.json'}]}, '\\Settings\\UpdateProgram\\UpdateData\\update_url_file.json': {'Body': {'rarFile': 'https://github.com/RustFarmer/Rust-helper/raw/refs/heads/main/v5.1.rar'}}, '\\static\\GetClientData\\UploadInServerClientCookie\\ClientCookieData\\settings.json': {'client_flag': True, 'Body': []}, '\\PassCutOff\\settings.json': {'Body': []}, '\\ImageResultScreen\\imageSettings.json': {'Body': []}, '\\ListBlancQuestion\\listBlancQuestion.json': {'Body': []}}
2026-08-29 at 22:52:04 | INFO | {'\\Cookie\\local_cookie.json': {'Body': {'time_check_updates': '17:22 22.08.26', 'value_Check': False}}, '\\question.json': {'Body': [{'Qst': {'question_name': 'Кто такой Патрин?', 'answer': ['Бугалтер', 'Директор'], 'right_answer': ['Преподаватель'], 'id': 1}}]}, '\\static\\GetClientData\\UploadInServerClientCookie\\ClientCookieData\\question.json': {'client_flag': True, 'Body': [{'Qst': {'question_name': 'Кто такой Патрин?', 'answer': ['Бухгалтер ', 'Директор'], 'right_answer': ['Преподаватель'], 'id': 1}}]}, '\\Settings\\SettingsPage\\settings_page.json': {'Body': [{'name': 'version', 'value': 2.1}, {'name': 'url for update', 'value': 'https://github.com/RustFarmer/Test/blob/main/update_url_file.json'}]}, '\\Settings\\UpdateProgram\\UpdateData\\update_url_file.json': {'Body': {'rarFile': 'https://github.com/RustFarmer/Rust-helper/raw/refs/heads/main/v5.1.rar'}}, '\\static\\GetClientData\\UploadInServerClientCookie\\ClientCookieData\\settings.json': {'client_flag': True, 'Body': []}, '\\PassCutOff\\settings.json': {'Body': []}, '\\ImageResultScreen\\imageSettings.json': {'Body': []}, '\\ListBlancQuestion\\listBlancQuestion.json': {'Body': []}}
2026-08-29 at 22:52:04 | INFO | T:\Н папка\програмирование\python\project\pythonProject1\programForTecher\admin\Cookie\local_cookie.json
2026-08-29 at 22:52:04 | INFO | \Cookie\local_cookie.json
2026-08-29 at 22:52:04 | INFO | {'Body': {'time_check_updates': '17:22 22.08.26', 'value_Check': False}}
2026-08-29 at 22:52:04 | INFO | T:\Н папка\програмирование\python\project\pythonProject1\programForTecher\admin\question.json
2026-08-29 at 22:52:04 | INFO | \question.json
2026-08-29 at 22:52:04 | INFO | {'Body': [{'Qst': {'question_name': 'Кто такой Патрин?', 'answer': ['Бугалтер', 'Директор'], 'right_answer': ['Преподаватель'], 'id': 1}}]}
2026-08-29 at 22:52:04 | INFO | T:\Н папка\програмирование\python\project\pythonProject1\programForTecher\admin\static\GetClientData\UploadInServerClientCookie\ClientCookieData\question.json
2026-08-29 at 22:52:04 | INFO | T:\Н папка\програмирование\python\project\pythonProject1\programForTecher\client\static\GetClientData\UploadInServerClientCookie\ClientCookieData\question.json
2026-08-29 at 22:52:04 | INFO | \static\GetClientData\UploadInServerClientCookie\ClientCookieData\question.json
2026-08-29 at 22:52:04 | INFO | {'client_flag': True, 'Body': [{'Qst': {'question_name': 'Кто такой Патрин?', 'answer': ['Бухгалтер ', 'Директор'], 'right_answer': ['Преподаватель'], 'id': 1}}]}
2026-08-29 at 22:52:04 | INFO | T:\Н папка\програмирование\python\project\pythonProject1\programForTecher\admin\Settings\SettingsPage\settings_page.json
2026-08-29 at 22:52:04 | INFO | \Settings\SettingsPage\settings_page.json
2026-08-29 at 22:52:04 | INFO | {'Body': [{'name': 'version', 'value': 2.1}, {'name': 'url for update', 'value': 'https://github.com/RustFarmer/Test/blob/main/update_url_file.json'}]}
2026-08-29 at 22:52:04 | INFO | T:\Н папка\програмирование\python\project\pythonProject1\programForTecher\admin\Settings\UpdateProgram\UpdateData\update_url_file.json
2026-08-29 at 22:52:04 | INFO | \Settings\UpdateProgram\UpdateData\update_url_file.json
2026-08-29 at 22:52:04 | INFO | {'Body': {'rarFile': 'https://github.com/RustFarmer/Rust-helper/raw/refs/heads/main/v5.1.rar'}}
2026-08-29 at 22:52:04 | INFO | T:\Н папка\програмирование\python\project\pythonProject1\programForTecher\admin\static\GetClientData\UploadInServerClientCookie\ClientCookieData\settings.json
2026-08-29 at 22:52:04 | INFO | T:\Н папка\програмирование\python\project\pythonProject1\programForTecher\client\static\GetClientData\UploadInServerClientCookie\ClientCookieData\settings.json
2026-08-29 at 22:52:04 | INFO | \static\GetClientData\UploadInServerClientCookie\ClientCookieData\settings.json
2026-08-29 at 22:52:04 | INFO | {'client_flag': True, 'Body': []}
2026-08-29 at 22:52:04 | INFO | T:\Н папка\програмирование\python\project\pythonProject1\programForTecher\admin\PassCutOff\settings.json
2026-08-29 at 22:52:04 | INFO | \PassCutOff\settings.json
2026-08-29 at 22:52:04 | INFO | {'Body': []}
2026-08-29 at 22:52:04 | INFO | T:\Н папка\програмирование\python\project\pythonProject1\programForTecher\admin\ImageResultScreen\imageSettings.json
2026-08-29 at 22:52:04 | INFO | \ImageResultScreen\imageSettings.json
2026-08-29 at 22:52:04 | INFO | {'Body': []}
2026-08-29 at 22:52:04 | INFO | T:\Н папка\програмирование\python\project\pythonProject1\programForTecher\admin\ListBlancQuestion\listBlancQuestion.json
2026-08-29 at 22:52:04 | INFO | \ListBlancQuestion\listBlancQuestion.json
2026-08-29 at 22:52:04 | INFO | {'Body': []}
2026-08-29 at 22:52:20 | INFO | T:\Н папка\програмирование\python\project\pythonProject1\programForTecher\admin\Log\appFileLog.log
2026-08-29 at 22:52:20 | INFO | T:\Н папка\програмирование\python\project\pythonProject1\programForTecher\admin
2026-08-29 at 22:52:20 | INFO | T:\Н папка\програмирование\python\project\pythonProject1\programForTecher\client
2026-08-29 at 22:52:20 | INFO | {'\\Cookie\\local_cookie.json': {'Body': {'time_check_updates': '17:22 22.08.26', 'value_Check': False}}, '\\question.json': {'Body': [{'Qst': {'question_name': 'Кто такой Патрин?', 'answer': ['Бугалтер', 'Директор'], 'right_answer': ['Преподаватель'], 'id': 1}}]}, '\\static\\GetClientData\\UploadInServerClientCookie\\ClientCookieData\\question.json': {'client_flag': True, 'Body': [{'Qst': {'question_name': 'Кто такой Патрин?', 'answer': ['Бухгалтер ', 'Директор'], 'right_answer': ['Преподаватель'], 'id': 1}}]}, '\\Settings\\SettingsPage\\settings_page.json': {'Body': [{'name': 'version', 'value': 2.1}, {'name': 'url for update', 'value': 'https://github.com/RustFarmer/Test/blob/main/update_url_file.json'}]}, '\\Settings\\UpdateProgram\\UpdateData\\update_url_file.json': {'Body': {'rarFile': 'https://github.com/RustFarmer/Rust-helper/raw/refs/heads/main/v5.1.rar'}}, '\\static\\GetClientData\\UploadInServerClientCookie\\ClientCookieData\\settings.json': {'client_flag': True, 'Body': []}, '\\PassCutOff\\settings.json': {'Body': []}, '\\ImageResultScreen\\imageSettings.json': {'Body': []}, '\\ListBlancQuestion\\listBlancQuestion.json': {'Body': []}}
2026-08-29 at 22:52:20 | INFO | <class 'pathlib.WindowsPath'>
2026-08-29 at 22:52:20 | INFO | T:\Н папка\програмирование\python\project\pythonProject1\programForTecher\admin
2026-08-29 at 22:52:20 | INFO | {'\\Cookie\\local_cookie.json': {'Body': {'time_check_updates': '17:22 22.08.26', 'value_Check': False}}, '\\question.json': {'Body': [{'Qst': {'question_name': 'Кто такой Патрин?', 'answer': ['Бугалтер', 'Директор'], 'right_answer': ['Преподаватель'], 'id': 1}}]}, '\\static\\GetClientData\\UploadInServerClientCookie\\ClientCookieData\\question.json': {'client_flag': True, 'Body': [{'Qst': {'question_name': 'Кто такой Патрин?', 'answer': ['Бухгалтер ', 'Директор'], 'right_answer': ['Преподаватель'], 'id': 1}}]}, '\\Settings\\SettingsPage\\settings_page.json': {'Body': [{'name': 'version', 'value': 2.1}, {'name': 'url for update', 'value': 'https://github.com/RustFarmer/Test/blob/main/update_url_file.json'}]}, '\\Settings\\UpdateProgram\\UpdateData\\update_url_file.json': {'Body': {'rarFile': 'https://github.com/RustFarmer/Rust-helper/raw/refs/heads/main/v5.1.rar'}}, '\\static\\GetClientData\\UploadInServerClientCookie\\ClientCookieData\\settings.json': {'client_flag': True, 'Body': []}, '\\PassCutOff\\settings.json': {'Body': []}, '\\ImageResultScreen\\imageSettings.json': {'Body': []}, '\\ListBlancQuestion\\listBlancQuestion.json': {'Body': []}}
2026-08-29 at 22:52:20 | INFO | {'\\Cookie\\local_cookie.json': {'Body': {'time_check_updates': '17:22 22.08.26', 'value_Check': False}}, '\\question.json': {'Body': [{'Qst': {'question_name': 'Кто такой Патрин?', 'answer': ['Бугалтер', 'Директор'], 'right_answer': ['Преподаватель'], 'id': 1}}]}, '\\static\\GetClientData\\UploadInServerClientCookie\\ClientCookieData\\question.json': {'client_flag': True, 'Body': [{'Qst': {'question_name': 'Кто такой Патрин?', 'answer': ['Бухгалтер ', 'Директор'], 'right_answer': ['Преподаватель'], 'id': 1}}]}, '\\Settings\\SettingsPage\\settings_page.json': {'Body': [{'name': 'version', 'value': 2.1}, {'name': 'url for update', 'value': 'https://github.com/RustFarmer/Test/blob/main/update_url_file.json'}]}, '\\Settings\\UpdateProgram\\UpdateData\\update_url_file.json': {'Body': {'rarFile': 'https://github.com/RustFarmer/Rust-helper/raw/refs/heads/main/v5.1.rar'}}, '\\static\\GetClientData\\UploadInServerClientCookie\\ClientCookieData\\settings.json': {'client_flag': True, 'Body': []}, '\\PassCutOff\\settings.json': {'Body': []}, '\\ImageResultScreen\\imageSettings.json': {'Body': []}, '\\ListBlancQuestion\\listBlancQuestion.json': {'Body': []}}
2026-08-29 at 22:52:20 | INFO | T:\Н папка\програмирование\python\project\pythonProject1\programForTecher\admin\Cookie\local_cookie.json
2026-08-29 at 22:52:20 | INFO | \Cookie\local_cookie.json
2026-08-29 at 22:52:20 | INFO | {'Body': {'time_check_updates': '17:22 22.08.26', 'value_Check': False}}
2026-08-29 at 22:52:20 | INFO | T:\Н папка\програмирование\python\project\pythonProject1\programForTecher\admin\question.json
2026-08-29 at 22:52:20 | INFO | \question.json
2026-08-29 at 22:52:20 | INFO | {'Body': [{'Qst': {'question_name': 'Кто такой Патрин?', 'answer': ['Бугалтер', 'Директор'], 'right_answer': ['Преподаватель'], 'id': 1}}]}
2026-08-29 at 22:52:20 | INFO | T:\Н папка\програмирование\python\project\pythonProject1\programForTecher\admin\static\GetClientData\UploadInServerClientCookie\ClientCookieData\question.json
2026-08-29 at 22:52:20 | INFO | T:\Н папка\програмирование\python\project\pythonProject1\programForTecher\client\static\GetClientData\UploadInServerClientCookie\ClientCookieData\question.json
2026-08-29 at 22:52:20 | INFO | \static\GetClientData\UploadInServerClientCookie\ClientCookieData\question.json
2026-08-29 at 22:52:20 | INFO | {'client_flag': True, 'Body': [{'Qst': {'question_name': 'Кто такой Патрин?', 'answer': ['Бухгалтер ', 'Директор'], 'right_answer': ['Преподаватель'], 'id': 1}}]}
2026-08-29 at 22:52:20 | INFO | T:\Н папка\програмирование\python\project\pythonProject1\programForTecher\admin\Settings\SettingsPage\settings_page.json
2026-08-29 at 22:52:20 | INFO | \Settings\SettingsPage\settings_page.json
2026-08-29 at 22:52:20 | INFO | {'Body': [{'name': 'version', 'value': 2.1}, {'name': 'url for update', 'value': 'https://github.com/RustFarmer/Test/blob/main/update_url_file.json'}]}
2026-08-29 at 22:52:20 | INFO | T:\Н папка\програмирование\python\project\pythonProject1\programForTecher\admin\Settings\UpdateProgram\UpdateData\update_url_file.json
2026-08-29 at 22:52:20 | INFO | \Settings\UpdateProgram\UpdateData\update_url_file.json
2026-08-29 at 22:52:20 | INFO | {'Body': {'rarFile': 'https://github.com/RustFarmer/Rust-helper/raw/refs/heads/main/v5.1.rar'}}
2026-08-29 at 22:52:20 | INFO | T:\Н папка\програмирование\python\project\pythonProject1\programForTecher\admin\static\GetClientData\UploadInServerClientCookie\ClientCookieData\settings.json
2026-08-29 at 22:52:20 | INFO | T:\Н папка\програмирование\python\project\pythonProject1\programForTecher\client\static\GetClientData\UploadInServerClientCookie\ClientCookieData\settings.json
2026-08-29 at 22:52:20 | INFO | \static\GetClientData\UploadInServerClientCookie\ClientCookieData\settings.json
2026-08-29 at 22:52:20 | INFO | {'client_flag': True, 'Body': []}
2026-08-29 at 22:52:20 | INFO | T:\Н папка\програмирование\python\project\pythonProject1\programForTecher\admin\PassCutOff\settings.json
2026-08-29 at 22:52:20 | INFO | \PassCutOff\settings.json
2026-08-29 at 22:52:20 | INFO | {'Body': []}
2026-08-29 at 22:52:20 | INFO | T:\Н папка\програмирование\python\project\pythonProject1\programForTecher\admin\ImageResultScreen\imageSettings.json
2026-08-29 at 22:52:20 | INFO | \ImageResultScreen\imageSettings.json
2026-08-29 at 22:52:20 | INFO | {'Body': []}
2026-08-29 at 22:52:20 | INFO | T:\Н папка\програмирование\python\project\pythonProject1\programForTecher\admin\ListBlancQuestion\listBlancQuestion.json
2026-08-29 at 22:52:20 | INFO | \ListBlancQuestion\listBlancQuestion.json
2026-08-29 at 22:52:20 | INFO | {'Body': []}
2026-08-29 at 22:53:34 | INFO | T:\Н папка\програмирование\python\project\pythonProject1\programForTecher\admin\Log\appFileLog.log
2026-08-29 at 22:53:34 | INFO | T:\Н папка\програмирование\python\project\pythonProject1\programForTecher\admin
2026-08-29 at 22:53:34 | INFO | T:\Н папка\програмирование\python\project\pythonProject1\programForTecher\client
2026-08-29 at 22:53:34 | INFO | {'\\Cookie\\local_cookie.json': {'Body': {'time_check_updates': '17:22 22.08.26', 'value_Check': False}}, '\\question.json': {'Body': [{'Qst': {'question_name': 'Кто такой Патрин?', 'answer': ['Бугалтер', 'Директор'], 'right_answer': ['Преподаватель'], 'id': 1}}]}, '\\static\\GetClientData\\UploadInServerClientCookie\\ClientCookieData\\question.json': {'client_flag': True, 'Body': [{'Qst': {'question_name': 'Кто такой Патрин?', 'answer': ['Бухгалтер ', 'Директор'], 'right_answer': ['Преподаватель'], 'id': 1}}]}, '\\Settings\\SettingsPage\\settings_page.json': {'Body': [{'name': 'version', 'value': 2.1}, {'name': 'url for update', 'value': 'https://github.com/RustFarmer/Test/blob/main/update_url_file.json'}]}, '\\Settings\\UpdateProgram\\UpdateData\\update_url_file.json': {'Body': {'rarFile': 'https://github.com/RustFarmer/Rust-helper/raw/refs/heads/main/v5.1.rar'}}, '\\static\\GetClientData\\UploadInServerClientCookie\\ClientCookieData\\settings.json': {'client_flag': True, 'Body': []}, '\\PassCutOff\\settings.json': {'Body': []}, '\\ImageResultScreen\\imageSettings.json': {'Body': []}, '\\ListBlancQuestion\\listBlancQuestion.json': {'Body': []}}
2026-08-29 at 22:53:34 | INFO | <class 'pathlib.WindowsPath'>
2026-08-29 at 22:53:34 | INFO | T:\Н папка\програмирование\python\project\pythonProject1\programForTecher\admin
2026-08-29 at 22:53:34 | INFO | {'\\Cookie\\local_cookie.json': {'Body': {'time_check_updates': '17:22 22.08.26', 'value_Check': False}}, '\\question.json': {'Body': [{'Qst': {'question_name': 'Кто такой Патрин?', 'answer': ['Бугалтер', 'Директор'], 'right_answer': ['Преподаватель'], 'id': 1}}]}, '\\static\\GetClientData\\UploadInServerClientCookie\\ClientCookieData\\question.json': {'client_flag': True, 'Body': [{'Qst': {'question_name': 'Кто такой Патрин?', 'answer': ['Бухгалтер ', 'Директор'], 'right_answer': ['Преподаватель'], 'id': 1}}]}, '\\Settings\\SettingsPage\\settings_page.json': {'Body': [{'name': 'version', 'value': 2.1}, {'name': 'url for update', 'value': 'https://github.com/RustFarmer/Test/blob/main/update_url_file.json'}]}, '\\Settings\\UpdateProgram\\UpdateData\\update_url_file.json': {'Body': {'rarFile': 'https://github.com/RustFarmer/Rust-helper/raw/refs/heads/main/v5.1.rar'}}, '\\static\\GetClientData\\UploadInServerClientCookie\\ClientCookieData\\settings.json': {'client_flag': True, 'Body': []}, '\\PassCutOff\\settings.json': {'Body': []}, '\\ImageResultScreen\\imageSettings.json': {'Body': []}, '\\ListBlancQuestion\\listBlancQuestion.json': {'Body': []}}
2026-08-29 at 22:53:34 | INFO | {'\\Cookie\\local_cookie.json': {'Body': {'time_check_updates': '17:22 22.08.26', 'value_Check': False}}, '\\question.json': {'Body': [{'Qst': {'question_name': 'Кто такой Патрин?', 'answer': ['Бугалтер', 'Директор'], 'right_answer': ['Преподаватель'], 'id': 1}}]}, '\\static\\GetClientData\\UploadInServerClientCookie\\ClientCookieData\\question.json': {'client_flag': True, 'Body': [{'Qst': {'question_name': 'Кто такой Патрин?', 'answer': ['Бухгалтер ', 'Директор'], 'right_answer': ['Преподаватель'], 'id': 1}}]}, '\\Settings\\SettingsPage\\settings_page.json': {'Body': [{'name': 'version', 'value': 2.1}, {'name': 'url for update', 'value': 'https://github.com/RustFarmer/Test/blob/main/update_url_file.json'}]}, '\\Settings\\UpdateProgram\\UpdateData\\update_url_file.json': {'Body': {'rarFile': 'https://github.com/RustFarmer/Rust-helper/raw/refs/heads/main/v5.1.rar'}}, '\\static\\GetClientData\\UploadInServerClientCookie\\ClientCookieData\\settings.json': {'client_flag': True, 'Body': []}, '\\PassCutOff\\settings.json': {'Body': []}, '\\ImageResultScreen\\imageSettings.json': {'Body': []}, '\\ListBlancQuestion\\listBlancQuestion.json': {'Body': []}}
2026-08-29 at 22:53:34 | INFO | T:\Н папка\програмирование\python\project\pythonProject1\programForTecher\admin\Cookie\local_cookie.json
2026-08-29 at 22:53:34 | INFO | \Cookie\local_cookie.json
2026-08-29 at 22:53:34 | INFO | {'Body': {'time_check_updates': '17:22 22.08.26', 'value_Check': False}}
2026-08-29 at 22:53:34 | INFO | T:\Н папка\програмирование\python\project\pythonProject1\programForTecher\admin\question.json
2026-08-29 at 22:53:34 | INFO | \question.json
2026-08-29 at 22:53:34 | INFO | {'Body': [{'Qst': {'question_name': 'Кто такой Патрин?', 'answer': ['Бугалтер', 'Директор'], 'right_answer': ['Преподаватель'], 'id': 1}}]}
2026-08-29 at 22:53:34 | INFO | T:\Н папка\програмирование\python\project\pythonProject1\programForTecher\admin\static\GetClientData\UploadInServerClientCookie\ClientCookieData\question.json
2026-08-29 at 22:53:34 | INFO | T:\Н папка\програмирование\python\project\pythonProject1\programForTecher\client\static\GetClientData\UploadInServerClientCookie\ClientCookieData\question.json
2026-08-29 at 22:53:34 | INFO | \static\GetClientData\UploadInServerClientCookie\ClientCookieData\question.json
2026-08-29 at 22:53:34 | INFO | {'client_flag': True, 'Body': [{'Qst': {'question_name': 'Кто такой Патрин?', 'answer': ['Бухгалтер ', 'Директор'], 'right_answer': ['Преподаватель'], 'id': 1}}]}
2026-08-29 at 22:53:34 | INFO | T:\Н папка\програмирование\python\project\pythonProject1\programForTecher\admin\Settings\SettingsPage\settings_page.json
2026-08-29 at 22:53:34 | INFO | \Settings\SettingsPage\settings_page.json
2026-08-29 at 22:53:34 | INFO | {'Body': [{'name': 'version', 'value': 2.1}, {'name': 'url for update', 'value': 'https://github.com/RustFarmer/Test/blob/main/update_url_file.json'}]}
2026-08-29 at 22:53:34 | INFO | T:\Н папка\програмирование\python\project\pythonProject1\programForTecher\admin\Settings\UpdateProgram\UpdateData\update_url_file.json
2026-08-29 at 22:53:34 | INFO | \Settings\UpdateProgram\UpdateData\update_url_file.json
2026-08-29 at 22:53:34 | INFO | {'Body': {'rarFile': 'https://github.com/RustFarmer/Rust-helper/raw/refs/heads/main/v5.1.rar'}}
2026-08-29 at 22:53:34 | INFO | T:\Н папка\програмирование\python\project\pythonProject1\programForTecher\admin\static\GetClientData\UploadInServerClientCookie\ClientCookieData\settings.json
2026-08-29 at 22:53:34 | INFO | T:\Н папка\програмирование\python\project\pythonProject1\programForTecher\client\static\GetClientData\UploadInServerClientCookie\ClientCookieData\settings.json
2026-08-29 at 22:53:34 | INFO | \static\GetClientData\UploadInServerClientCookie\ClientCookieData\settings.json
2026-08-29 at 22:53:34 | INFO | {'client_flag': True, 'Body': []}
2026-08-29 at 22:53:34 | INFO | T:\Н папка\програмирование\python\project\pythonProject1\programForTecher\admin\PassCutOff\settings.json
2026-08-29 at 22:53:34 | INFO | \PassCutOff\settings.json
2026-08-29 at 22:53:34 | INFO | {'Body': []}
2026-08-29 at 22:53:34 | INFO | T:\Н папка\програмирование\python\project\pythonProject1\programForTecher\admin\ImageResultScreen\imageSettings.json
2026-08-29 at 22:53:34 | INFO | \ImageResultScreen\imageSettings.json
2026-08-29 at 22:53:34 | INFO | {'Body': []}
2026-08-29 at 22:53:34 | INFO | T:\Н папка\програмирование\python\project\pythonProject1\programForTecher\admin\ListBlancQuestion\listBlancQuestion.json
2026-08-29 at 22:53:34 | INFO | \ListBlancQuestion\listBlancQuestion.json
2026-08-29 at 22:53:34 | INFO | {'Body': []}
2026-08-29 at 22:53:43 | INFO | T:\Н папка\програмирование\python\project\pythonProject1\programForTecher\admin\Log\appFileLog.log
2026-08-29 at 22:53:43 | INFO | T:\Н папка\програмирование\python\project\pythonProject1\programForTecher\admin
2026-08-29 at 22:53:43 | INFO | T:\Н папка\програмирование\python\project\pythonProject1\programForTecher\client
2026-08-29 at 22:53:43 | INFO | {'\\Cookie\\local_cookie.json': {'Body': {'time_check_updates': '17:22 22.08.26', 'value_Check': False}}, '\\question.json': {'Body': [{'Qst': {'question_name': 'Кто такой Патрин?', 'answer': ['Бугалтер', 'Директор'], 'right_answer': ['Преподаватель'], 'id': 1}}]}, '\\static\\GetClientData\\UploadInServerClientCookie\\ClientCookieData\\question.json': {'client_flag': True, 'Body': [{'Qst': {'question_name': 'Кто такой Патрин?', 'answer': ['Бухгалтер ', 'Директор'], 'right_answer': ['Преподаватель'], 'id': 1}}]}, '\\Settings\\SettingsPage\\settings_page.json': {'Body': [{'name': 'version', 'value': 2.1}, {'name': 'url for update', 'value': 'https://github.com/RustFarmer/Test/blob/main/update_url_file.json'}]}, '\\Settings\\UpdateProgram\\UpdateData\\update_url_file.json': {'Body': {'rarFile': 'https://github.com/RustFarmer/Rust-helper/raw/refs/heads/main/v5.1.rar'}}, '\\static\\GetClientData\\UploadInServerClientCookie\\ClientCookieData\\settings.json': {'client_flag': True, 'Body': []}, '\\PassCutOff\\settings.json': {'Body': []}, '\\ImageResultScreen\\imageSettings.json': {'Body': []}, '\\ListBlancQuestion\\listBlancQuestion.json': {'Body': []}}
2026-08-29 at 22:53:43 | INFO | <class 'pathlib.WindowsPath'>
2026-08-29 at 22:53:43 | INFO | T:\Н папка\програмирование\python\project\pythonProject1\programForTecher\admin
2026-08-29 at 22:53:43 | INFO | {'\\Cookie\\local_cookie.json': {'Body': {'time_check_updates': '17:22 22.08.26', 'value_Check': False}}, '\\question.json': {'Body': [{'Qst': {'question_name': 'Кто такой Патрин?', 'answer': ['Бугалтер', 'Директор'], 'right_answer': ['Преподаватель'], 'id': 1}}]}, '\\static\\GetClientData\\UploadInServerClientCookie\\ClientCookieData\\question.json': {'client_flag': True, 'Body': [{'Qst': {'question_name': 'Кто такой Патрин?', 'answer': ['Бухгалтер ', 'Директор'], 'right_answer': ['Преподаватель'], 'id': 1}}]}, '\\Settings\\SettingsPage\\settings_page.json': {'Body': [{'name': 'version', 'value': 2.1}, {'name': 'url for update', 'value': 'https://github.com/RustFarmer/Test/blob/main/update_url_file.json'}]}, '\\Settings\\UpdateProgram\\UpdateData\\update_url_file.json': {'Body': {'rarFile': 'https://github.com/RustFarmer/Rust-helper/raw/refs/heads/main/v5.1.rar'}}, '\\static\\GetClientData\\UploadInServerClientCookie\\ClientCookieData\\settings.json': {'client_flag': True, 'Body': []}, '\\PassCutOff\\settings.json': {'Body': []}, '\\ImageResultScreen\\imageSettings.json': {'Body': []}, '\\ListBlancQuestion\\listBlancQuestion.json': {'Body': []}}
2026-08-29 at 22:53:43 | INFO | {'\\Cookie\\local_cookie.json': {'Body': {'time_check_updates': '17:22 22.08.26', 'value_Check': False}}, '\\question.json': {'Body': [{'Qst': {'question_name': 'Кто такой Патрин?', 'answer': ['Бугалтер', 'Директор'], 'right_answer': ['Преподаватель'], 'id': 1}}]}, '\\static\\GetClientData\\UploadInServerClientCookie\\ClientCookieData\\question.json': {'client_flag': True, 'Body': [{'Qst': {'question_name': 'Кто такой Патрин?', 'answer': ['Бухгалтер ', 'Директор'], 'right_answer': ['Преподаватель'], 'id': 1}}]}, '\\Settings\\SettingsPage\\settings_page.json': {'Body': [{'name': 'version', 'value': 2.1}, {'name': 'url for update', 'value': 'https://github.com/RustFarmer/Test/blob/main/update_url_file.json'}]}, '\\Settings\\UpdateProgram\\UpdateData\\update_url_file.json': {'Body': {'rarFile': 'https://github.com/RustFarmer/Rust-helper/raw/refs/heads/main/v5.1.rar'}}, '\\static\\GetClientData\\UploadInServerClientCookie\\ClientCookieData\\settings.json': {'client_flag': True, 'Body': []}, '\\PassCutOff\\settings.json': {'Body': []}, '\\ImageResultScreen\\imageSettings.json': {'Body': []}, '\\ListBlancQuestion\\listBlancQuestion.json': {'Body': []}}
2026-08-29 at 22:53:43 | INFO | T:\Н папка\програмирование\python\project\pythonProject1\programForTecher\admin\Cookie\local_cookie.json
2026-08-29 at 22:53:43 | INFO | \Cookie\local_cookie.json
2026-08-29 at 22:53:43 | INFO | {'Body': {'time_check_updates': '17:22 22.08.26', 'value_Check': False}}
2026-08-29 at 22:53:43 | INFO | T:\Н папка\програмирование\python\project\pythonProject1\programForTecher\admin\question.json
2026-08-29 at 22:53:43 | INFO | \question.json
2026-08-29 at 22:53:43 | INFO | {'Body': [{'Qst': {'question_name': 'Кто такой Патрин?', 'answer': ['Бугалтер', 'Директор'], 'right_answer': ['Преподаватель'], 'id': 1}}]}
2026-08-29 at 22:53:43 | INFO | T:\Н папка\програмирование\python\project\pythonProject1\programForTecher\admin\static\GetClientData\UploadInServerClientCookie\ClientCookieData\question.json
2026-08-29 at 22:53:43 | INFO | T:\Н папка\програмирование\python\project\pythonProject1\programForTecher\client\static\GetClientData\UploadInServerClientCookie\ClientCookieData\question.json
2026-08-29 at 22:53:43 | INFO | \static\GetClientData\UploadInServerClientCookie\ClientCookieData\question.json
2026-08-29 at 22:53:43 | INFO | {'client_flag': True, 'Body': [{'Qst': {'question_name': 'Кто такой Патрин?', 'answer': ['Бухгалтер ', 'Директор'], 'right_answer': ['Преподаватель'], 'id': 1}}]}
2026-08-29 at 22:53:43 | INFO | T:\Н папка\програмирование\python\project\pythonProject1\programForTecher\admin\Settings\SettingsPage\settings_page.json
2026-08-29 at 22:53:43 | INFO | \Settings\SettingsPage\settings_page.json
2026-08-29 at 22:53:43 | INFO | {'Body': [{'name': 'version', 'value': 2.1}, {'name': 'url for update', 'value': 'https://github.com/RustFarmer/Test/blob/main/update_url_file.json'}]}
2026-08-29 at 22:53:43 | INFO | T:\Н папка\програмирование\python\project\pythonProject1\programForTecher\admin\Settings\UpdateProgram\UpdateData\update_url_file.json
2026-08-29 at 22:53:43 | INFO | \Settings\UpdateProgram\UpdateData\update_url_file.json
2026-08-29 at 22:53:43 | INFO | {'Body': {'rarFile': 'https://github.com/RustFarmer/Rust-helper/raw/refs/heads/main/v5.1.rar'}}
2026-08-29 at 22:53:43 | INFO | T:\Н папка\програмирование\python\project\pythonProject1\programForTecher\admin\static\GetClientData\UploadInServerClientCookie\ClientCookieData\settings.json
2026-08-29 at 22:53:43 | INFO | T:\Н папка\програмирование\python\project\pythonProject1\programForTecher\client\static\GetClientData\UploadInServerClientCookie\ClientCookieData\settings.json
2026-08-29 at 22:53:43 | INFO | \static\GetClientData\UploadInServerClientCookie\ClientCookieData\settings.json
2026-08-29 at 22:53:43 | INFO | {'client_flag': True, 'Body': []}
2026-08-29 at 22:53:43 | INFO | T:\Н папка\програмирование\python\project\pythonProject1\programForTecher\admin\PassCutOff\settings.json
2026-08-29 at 22:53:43 | INFO | \PassCutOff\settings.json
2026-08-29 at 22:53:43 | INFO | {'Body': []}
2026-08-29 at 22:53:43 | INFO | T:\Н папка\програмирование\python\project\pythonProject1\programForTecher\admin\ImageResultScreen\imageSettings.json
2026-08-29 at 22:53:43 | INFO | \ImageResultScreen\imageSettings.json
2026-08-29 at 22:53:43 | INFO | {'Body': []}
2026-08-29 at 22:53:43 | INFO | T:\Н папка\програмирование\python\project\pythonProject1\programForTecher\admin\ListBlancQuestion\listBlancQuestion.json
2026-08-29 at 22:53:43 | INFO | \ListBlancQuestion\listBlancQuestion.json
2026-08-29 at 22:53:43 | INFO | {'Body': []}
2026-08-29 at 22:53:59 | INFO | T:\Н папка\програмирование\python\project\pythonProject1\programForTecher\admin\Log\appFileLog.log
2026-08-29 at 22:53:59 | INFO | T:\Н папка\програмирование\python\project\pythonProject1\programForTecher\admin
2026-08-29 at 22:53:59 | INFO | T:\Н папка\програмирование\python\project\pythonProject1\programForTecher\client
2026-08-29 at 22:53:59 | INFO | {'\\Cookie\\local_cookie.json': {'Body': {'time_check_updates': '17:22 22.08.26', 'value_Check': False}}, '\\question.json': {'Body': [{'Qst': {'question_name': 'Кто такой Патрин?', 'answer': ['Бугалтер', 'Директор'], 'right_answer': ['Преподаватель'], 'id': 1}}]}, '\\static\\GetClientData\\UploadInServerClientCookie\\ClientCookieData\\question.json': {'client_flag': True, 'Body': [{'Qst': {'question_name': 'Кто такой Патрин?', 'answer': ['Бухгалтер ', 'Директор'], 'right_answer': ['Преподаватель'], 'id': 1}}]}, '\\Settings\\SettingsPage\\settings_page.json': {'Body': [{'name': 'version', 'value': 2.1}, {'name': 'url for update', 'value': 'https://github.com/RustFarmer/Test/blob/main/update_url_file.json'}]}, '\\Settings\\UpdateProgram\\UpdateData\\update_url_file.json': {'Body': {'rarFile': 'https://github.com/RustFarmer/Rust-helper/raw/refs/heads/main/v5.1.rar'}}, '\\static\\GetClientData\\UploadInServerClientCookie\\ClientCookieData\\settings.json': {'client_flag': True, 'Body': []}, '\\PassCutOff\\settings.json': {'Body': []}, '\\ImageResultScreen\\imageSettings.json': {'Body': []}, '\\ListBlancQuestion\\listBlancQuestion.json': {'Body': []}}
2026-08-29 at 22:53:59 | INFO | <class 'pathlib.WindowsPath'>
2026-08-29 at 22:53:59 | INFO | T:\Н папка\програмирование\python\project\pythonProject1\programForTecher\admin
2026-08-29 at 22:53:59 | INFO | {'\\Cookie\\local_cookie.json': {'Body': {'time_check_updates': '17:22 22.08.26', 'value_Check': False}}, '\\question.json': {'Body': [{'Qst': {'question_name': 'Кто такой Патрин?', 'answer': ['Бугалтер', 'Директор'], 'right_answer': ['Преподаватель'], 'id': 1}}]}, '\\static\\GetClientData\\UploadInServerClientCookie\\ClientCookieData\\question.json': {'client_flag': True, 'Body': [{'Qst': {'question_name': 'Кто такой Патрин?', 'answer': ['Бухгалтер ', 'Директор'], 'right_answer': ['Преподаватель'], 'id': 1}}]}, '\\Settings\\SettingsPage\\settings_page.json': {'Body': [{'name': 'version', 'value': 2.1}, {'name': 'url for update', 'value': 'https://github.com/RustFarmer/Test/blob/main/update_url_file.json'}]}, '\\Settings\\UpdateProgram\\UpdateData\\update_url_file.json': {'Body': {'rarFile': 'https://github.com/RustFarmer/Rust-helper/raw/refs/heads/main/v5.1.rar'}}, '\\static\\GetClientData\\UploadInServerClientCookie\\ClientCookieData\\settings.json': {'client_flag': True, 'Body': []}, '\\PassCutOff\\settings.json': {'Body': []}, '\\ImageResultScreen\\imageSettings.json': {'Body': []}, '\\ListBlancQuestion\\listBlancQuestion.json': {'Body': []}}
2026-08-29 at 22:53:59 | INFO | {'\\Cookie\\local_cookie.json': {'Body': {'time_check_updates': '17:22 22.08.26', 'value_Check': False}}, '\\question.json': {'Body': [{'Qst': {'question_name': 'Кто такой Патрин?', 'answer': ['Бугалтер', 'Директор'], 'right_answer': ['Преподаватель'], 'id': 1}}]}, '\\static\\GetClientData\\UploadInServerClientCookie\\ClientCookieData\\question.json': {'client_flag': True, 'Body': [{'Qst': {'question_name': 'Кто такой Патрин?', 'answer': ['Бухгалтер ', 'Директор'], 'right_answer': ['Преподаватель'], 'id': 1}}]}, '\\Settings\\SettingsPage\\settings_page.json': {'Body': [{'name': 'version', 'value': 2.1}, {'name': 'url for update', 'value': 'https://github.com/RustFarmer/Test/blob/main/update_url_file.json'}]}, '\\Settings\\UpdateProgram\\UpdateData\\update_url_file.json': {'Body': {'rarFile': 'https://github.com/RustFarmer/Rust-helper/raw/refs/heads/main/v5.1.rar'}}, '\\static\\GetClientData\\UploadInServerClientCookie\\ClientCookieData\\settings.json': {'client_flag': True, 'Body': []}, '\\PassCutOff\\settings.json': {'Body': []}, '\\ImageResultScreen\\imageSettings.json': {'Body': []}, '\\ListBlancQuestion\\listBlancQuestion.json': {'Body': []}}
2026-08-29 at 22:53:59 | INFO | T:\Н папка\програмирование\python\project\pythonProject1\programForTecher\admin\Cookie\local_cookie.json
2026-08-29 at 22:53:59 | INFO | \Cookie\local_cookie.json
2026-08-29 at 22:53:59 | INFO | {'Body': {'time_check_updates': '17:22 22.08.26', 'value_Check': False}}
2026-08-29 at 22:53:59 | INFO | T:\Н папка\програмирование\python\project\pythonProject1\programForTecher\admin\question.json
2026-08-29 at 22:53:59 | INFO | \question.json
2026-08-29 at 22:53:59 | INFO | {'Body': [{'Qst': {'question_name': 'Кто такой Патрин?', 'answer': ['Бугалтер', 'Директор'], 'right_answer': ['Преподаватель'], 'id': 1}}]}
2026-08-29 at 22:53:59 | INFO | T:\Н папка\програмирование\python\project\pythonProject1\programForTecher\admin\static\GetClientData\UploadInServerClientCookie\ClientCookieData\question.json
2026-08-29 at 22:53:59 | INFO | T:\Н папка\програмирование\python\project\pythonProject1\programForTecher\client\static\GetClientData\UploadInServerClientCookie\ClientCookieData\question.json
2026-08-29 at 22:53:59 | INFO | \static\GetClientData\UploadInServerClientCookie\ClientCookieData\question.json
2026-08-29 at 22:53:59 | INFO | {'client_flag': True, 'Body': [{'Qst': {'question_name': 'Кто такой Патрин?', 'answer': ['Бухгалтер ', 'Директор'], 'right_answer': ['Преподаватель'], 'id': 1}}]}
2026-08-29 at 22:53:59 | INFO | T:\Н папка\програмирование\python\project\pythonProject1\programForTecher\admin\Settings\SettingsPage\settings_page.json
2026-08-29 at 22:53:59 | INFO | \Settings\SettingsPage\settings_page.json
2026-08-29 at 22:53:59 | INFO | {'Body': [{'name': 'version', 'value': 2.1}, {'name': 'url for update', 'value': 'https://github.com/RustFarmer/Test/blob/main/update_url_file.json'}]}
2026-08-29 at 22:53:59 | INFO | T:\Н папка\програмирование\python\project\pythonProject1\programForTecher\admin\Settings\UpdateProgram\UpdateData\update_url_file.json
2026-08-29 at 22:53:59 | INFO | \Settings\UpdateProgram\UpdateData\update_url_file.json
2026-08-29 at 22:53:59 | INFO | {'Body': {'rarFile': 'https://github.com/RustFarmer/Rust-helper/raw/refs/heads/main/v5.1.rar'}}
2026-08-29 at 22:53:59 | INFO | T:\Н папка\програмирование\python\project\pythonProject1\programForTecher\admin\static\GetClientData\UploadInServerClientCookie\ClientCookieData\settings.json
2026-08-29 at 22:53:59 | INFO | T:\Н папка\програмирование\python\project\pythonProject1\programForTecher\client\static\GetClientData\UploadInServerClientCookie\ClientCookieData\settings.json
2026-08-29 at 22:53:59 | INFO | \static\GetClientData\UploadInServerClientCookie\ClientCookieData\settings.json
2026-08-29 at 22:53:59 | INFO | {'client_flag': True, 'Body': []}
2026-08-29 at 22:53:59 | INFO | T:\Н папка\програмирование\python\project\pythonProject1\programForTecher\admin\PassCutOff\settings.json
2026-08-29 at 22:53:59 | INFO | \PassCutOff\settings.json
2026-08-29 at 22:53:59 | INFO | {'Body': []}
2026-08-29 at 22:53:59 | INFO | T:\Н папка\програмирование\python\project\pythonProject1\programForTecher\admin\ImageResultScreen\imageSettings.json
2026-08-29 at 22:53:59 | INFO | \ImageResultScreen\imageSettings.json
2026-08-29 at 22:53:59 | INFO | {'Body': []}
2026-08-29 at 22:53:59 | INFO | T:\Н папка\програмирование\python\project\pythonProject1\programForTecher\admin\ListBlancQuestion\listBlancQuestion.json
2026-08-29 at 22:53:59 | INFO | \ListBlancQuestion\listBlancQuestion.json
2026-08-29 at 22:53:59 | INFO | {'Body': []}
2026-08-29 at 23:04:10 | INFO | T:\Н папка\програмирование\python\project\pythonProject1\programForTecher\admin\Log\appFileLog.log
2026-08-29 at 23:04:10 | INFO | T:\Н папка\програмирование\python\project\pythonProject1\programForTecher\admin
2026-08-29 at 23:04:10 | INFO | T:\Н папка\програмирование\python\project\pythonProject1\programForTecher\client
2026-08-29 at 23:04:10 | INFO | {'\\Cookie\\local_cookie.json': {'Body': {'time_check_updates': '17:22 22.08.26', 'value_Check': False}}, '\\question.json': {'Body': [{'Qst': {'question_name': 'Кто такой Патрин?', 'answer': ['Бугалтер', 'Директор'], 'right_answer': ['Преподаватель'], 'id': 1}}]}, '\\static\\GetClientData\\UploadInServerClientCookie\\ClientCookieData\\question.json': {'client_flag': True, 'Body': [{'Qst': {'question_name': 'Кто такой Патрин?', 'answer': ['Бухгалтер ', 'Директор'], 'right_answer': ['Преподаватель'], 'id': 1}}]}, '\\Settings\\SettingsPage\\settings_page.json': {'Body': [{'name': 'version', 'value': 2.1}, {'name': 'url for update', 'value': 'https://github.com/RustFarmer/Test/blob/main/update_url_file.json'}]}, '\\Settings\\UpdateProgram\\UpdateData\\update_url_file.json': {'Body': {'rarFile': 'https://github.com/RustFarmer/Rust-helper/raw/refs/heads/main/v5.1.rar'}}, '\\static\\GetClientData\\UploadInServerClientCookie\\ClientCookieData\\settings.json': {'client_flag': True, 'Body': []}, '\\PassCutOff\\settings.json': {'Body': []}, '\\ImageResultScreen\\imageSettings.json': {'Body': []}, '\\ListBlancQuestion\\listBlancQuestion.json': {'Body': []}}
2026-08-29 at 23:04:10 | INFO | <class 'pathlib.WindowsPath'>
2026-08-29 at 23:04:10 | INFO | T:\Н папка\програмирование\python\project\pythonProject1\programForTecher\admin
2026-08-29 at 23:04:10 | INFO | {'\\Cookie\\local_cookie.json': {'Body': {'time_check_updates': '17:22 22.08.26', 'value_Check': False}}, '\\question.json': {'Body': [{'Qst': {'question_name': 'Кто такой Патрин?', 'answer': ['Бугалтер', 'Директор'], 'right_answer': ['Преподаватель'], 'id': 1}}]}, '\\static\\GetClientData\\UploadInServerClientCookie\\ClientCookieData\\question.json': {'client_flag': True, 'Body': [{'Qst': {'question_name': 'Кто такой Патрин?', 'answer': ['Бухгалтер ', 'Директор'], 'right_answer': ['Преподаватель'], 'id': 1}}]}, '\\Settings\\SettingsPage\\settings_page.json': {'Body': [{'name': 'version', 'value': 2.1}, {'name': 'url for update', 'value': 'https://github.com/RustFarmer/Test/blob/main/update_url_file.json'}]}, '\\Settings\\UpdateProgram\\UpdateData\\update_url_file.json': {'Body': {'rarFile': 'https://github.com/RustFarmer/Rust-helper/raw/refs/heads/main/v5.1.rar'}}, '\\static\\GetClientData\\UploadInServerClientCookie\\ClientCookieData\\settings.json': {'client_flag': True, 'Body': []}, '\\PassCutOff\\settings.json': {'Body': []}, '\\ImageResultScreen\\imageSettings.json': {'Body': []}, '\\ListBlancQuestion\\listBlancQuestion.json': {'Body': []}}
2026-08-29 at 23:04:10 | INFO | {'\\Cookie\\local_cookie.json': {'Body': {'time_check_updates': '17:22 22.08.26', 'value_Check': False}}, '\\question.json': {'Body': [{'Qst': {'question_name': 'Кто такой Патрин?', 'answer': ['Бугалтер', 'Директор'], 'right_answer': ['Преподаватель'], 'id': 1}}]}, '\\static\\GetClientData\\UploadInServerClientCookie\\ClientCookieData\\question.json': {'client_flag': True, 'Body': [{'Qst': {'question_name': 'Кто такой Патрин?', 'answer': ['Бухгалтер ', 'Директор'], 'right_answer': ['Преподаватель'], 'id': 1}}]}, '\\Settings\\SettingsPage\\settings_page.json': {'Body': [{'name': 'version', 'value': 2.1}, {'name': 'url for update', 'value': 'https://github.com/RustFarmer/Test/blob/main/update_url_file.json'}]}, '\\Settings\\UpdateProgram\\UpdateData\\update_url_file.json': {'Body': {'rarFile': 'https://github.com/RustFarmer/Rust-helper/raw/refs/heads/main/v5.1.rar'}}, '\\static\\GetClientData\\UploadInServerClientCookie\\ClientCookieData\\settings.json': {'client_flag': True, 'Body': []}, '\\PassCutOff\\settings.json': {'Body': []}, '\\ImageResultScreen\\imageSettings.json': {'Body': []}, '\\ListBlancQuestion\\listBlancQuestion.json': {'Body': []}}
2026-08-29 at 23:04:10 | INFO | T:\Н папка\програмирование\python\project\pythonProject1\programForTecher\admin\Cookie\local_cookie.json
2026-08-29 at 23:04:10 | INFO | \Cookie\local_cookie.json
2026-08-29 at 23:04:10 | INFO | {'Body': {'time_check_updates': '17:22 22.08.26', 'value_Check': False}}
2026-08-29 at 23:04:10 | INFO | T:\Н папка\програмирование\python\project\pythonProject1\programForTecher\admin\question.json
2026-08-29 at 23:04:10 | INFO | \question.json
2026-08-29 at 23:04:10 | INFO | {'Body': [{'Qst': {'question_name': 'Кто такой Патрин?', 'answer': ['Бугалтер', 'Директор'], 'right_answer': ['Преподаватель'], 'id': 1}}]}
2026-08-29 at 23:04:10 | INFO | T:\Н папка\програмирование\python\project\pythonProject1\programForTecher\admin\static\GetClientData\UploadInServerClientCookie\ClientCookieData\question.json
2026-08-29 at 23:04:10 | INFO | T:\Н папка\програмирование\python\project\pythonProject1\programForTecher\client\static\GetClientData\UploadInServerClientCookie\ClientCookieData\question.json
2026-08-29 at 23:04:10 | INFO | \static\GetClientData\UploadInServerClientCookie\ClientCookieData\question.json
2026-08-29 at 23:04:10 | INFO | {'client_flag': True, 'Body': [{'Qst': {'question_name': 'Кто такой Патрин?', 'answer': ['Бухгалтер ', 'Директор'], 'right_answer': ['Преподаватель'], 'id': 1}}]}
2026-08-29 at 23:04:10 | INFO | T:\Н папка\програмирование\python\project\pythonProject1\programForTecher\admin\Settings\SettingsPage\settings_page.json
2026-08-29 at 23:04:10 | INFO | \Settings\SettingsPage\settings_page.json
2026-08-29 at 23:04:10 | INFO | {'Body': [{'name': 'version', 'value': 2.1}, {'name': 'url for update', 'value': 'https://github.com/RustFarmer/Test/blob/main/update_url_file.json'}]}
2026-08-29 at 23:04:10 | INFO | T:\Н папка\програмирование\python\project\pythonProject1\programForTecher\admin\Settings\UpdateProgram\UpdateData\update_url_file.json
2026-08-29 at 23:04:10 | INFO | \Settings\UpdateProgram\UpdateData\update_url_file.json
2026-08-29 at 23:04:10 | INFO | {'Body': {'rarFile': 'https://github.com/RustFarmer/Rust-helper/raw/refs/heads/main/v5.1.rar'}}
2026-08-29 at 23:04:10 | INFO | T:\Н папка\програмирование\python\project\pythonProject1\programForTecher\admin\static\GetClientData\UploadInServerClientCookie\ClientCookieData\settings.json
2026-08-29 at 23:04:10 | INFO | T:\Н папка\програмирование\python\project\pythonProject1\programForTecher\client\static\GetClientData\UploadInServerClientCookie\ClientCookieData\settings.json
2026-08-29 at 23:04:10 | INFO | \static\GetClientData\UploadInServerClientCookie\ClientCookieData\settings.json
2026-08-29 at 23:04:10 | INFO | {'client_flag': True, 'Body': []}
2026-08-29 at 23:04:10 | INFO | T:\Н папка\програмирование\python\project\pythonProject1\programForTecher\admin\PassCutOff\settings.json
2026-08-29 at 23:04:10 | INFO | \PassCutOff\settings.json
2026-08-29 at 23:04:10 | INFO | {'Body': []}
2026-08-29 at 23:04:10 | INFO | T:\Н папка\програмирование\python\project\pythonProject1\programForTecher\admin\ImageResultScreen\imageSettings.json
2026-08-29 at 23:04:10 | INFO | \ImageResultScreen\imageSettings.json
2026-08-29 at 23:04:10 | INFO | {'Body': []}
2026-08-29 at 23:04:10 | INFO | T:\Н папка\програмирование\python\project\pythonProject1\programForTecher\admin\ListBlancQuestion\listBlancQuestion.json
2026-08-29 at 23:04:10 | INFO | \ListBlancQuestion\listBlancQuestion.json
2026-08-29 at 23:04:10 | INFO | {'Body': []}
2026-08-29 at 23:06:34 | INFO | T:\Н папка\програмирование\python\project\pythonProject1\programForTecher\admin\Log\appFileLog.log
2026-08-29 at 23:06:34 | INFO | T:\Н папка\програмирование\python\project\pythonProject1\programForTecher\admin
2026-08-29 at 23:06:34 | INFO | T:\Н папка\програмирование\python\project\pythonProject1\programForTecher\client
2026-08-29 at 23:06:34 | INFO | {'\\Cookie\\local_cookie.json': {'Body': {'time_check_updates': '17:22 22.08.26', 'value_Check': False}}, '\\question.json': {'Body': [{'Qst': {'question_name': 'Кто такой Патрин?', 'answer': ['Бугалтер', 'Директор'], 'right_answer': ['Преподаватель'], 'id': 1}}]}, '\\static\\GetClientData\\UploadInServerClientCookie\\ClientCookieData\\question.json': {'client_flag': True, 'Body': [{'Qst': {'question_name': 'Кто такой Патрин?', 'answer': ['Бухгалтер ', 'Директор'], 'right_answer': ['Преподаватель'], 'id': 1}}]}, '\\Settings\\SettingsPage\\settings_page.json': {'Body': [{'name': 'version', 'value': 2.1}, {'name': 'url for update', 'value': 'https://github.com/RustFarmer/Test/blob/main/update_url_file.json'}]}, '\\Settings\\UpdateProgram\\UpdateData\\update_url_file.json': {'Body': {'rarFile': 'https://github.com/RustFarmer/Rust-helper/raw/refs/heads/main/v5.1.rar'}}, '\\static\\GetClientData\\UploadInServerClientCookie\\ClientCookieData\\settings.json': {'client_flag': True, 'Body': []}, '\\PassCutOff\\settings.json': {'Body': []}, '\\ImageResultScreen\\imageSettings.json': {'Body': []}, '\\ListBlancQuestion\\listBlancQuestion.json': {'Body': []}}
2026-08-29 at 23:06:34 | INFO | <class 'pathlib.WindowsPath'>
2026-08-29 at 23:06:34 | INFO | T:\Н папка\програмирование\python\project\pythonProject1\programForTecher\admin
2026-08-29 at 23:06:34 | INFO | {'\\Cookie\\local_cookie.json': {'Body': {'time_check_updates': '17:22 22.08.26', 'value_Check': False}}, '\\question.json': {'Body': [{'Qst': {'question_name': 'Кто такой Патрин?', 'answer': ['Бугалтер', 'Директор'], 'right_answer': ['Преподаватель'], 'id': 1}}]}, '\\static\\GetClientData\\UploadInServerClientCookie\\ClientCookieData\\question.json': {'client_flag': True, 'Body': [{'Qst': {'question_name': 'Кто такой Патрин?', 'answer': ['Бухгалтер ', 'Директор'], 'right_answer': ['Преподаватель'], 'id': 1}}]}, '\\Settings\\SettingsPage\\settings_page.json': {'Body': [{'name': 'version', 'value': 2.1}, {'name': 'url for update', 'value': 'https://github.com/RustFarmer/Test/blob/main/update_url_file.json'}]}, '\\Settings\\UpdateProgram\\UpdateData\\update_url_file.json': {'Body': {'rarFile': 'https://github.com/RustFarmer/Rust-helper/raw/refs/heads/main/v5.1.rar'}}, '\\static\\GetClientData\\UploadInServerClientCookie\\ClientCookieData\\settings.json': {'client_flag': True, 'Body': []}, '\\PassCutOff\\settings.json': {'Body': []}, '\\ImageResultScreen\\imageSettings.json': {'Body': []}, '\\ListBlancQuestion\\listBlancQuestion.json': {'Body': []}}
2026-08-29 at 23:06:34 | INFO | {'\\Cookie\\local_cookie.json': {'Body': {'time_check_updates': '17:22 22.08.26', 'value_Check': False}}, '\\question.json': {'Body': [{'Qst': {'question_name': 'Кто такой Патрин?', 'answer': ['Бугалтер', 'Директор'], 'right_answer': ['Преподаватель'], 'id': 1}}]}, '\\static\\GetClientData\\UploadInServerClientCookie\\ClientCookieData\\question.json': {'client_flag': True, 'Body': [{'Qst': {'question_name': 'Кто такой Патрин?', 'answer': ['Бухгалтер ', 'Директор'], 'right_answer': ['Преподаватель'], 'id': 1}}]}, '\\Settings\\SettingsPage\\settings_page.json': {'Body': [{'name': 'version', 'value': 2.1}, {'name': 'url for update', 'value': 'https://github.com/RustFarmer/Test/blob/main/update_url_file.json'}]}, '\\Settings\\UpdateProgram\\UpdateData\\update_url_file.json': {'Body': {'rarFile': 'https://github.com/RustFarmer/Rust-helper/raw/refs/heads/main/v5.1.rar'}}, '\\static\\GetClientData\\UploadInServerClientCookie\\ClientCookieData\\settings.json': {'client_flag': True, 'Body': []}, '\\PassCutOff\\settings.json': {'Body': []}, '\\ImageResultScreen\\imageSettings.json': {'Body': []}, '\\ListBlancQuestion\\listBlancQuestion.json': {'Body': []}}
2026-08-29 at 23:06:34 | INFO | T:\Н папка\програмирование\python\project\pythonProject1\programForTecher\admin\Cookie\local_cookie.json
2026-08-29 at 23:06:34 | INFO | \Cookie\local_cookie.json
2026-08-29 at 23:06:34 | INFO | {'Body': {'time_check_updates': '17:22 22.08.26', 'value_Check': False}}
2026-08-29 at 23:06:34 | INFO | T:\Н папка\програмирование\python\project\pythonProject1\programForTecher\admin\question.json
2026-08-29 at 23:06:34 | INFO | \question.json
2026-08-29 at 23:06:34 | INFO | {'Body': [{'Qst': {'question_name': 'Кто такой Патрин?', 'answer': ['Бугалтер', 'Директор'], 'right_answer': ['Преподаватель'], 'id': 1}}]}
2026-08-29 at 23:06:34 | INFO | T:\Н папка\програмирование\python\project\pythonProject1\programForTecher\admin\static\GetClientData\UploadInServerClientCookie\ClientCookieData\question.json
2026-08-29 at 23:06:34 | INFO | T:\Н папка\програмирование\python\project\pythonProject1\programForTecher\client\static\GetClientData\UploadInServerClientCookie\ClientCookieData\question.json
2026-08-29 at 23:06:34 | INFO | \static\GetClientData\UploadInServerClientCookie\ClientCookieData\question.json
2026-08-29 at 23:06:34 | INFO | {'client_flag': True, 'Body': [{'Qst': {'question_name': 'Кто такой Патрин?', 'answer': ['Бухгалтер ', 'Директор'], 'right_answer': ['Преподаватель'], 'id': 1}}]}
2026-08-29 at 23:06:34 | INFO | T:\Н папка\програмирование\python\project\pythonProject1\programForTecher\admin\Settings\SettingsPage\settings_page.json
2026-08-29 at 23:06:34 | INFO | \Settings\SettingsPage\settings_page.json
2026-08-29 at 23:06:34 | INFO | {'Body': [{'name': 'version', 'value': 2.1}, {'name': 'url for update', 'value': 'https://github.com/RustFarmer/Test/blob/main/update_url_file.json'}]}
2026-08-29 at 23:06:34 | INFO | T:\Н папка\програмирование\python\project\pythonProject1\programForTecher\admin\Settings\UpdateProgram\UpdateData\update_url_file.json
2026-08-29 at 23:06:34 | INFO | \Settings\UpdateProgram\UpdateData\update_url_file.json
2026-08-29 at 23:06:34 | INFO | {'Body': {'rarFile': 'https://github.com/RustFarmer/Rust-helper/raw/refs/heads/main/v5.1.rar'}}
2026-08-29 at 23:06:34 | INFO | T:\Н папка\програмирование\python\project\pythonProject1\programForTecher\admin\static\GetClientData\UploadInServerClientCookie\ClientCookieData\settings.json
2026-08-29 at 23:06:34 | INFO | T:\Н папка\програмирование\python\project\pythonProject1\programForTecher\client\static\GetClientData\UploadInServerClientCookie\ClientCookieData\settings.json
2026-08-29 at 23:06:34 | INFO | \static\GetClientData\UploadInServerClientCookie\ClientCookieData\settings.json
2026-08-29 at 23:06:34 | INFO | {'client_flag': True, 'Body': []}
2026-08-29 at 23:06:34 | INFO | T:\Н папка\програмирование\python\project\pythonProject1\programForTecher\admin\PassCutOff\settings.json
2026-08-29 at 23:06:34 | INFO | \PassCutOff\settings.json
2026-08-29 at 23:06:34 | INFO | {'Body': []}
2026-08-29 at 23:06:34 | INFO | T:\Н папка\програмирование\python\project\pythonProject1\programForTecher\admin\ImageResultScreen\imageSettings.json
2026-08-29 at 23:06:34 | INFO | \ImageResultScreen\imageSettings.json
2026-08-29 at 23:06:34 | INFO | {'Body': []}
2026-08-29 at 23:06:34 | INFO | T:\Н папка\програмирование\python\project\pythonProject1\programForTecher\admin\ListBlancQuestion\listBlancQuestion.json
2026-08-29 at 23:06:34 | INFO | \ListBlancQuestion\listBlancQuestion.json
2026-08-29 at 23:06:34 | INFO | {'Body': []}
2026-08-29 at 23:12:32 | INFO | T:\Н папка\програмирование\python\project\pythonProject1\programForTecher\admin\Log\appFileLog.log
2026-08-29 at 23:12:32 | INFO | T:\Н папка\програмирование\python\project\pythonProject1\programForTecher\admin
2026-08-29 at 23:12:32 | INFO | T:\Н папка\програмирование\python\project\pythonProject1\programForTecher\client
2026-08-29 at 23:12:32 | INFO | {'\\Cookie\\local_cookie.json': {'Body': {'time_check_updates': '17:22 22.08.26', 'value_Check': False}}, '\\question.json': {'Body': [{'Qst': {'question_name': 'Кто такой Патрин?', 'answer': ['Бугалтер', 'Директор'], 'right_answer': ['Преподаватель'], 'id': 1}}]}, '\\static\\GetClientData\\UploadInServerClientCookie\\ClientCookieData\\question.json': {'client_flag': True, 'Body': [{'Qst': {'question_name': 'Кто такой Патрин?', 'answer': ['Бухгалтер ', 'Директор'], 'right_answer': ['Преподаватель'], 'id': 1}}]}, '\\Settings\\SettingsPage\\settings_page.json': {'Body': [{'name': 'version', 'value': 2.1}, {'name': 'url for update', 'value': 'https://github.com/RustFarmer/Test/blob/main/update_url_file.json'}]}, '\\Settings\\UpdateProgram\\UpdateData\\update_url_file.json': {'Body': {'rarFile': 'https://github.com/RustFarmer/Rust-helper/raw/refs/heads/main/v5.1.rar'}}, '\\static\\GetClientData\\UploadInServerClientCookie\\ClientCookieData\\settings.json': {'client_flag': True, 'Body': []}, '\\PassCutOff\\settings.json': {'Body': []}, '\\ImageResultScreen\\imageSettings.json': {'Body': []}, '\\ListBlancQuestion\\listBlancQuestion.json': {'Body': []}}
2026-08-29 at 23:12:32 | INFO | <class 'pathlib.WindowsPath'>
2026-08-29 at 23:12:32 | INFO | T:\Н папка\програмирование\python\project\pythonProject1\programForTecher\admin
2026-08-29 at 23:12:32 | INFO | {'\\Cookie\\local_cookie.json': {'Body': {'time_check_updates': '17:22 22.08.26', 'value_Check': False}}, '\\question.json': {'Body': [{'Qst': {'question_name': 'Кто такой Патрин?', 'answer': ['Бугалтер', 'Директор'], 'right_answer': ['Преподаватель'], 'id': 1}}]}, '\\static\\GetClientData\\UploadInServerClientCookie\\ClientCookieData\\question.json': {'client_flag': True, 'Body': [{'Qst': {'question_name': 'Кто такой Патрин?', 'answer': ['Бухгалтер ', 'Директор'], 'right_answer': ['Преподаватель'], 'id': 1}}]}, '\\Settings\\SettingsPage\\settings_page.json': {'Body': [{'name': 'version', 'value': 2.1}, {'name': 'url for update', 'value': 'https://github.com/RustFarmer/Test/blob/main/update_url_file.json'}]}, '\\Settings\\UpdateProgram\\UpdateData\\update_url_file.json': {'Body': {'rarFile': 'https://github.com/RustFarmer/Rust-helper/raw/refs/heads/main/v5.1.rar'}}, '\\static\\GetClientData\\UploadInServerClientCookie\\ClientCookieData\\settings.json': {'client_flag': True, 'Body': []}, '\\PassCutOff\\settings.json': {'Body': []}, '\\ImageResultScreen\\imageSettings.json': {'Body': []}, '\\ListBlancQuestion\\listBlancQuestion.json': {'Body': []}}
2026-08-29 at 23:12:32 | INFO | {'\\Cookie\\local_cookie.json': {'Body': {'time_check_updates': '17:22 22.08.26', 'value_Check': False}}, '\\question.json': {'Body': [{'Qst': {'question_name': 'Кто такой Патрин?', 'answer': ['Бугалтер', 'Директор'], 'right_answer': ['Преподаватель'], 'id': 1}}]}, '\\static\\GetClientData\\UploadInServerClientCookie\\ClientCookieData\\question.json': {'client_flag': True, 'Body': [{'Qst': {'question_name': 'Кто такой Патрин?', 'answer': ['Бухгалтер ', 'Директор'], 'right_answer': ['Преподаватель'], 'id': 1}}]}, '\\Settings\\SettingsPage\\settings_page.json': {'Body': [{'name': 'version', 'value': 2.1}, {'name': 'url for update', 'value': 'https://github.com/RustFarmer/Test/blob/main/update_url_file.json'}]}, '\\Settings\\UpdateProgram\\UpdateData\\update_url_file.json': {'Body': {'rarFile': 'https://github.com/RustFarmer/Rust-helper/raw/refs/heads/main/v5.1.rar'}}, '\\static\\GetClientData\\UploadInServerClientCookie\\ClientCookieData\\settings.json': {'client_flag': True, 'Body': []}, '\\PassCutOff\\settings.json': {'Body': []}, '\\ImageResultScreen\\imageSettings.json': {'Body': []}, '\\ListBlancQuestion\\listBlancQuestion.json': {'Body': []}}
2026-08-29 at 23:12:32 | INFO | T:\Н папка\програмирование\python\project\pythonProject1\programForTecher\admin\Cookie\local_cookie.json
2026-08-29 at 23:12:32 | INFO | \Cookie\local_cookie.json
2026-08-29 at 23:12:32 | INFO | {'Body': {'time_check_updates': '17:22 22.08.26', 'value_Check': False}}
2026-08-29 at 23:12:32 | INFO | T:\Н папка\програмирование\python\project\pythonProject1\programForTecher\admin\question.json
2026-08-29 at 23:12:32 | INFO | \question.json
2026-08-29 at 23:12:32 | INFO | {'Body': [{'Qst': {'question_name': 'Кто такой Патрин?', 'answer': ['Бугалтер', 'Директор'], 'right_answer': ['Преподаватель'], 'id': 1}}]}
2026-08-29 at 23:12:32 | INFO | T:\Н папка\програмирование\python\project\pythonProject1\programForTecher\admin\static\GetClientData\UploadInServerClientCookie\ClientCookieData\question.json
2026-08-29 at 23:12:32 | INFO | T:\Н папка\програмирование\python\project\pythonProject1\programForTecher\client\static\GetClientData\UploadInServerClientCookie\ClientCookieData\question.json
2026-08-29 at 23:12:32 | INFO | \static\GetClientData\UploadInServerClientCookie\ClientCookieData\question.json
2026-08-29 at 23:12:32 | INFO | {'client_flag': True, 'Body': [{'Qst': {'question_name': 'Кто такой Патрин?', 'answer': ['Бухгалтер ', 'Директор'], 'right_answer': ['Преподаватель'], 'id': 1}}]}
2026-08-29 at 23:12:32 | INFO | T:\Н папка\програмирование\python\project\pythonProject1\programForTecher\admin\Settings\SettingsPage\settings_page.json
2026-08-29 at 23:12:32 | INFO | \Settings\SettingsPage\settings_page.json
2026-08-29 at 23:12:32 | INFO | {'Body': [{'name': 'version', 'value': 2.1}, {'name': 'url for update', 'value': 'https://github.com/RustFarmer/Test/blob/main/update_url_file.json'}]}
2026-08-29 at 23:12:32 | INFO | T:\Н папка\програмирование\python\project\pythonProject1\programForTecher\admin\Settings\UpdateProgram\UpdateData\update_url_file.json
2026-08-29 at 23:12:32 | INFO | \Settings\UpdateProgram\UpdateData\update_url_file.json
2026-08-29 at 23:12:32 | INFO | {'Body': {'rarFile': 'https://github.com/RustFarmer/Rust-helper/raw/refs/heads/main/v5.1.rar'}}
2026-08-29 at 23:12:32 | INFO | T:\Н папка\програмирование\python\project\pythonProject1\programForTecher\admin\static\GetClientData\UploadInServerClientCookie\ClientCookieData\settings.json
2026-08-29 at 23:12:32 | INFO | T:\Н папка\програмирование\python\project\pythonProject1\programForTecher\client\static\GetClientData\UploadInServerClientCookie\ClientCookieData\settings.json
2026-08-29 at 23:12:32 | INFO | \static\GetClientData\UploadInServerClientCookie\ClientCookieData\settings.json
2026-08-29 at 23:12:32 | INFO | {'client_flag': True, 'Body': []}
2026-08-29 at 23:12:32 | INFO | T:\Н папка\програмирование\python\project\pythonProject1\programForTecher\admin\PassCutOff\settings.json
2026-08-29 at 23:12:32 | INFO | \PassCutOff\settings.json
2026-08-29 at 23:12:32 | INFO | {'Body': []}
2026-08-29 at 23:12:32 | INFO | T:\Н папка\програмирование\python\project\pythonProject1\programForTecher\admin\ImageResultScreen\imageSettings.json
2026-08-29 at 23:12:32 | INFO | \ImageResultScreen\imageSettings.json
2026-08-29 at 23:12:32 | INFO | {'Body': []}
2026-08-29 at 23:12:32 | INFO | T:\Н папка\програмирование\python\project\pythonProject1\programForTecher\admin\ListBlancQuestion\listBlancQuestion.json
2026-08-29 at 23:12:32 | INFO | \ListBlancQuestion\listBlancQuestion.json
2026-08-29 at 23:12:32 | INFO | {'Body': []}
2026-08-29 at 23:12:48 | INFO | T:\Н папка\програмирование\python\project\pythonProject1\programForTecher\admin\Log\appFileLog.log
2026-08-29 at 23:12:48 | INFO | T:\Н папка\програмирование\python\project\pythonProject1\programForTecher\admin
2026-08-29 at 23:12:48 | INFO | T:\Н папка\програмирование\python\project\pythonProject1\programForTecher\client
2026-08-29 at 23:12:48 | INFO | {'\\Cookie\\local_cookie.json': {'Body': {'time_check_updates': '17:22 22.08.26', 'value_Check': False}}, '\\question.json': {'Body': [{'Qst': {'question_name': 'Кто такой Патрин?', 'answer': ['Бугалтер', 'Директор'], 'right_answer': ['Преподаватель'], 'id': 1}}]}, '\\static\\GetClientData\\UploadInServerClientCookie\\ClientCookieData\\question.json': {'client_flag': True, 'Body': [{'Qst': {'question_name': 'Кто такой Патрин?', 'answer': ['Бухгалтер ', 'Директор'], 'right_answer': ['Преподаватель'], 'id': 1}}]}, '\\Settings\\SettingsPage\\settings_page.json': {'Body': [{'name': 'version', 'value': 2.1}, {'name': 'url for update', 'value': 'https://github.com/RustFarmer/Test/blob/main/update_url_file.json'}]}, '\\Settings\\UpdateProgram\\UpdateData\\update_url_file.json': {'Body': {'rarFile': 'https://github.com/RustFarmer/Rust-helper/raw/refs/heads/main/v5.1.rar'}}, '\\static\\GetClientData\\UploadInServerClientCookie\\ClientCookieData\\settings.json': {'client_flag': True, 'Body': []}, '\\PassCutOff\\settings.json': {'Body': []}, '\\ImageResultScreen\\imageSettings.json': {'Body': []}, '\\ListBlancQuestion\\listBlancQuestion.json': {'Body': []}}
2026-08-29 at 23:12:48 | INFO | <class 'pathlib.WindowsPath'>
2026-08-29 at 23:12:48 | INFO | T:\Н папка\програмирование\python\project\pythonProject1\programForTecher\admin
2026-08-29 at 23:12:48 | INFO | {'\\Cookie\\local_cookie.json': {'Body': {'time_check_updates': '17:22 22.08.26', 'value_Check': False}}, '\\question.json': {'Body': [{'Qst': {'question_name': 'Кто такой Патрин?', 'answer': ['Бугалтер', 'Директор'], 'right_answer': ['Преподаватель'], 'id': 1}}]}, '\\static\\GetClientData\\UploadInServerClientCookie\\ClientCookieData\\question.json': {'client_flag': True, 'Body': [{'Qst': {'question_name': 'Кто такой Патрин?', 'answer': ['Бухгалтер ', 'Директор'], 'right_answer': ['Преподаватель'], 'id': 1}}]}, '\\Settings\\SettingsPage\\settings_page.json': {'Body': [{'name': 'version', 'value': 2.1}, {'name': 'url for update', 'value': 'https://github.com/RustFarmer/Test/blob/main/update_url_file.json'}]}, '\\Settings\\UpdateProgram\\UpdateData\\update_url_file.json': {'Body': {'rarFile': 'https://github.com/RustFarmer/Rust-helper/raw/refs/heads/main/v5.1.rar'}}, '\\static\\GetClientData\\UploadInServerClientCookie\\ClientCookieData\\settings.json': {'client_flag': True, 'Body': []}, '\\PassCutOff\\settings.json': {'Body': []}, '\\ImageResultScreen\\imageSettings.json': {'Body': []}, '\\ListBlancQuestion\\listBlancQuestion.json': {'Body': []}}
2026-08-29 at 23:12:48 | INFO | {'\\Cookie\\local_cookie.json': {'Body': {'time_check_updates': '17:22 22.08.26', 'value_Check': False}}, '\\question.json': {'Body': [{'Qst': {'question_name': 'Кто такой Патрин?', 'answer': ['Бугалтер', 'Директор'], 'right_answer': ['Преподаватель'], 'id': 1}}]}, '\\static\\GetClientData\\UploadInServerClientCookie\\ClientCookieData\\question.json': {'client_flag': True, 'Body': [{'Qst': {'question_name': 'Кто такой Патрин?', 'answer': ['Бухгалтер ', 'Директор'], 'right_answer': ['Преподаватель'], 'id': 1}}]}, '\\Settings\\SettingsPage\\settings_page.json': {'Body': [{'name': 'version', 'value': 2.1}, {'name': 'url for update', 'value': 'https://github.com/RustFarmer/Test/blob/main/update_url_file.json'}]}, '\\Settings\\UpdateProgram\\UpdateData\\update_url_file.json': {'Body': {'rarFile': 'https://github.com/RustFarmer/Rust-helper/raw/refs/heads/main/v5.1.rar'}}, '\\static\\GetClientData\\UploadInServerClientCookie\\ClientCookieData\\settings.json': {'client_flag': True, 'Body': []}, '\\PassCutOff\\settings.json': {'Body': []}, '\\ImageResultScreen\\imageSettings.json': {'Body': []}, '\\ListBlancQuestion\\listBlancQuestion.json': {'Body': []}}
2026-08-29 at 23:12:48 | INFO | T:\Н папка\програмирование\python\project\pythonProject1\programForTecher\admin\Cookie\local_cookie.json
2026-08-29 at 23:12:48 | INFO | \Cookie\local_cookie.json
2026-08-29 at 23:12:48 | INFO | {'Body': {'time_check_updates': '17:22 22.08.26', 'value_Check': False}}
2026-08-29 at 23:12:48 | INFO | T:\Н папка\програмирование\python\project\pythonProject1\programForTecher\admin\question.json
2026-08-29 at 23:12:48 | INFO | \question.json
2026-08-29 at 23:12:48 | INFO | {'Body': [{'Qst': {'question_name': 'Кто такой Патрин?', 'answer': ['Бугалтер', 'Директор'], 'right_answer': ['Преподаватель'], 'id': 1}}]}
2026-08-29 at 23:12:48 | INFO | T:\Н папка\програмирование\python\project\pythonProject1\programForTecher\admin\static\GetClientData\UploadInServerClientCookie\ClientCookieData\question.json
2026-08-29 at 23:12:48 | INFO | T:\Н папка\програмирование\python\project\pythonProject1\programForTecher\client\static\GetClientData\UploadInServerClientCookie\ClientCookieData\question.json
2026-08-29 at 23:12:48 | INFO | \static\GetClientData\UploadInServerClientCookie\ClientCookieData\question.json
2026-08-29 at 23:12:48 | INFO | {'client_flag': True, 'Body': [{'Qst': {'question_name': 'Кто такой Патрин?', 'answer': ['Бухгалтер ', 'Директор'], 'right_answer': ['Преподаватель'], 'id': 1}}]}
2026-08-29 at 23:12:48 | INFO | T:\Н папка\програмирование\python\project\pythonProject1\programForTecher\admin\Settings\SettingsPage\settings_page.json
2026-08-29 at 23:12:48 | INFO | \Settings\SettingsPage\settings_page.json
2026-08-29 at 23:12:48 | INFO | {'Body': [{'name': 'version', 'value': 2.1}, {'name': 'url for update', 'value': 'https://github.com/RustFarmer/Test/blob/main/update_url_file.json'}]}
2026-08-29 at 23:12:48 | INFO | T:\Н папка\програмирование\python\project\pythonProject1\programForTecher\admin\Settings\UpdateProgram\UpdateData\update_url_file.json
2026-08-29 at 23:12:48 | INFO | \Settings\UpdateProgram\UpdateData\update_url_file.json
2026-08-29 at 23:12:48 | INFO | {'Body': {'rarFile': 'https://github.com/RustFarmer/Rust-helper/raw/refs/heads/main/v5.1.rar'}}
2026-08-29 at 23:12:48 | INFO | T:\Н папка\програмирование\python\project\pythonProject1\programForTecher\admin\static\GetClientData\UploadInServerClientCookie\ClientCookieData\settings.json
2026-08-29 at 23:12:48 | INFO | T:\Н папка\програмирование\python\project\pythonProject1\programForTecher\client\static\GetClientData\UploadInServerClientCookie\ClientCookieData\settings.json
2026-08-29 at 23:12:48 | INFO | \static\GetClientData\UploadInServerClientCookie\ClientCookieData\settings.json
2026-08-29 at 23:12:48 | INFO | {'client_flag': True, 'Body': []}
2026-08-29 at 23:12:48 | INFO | T:\Н папка\програмирование\python\project\pythonProject1\programForTecher\admin\PassCutOff\settings.json
2026-08-29 at 23:12:48 | INFO | \PassCutOff\settings.json
2026-08-29 at 23:12:48 | INFO | {'Body': []}
2026-08-29 at 23:12:48 | INFO | T:\Н папка\програмирование\python\project\pythonProject1\programForTecher\admin\ImageResultScreen\imageSettings.json
2026-08-29 at 23:12:48 | INFO | \ImageResultScreen\imageSettings.json
2026-08-29 at 23:12:48 | INFO | {'Body': []}
2026-08-29 at 23:12:48 | INFO | T:\Н папка\програмирование\python\project\pythonProject1\programForTecher\admin\ListBlancQuestion\listBlancQuestion.json
2026-08-29 at 23:12:48 | INFO | \ListBlancQuestion\listBlancQuestion.json
2026-08-29 at 23:12:48 | INFO | {'Body': []}
2026-08-29 at 23:15:43 | INFO | T:\Н папка\програмирование\python\project\pythonProject1\programForTecher\admin\Log\appFileLog.log
2026-08-29 at 23:15:43 | INFO | T:\Н папка\програмирование\python\project\pythonProject1\programForTecher\admin
2026-08-29 at 23:15:43 | INFO | T:\Н папка\програмирование\python\project\pythonProject1\programForTecher\client
2026-08-29 at 23:15:43 | INFO | {'\\Cookie\\local_cookie.json': {'Body': {'time_check_updates': '17:22 22.08.26', 'value_Check': False}}, '\\question.json': {'Body': [{'Qst': {'question_name': 'Кто такой Патрин?', 'answer': ['Бугалтер', 'Директор'], 'right_answer': ['Преподаватель'], 'id': 1}}]}, '\\static\\GetClientData\\UploadInServerClientCookie\\ClientCookieData\\question.json': {'client_flag': True, 'Body': [{'Qst': {'question_name': 'Кто такой Патрин?', 'answer': ['Бухгалтер ', 'Директор'], 'right_answer': ['Преподаватель'], 'id': 1}}]}, '\\Settings\\SettingsPage\\settings_page.json': {'Body': [{'name': 'version', 'value': 2.1}, {'name': 'url for update', 'value': 'https://github.com/RustFarmer/Test/blob/main/update_url_file.json'}]}, '\\Settings\\UpdateProgram\\UpdateData\\update_url_file.json': {'Body': {'rarFile': 'https://github.com/RustFarmer/Rust-helper/raw/refs/heads/main/v5.1.rar'}}, '\\static\\GetClientData\\UploadInServerClientCookie\\ClientCookieData\\settings.json': {'client_flag': True, 'Body': []}, '\\PassCutOff\\settings.json': {'Body': []}, '\\ImageResultScreen\\imageSettings.json': {'Body': []}, '\\ListBlancQuestion\\listBlancQuestion.json': {'Body': []}}
2026-08-29 at 23:15:43 | INFO | <class 'pathlib.WindowsPath'>
2026-08-29 at 23:15:43 | INFO | T:\Н папка\програмирование\python\project\pythonProject1\programForTecher\admin
2026-08-29 at 23:15:43 | INFO | {'\\Cookie\\local_cookie.json': {'Body': {'time_check_updates': '17:22 22.08.26', 'value_Check': False}}, '\\question.json': {'Body': [{'Qst': {'question_name': 'Кто такой Патрин?', 'answer': ['Бугалтер', 'Директор'], 'right_answer': ['Преподаватель'], 'id': 1}}]}, '\\static\\GetClientData\\UploadInServerClientCookie\\ClientCookieData\\question.json': {'client_flag': True, 'Body': [{'Qst': {'question_name': 'Кто такой Патрин?', 'answer': ['Бухгалтер ', 'Директор'], 'right_answer': ['Преподаватель'], 'id': 1}}]}, '\\Settings\\SettingsPage\\settings_page.json': {'Body': [{'name': 'version', 'value': 2.1}, {'name': 'url for update', 'value': 'https://github.com/RustFarmer/Test/blob/main/update_url_file.json'}]}, '\\Settings\\UpdateProgram\\UpdateData\\update_url_file.json': {'Body': {'rarFile': 'https://github.com/RustFarmer/Rust-helper/raw/refs/heads/main/v5.1.rar'}}, '\\static\\GetClientData\\UploadInServerClientCookie\\ClientCookieData\\settings.json': {'client_flag': True, 'Body': []}, '\\PassCutOff\\settings.json': {'Body': []}, '\\ImageResultScreen\\imageSettings.json': {'Body': []}, '\\ListBlancQuestion\\listBlancQuestion.json': {'Body': []}}
2026-08-29 at 23:15:43 | INFO | {'\\Cookie\\local_cookie.json': {'Body': {'time_check_updates': '17:22 22.08.26', 'value_Check': False}}, '\\question.json': {'Body': [{'Qst': {'question_name': 'Кто такой Патрин?', 'answer': ['Бугалтер', 'Директор'], 'right_answer': ['Преподаватель'], 'id': 1}}]}, '\\static\\GetClientData\\UploadInServerClientCookie\\ClientCookieData\\question.json': {'client_flag': True, 'Body': [{'Qst': {'question_name': 'Кто такой Патрин?', 'answer': ['Бухгалтер ', 'Директор'], 'right_answer': ['Преподаватель'], 'id': 1}}]}, '\\Settings\\SettingsPage\\settings_page.json': {'Body': [{'name': 'version', 'value': 2.1}, {'name': 'url for update', 'value': 'https://github.com/RustFarmer/Test/blob/main/update_url_file.json'}]}, '\\Settings\\UpdateProgram\\UpdateData\\update_url_file.json': {'Body': {'rarFile': 'https://github.com/RustFarmer/Rust-helper/raw/refs/heads/main/v5.1.rar'}}, '\\static\\GetClientData\\UploadInServerClientCookie\\ClientCookieData\\settings.json': {'client_flag': True, 'Body': []}, '\\PassCutOff\\settings.json': {'Body': []}, '\\ImageResultScreen\\imageSettings.json': {'Body': []}, '\\ListBlancQuestion\\listBlancQuestion.json': {'Body': []}}
2026-08-29 at 23:15:43 | INFO | T:\Н папка\програмирование\python\project\pythonProject1\programForTecher\admin\Cookie\local_cookie.json
2026-08-29 at 23:15:43 | INFO | \Cookie\local_cookie.json
2026-08-29 at 23:15:43 | INFO | {'Body': {'time_check_updates': '17:22 22.08.26', 'value_Check': False}}
2026-08-29 at 23:15:43 | INFO | T:\Н папка\програмирование\python\project\pythonProject1\programForTecher\admin\question.json
2026-08-29 at 23:15:43 | INFO | \question.json
2026-08-29 at 23:15:43 | INFO | {'Body': [{'Qst': {'question_name': 'Кто такой Патрин?', 'answer': ['Бугалтер', 'Директор'], 'right_answer': ['Преподаватель'], 'id': 1}}]}
2026-08-29 at 23:15:43 | INFO | T:\Н папка\програмирование\python\project\pythonProject1\programForTecher\admin\static\GetClientData\UploadInServerClientCookie\ClientCookieData\question.json
2026-08-29 at 23:15:43 | INFO | T:\Н папка\програмирование\python\project\pythonProject1\programForTecher\client\static\GetClientData\UploadInServerClientCookie\ClientCookieData\question.json
2026-08-29 at 23:15:43 | INFO | \static\GetClientData\UploadInServerClientCookie\ClientCookieData\question.json
2026-08-29 at 23:15:43 | INFO | {'client_flag': True, 'Body': [{'Qst': {'question_name': 'Кто такой Патрин?', 'answer': ['Бухгалтер ', 'Директор'], 'right_answer': ['Преподаватель'], 'id': 1}}]}
2026-08-29 at 23:15:43 | INFO | T:\Н папка\програмирование\python\project\pythonProject1\programForTecher\admin\Settings\SettingsPage\settings_page.json
2026-08-29 at 23:15:43 | INFO | \Settings\SettingsPage\settings_page.json
2026-08-29 at 23:15:43 | INFO | {'Body': [{'name': 'version', 'value': 2.1}, {'name': 'url for update', 'value': 'https://github.com/RustFarmer/Test/blob/main/update_url_file.json'}]}
2026-08-29 at 23:15:43 | INFO | T:\Н папка\програмирование\python\project\pythonProject1\programForTecher\admin\Settings\UpdateProgram\UpdateData\update_url_file.json
2026-08-29 at 23:15:43 | INFO | \Settings\UpdateProgram\UpdateData\update_url_file.json
2026-08-29 at 23:15:43 | INFO | {'Body': {'rarFile': 'https://github.com/RustFarmer/Rust-helper/raw/refs/heads/main/v5.1.rar'}}
2026-08-29 at 23:15:43 | INFO | T:\Н папка\програмирование\python\project\pythonProject1\programForTecher\admin\static\GetClientData\UploadInServerClientCookie\ClientCookieData\settings.json
2026-08-29 at 23:15:43 | INFO | T:\Н папка\програмирование\python\project\pythonProject1\programForTecher\client\static\GetClientData\UploadInServerClientCookie\ClientCookieData\settings.json
2026-08-29 at 23:15:43 | INFO | \static\GetClientData\UploadInServerClientCookie\ClientCookieData\settings.json
2026-08-29 at 23:15:43 | INFO | {'client_flag': True, 'Body': []}
2026-08-29 at 23:15:43 | INFO | T:\Н папка\програмирование\python\project\pythonProject1\programForTecher\admin\PassCutOff\settings.json
2026-08-29 at 23:15:43 | INFO | \PassCutOff\settings.json
2026-08-29 at 23:15:43 | INFO | {'Body': []}
2026-08-29 at 23:15:43 | INFO | T:\Н папка\програмирование\python\project\pythonProject1\programForTecher\admin\ImageResultScreen\imageSettings.json
2026-08-29 at 23:15:43 | INFO | \ImageResultScreen\imageSettings.json
2026-08-29 at 23:15:43 | INFO | {'Body': []}
2026-08-29 at 23:15:43 | INFO | T:\Н папка\програмирование\python\project\pythonProject1\programForTecher\admin\ListBlancQuestion\listBlancQuestion.json
2026-08-29 at 23:15:43 | INFO | \ListBlancQuestion\listBlancQuestion.json
2026-08-29 at 23:15:43 | INFO | {'Body': []}
2026-08-29 at 23:16:09 | INFO | T:\Н папка\програмирование\python\project\pythonProject1\programForTecher\admin\Log\appFileLog.log
2026-08-29 at 23:16:09 | INFO | T:\Н папка\програмирование\python\project\pythonProject1\programForTecher\admin
2026-08-29 at 23:16:09 | INFO | T:\Н папка\програмирование\python\project\pythonProject1\programForTecher\client
2026-08-29 at 23:16:09 | INFO | {'\\Cookie\\local_cookie.json': {'Body': {'time_check_updates': '17:22 22.08.26', 'value_Check': False}}, '\\question.json': {'Body': [{'Qst': {'question_name': 'Кто такой Патрин?', 'answer': ['Бугалтер', 'Директор'], 'right_answer': ['Преподаватель'], 'id': 1}}]}, '\\static\\GetClientData\\UploadInServerClientCookie\\ClientCookieData\\question.json': {'client_flag': True, 'Body': [{'Qst': {'question_name': 'Кто такой Патрин?', 'answer': ['Бухгалтер ', 'Директор'], 'right_answer': ['Преподаватель'], 'id': 1}}]}, '\\Settings\\SettingsPage\\settings_page.json': {'Body': [{'name': 'version', 'value': 2.1}, {'name': 'url for update', 'value': 'https://github.com/RustFarmer/Test/blob/main/update_url_file.json'}]}, '\\Settings\\UpdateProgram\\UpdateData\\update_url_file.json': {'Body': {'rarFile': 'https://github.com/RustFarmer/Rust-helper/raw/refs/heads/main/v5.1.rar'}}, '\\static\\GetClientData\\UploadInServerClientCookie\\ClientCookieData\\settings.json': {'client_flag': True, 'Body': []}, '\\PassCutOff\\settings.json': {'Body': []}, '\\ImageResultScreen\\imageSettings.json': {'Body': []}, '\\ListBlancQuestion\\listBlancQuestion.json': {'Body': []}}
2026-08-29 at 23:16:09 | INFO | <class 'pathlib.WindowsPath'>
2026-08-29 at 23:16:09 | INFO | T:\Н папка\програмирование\python\project\pythonProject1\programForTecher\admin
2026-08-29 at 23:16:09 | INFO | {'\\Cookie\\local_cookie.json': {'Body': {'time_check_updates': '17:22 22.08.26', 'value_Check': False}}, '\\question.json': {'Body': [{'Qst': {'question_name': 'Кто такой Патрин?', 'answer': ['Бугалтер', 'Директор'], 'right_answer': ['Преподаватель'], 'id': 1}}]}, '\\static\\GetClientData\\UploadInServerClientCookie\\ClientCookieData\\question.json': {'client_flag': True, 'Body': [{'Qst': {'question_name': 'Кто такой Патрин?', 'answer': ['Бухгалтер ', 'Директор'], 'right_answer': ['Преподаватель'], 'id': 1}}]}, '\\Settings\\SettingsPage\\settings_page.json': {'Body': [{'name': 'version', 'value': 2.1}, {'name': 'url for update', 'value': 'https://github.com/RustFarmer/Test/blob/main/update_url_file.json'}]}, '\\Settings\\UpdateProgram\\UpdateData\\update_url_file.json': {'Body': {'rarFile': 'https://github.com/RustFarmer/Rust-helper/raw/refs/heads/main/v5.1.rar'}}, '\\static\\GetClientData\\UploadInServerClientCookie\\ClientCookieData\\settings.json': {'client_flag': True, 'Body': []}, '\\PassCutOff\\settings.json': {'Body': []}, '\\ImageResultScreen\\imageSettings.json': {'Body': []}, '\\ListBlancQuestion\\listBlancQuestion.json': {'Body': []}}
2026-08-29 at 23:16:09 | INFO | {'\\Cookie\\local_cookie.json': {'Body': {'time_check_updates': '17:22 22.08.26', 'value_Check': False}}, '\\question.json': {'Body': [{'Qst': {'question_name': 'Кто такой Патрин?', 'answer': ['Бугалтер', 'Директор'], 'right_answer': ['Преподаватель'], 'id': 1}}]}, '\\static\\GetClientData\\UploadInServerClientCookie\\ClientCookieData\\question.json': {'client_flag': True, 'Body': [{'Qst': {'question_name': 'Кто такой Патрин?', 'answer': ['Бухгалтер ', 'Директор'], 'right_answer': ['Преподаватель'], 'id': 1}}]}, '\\Settings\\SettingsPage\\settings_page.json': {'Body': [{'name': 'version', 'value': 2.1}, {'name': 'url for update', 'value': 'https://github.com/RustFarmer/Test/blob/main/update_url_file.json'}]}, '\\Settings\\UpdateProgram\\UpdateData\\update_url_file.json': {'Body': {'rarFile': 'https://github.com/RustFarmer/Rust-helper/raw/refs/heads/main/v5.1.rar'}}, '\\static\\GetClientData\\UploadInServerClientCookie\\ClientCookieData\\settings.json': {'client_flag': True, 'Body': []}, '\\PassCutOff\\settings.json': {'Body': []}, '\\ImageResultScreen\\imageSettings.json': {'Body': []}, '\\ListBlancQuestion\\listBlancQuestion.json': {'Body': []}}
2026-08-29 at 23:16:09 | INFO | T:\Н папка\програмирование\python\project\pythonProject1\programForTecher\admin\Cookie\local_cookie.json
2026-08-29 at 23:16:09 | INFO | \Cookie\local_cookie.json
2026-08-29 at 23:16:09 | INFO | {'Body': {'time_check_updates': '17:22 22.08.26', 'value_Check': False}}
2026-08-29 at 23:16:09 | INFO | T:\Н папка\програмирование\python\project\pythonProject1\programForTecher\admin\question.json
2026-08-29 at 23:16:09 | INFO | \question.json
2026-08-29 at 23:16:09 | INFO | {'Body': [{'Qst': {'question_name': 'Кто такой Патрин?', 'answer': ['Бугалтер', 'Директор'], 'right_answer': ['Преподаватель'], 'id': 1}}]}
2026-08-29 at 23:16:09 | INFO | T:\Н папка\програмирование\python\project\pythonProject1\programForTecher\admin\static\GetClientData\UploadInServerClientCookie\ClientCookieData\question.json
2026-08-29 at 23:16:09 | INFO | T:\Н папка\програмирование\python\project\pythonProject1\programForTecher\client\static\GetClientData\UploadInServerClientCookie\ClientCookieData\question.json
2026-08-29 at 23:16:09 | INFO | \static\GetClientData\UploadInServerClientCookie\ClientCookieData\question.json
2026-08-29 at 23:16:09 | INFO | {'client_flag': True, 'Body': [{'Qst': {'question_name': 'Кто такой Патрин?', 'answer': ['Бухгалтер ', 'Директор'], 'right_answer': ['Преподаватель'], 'id': 1}}]}
2026-08-29 at 23:16:09 | INFO | T:\Н папка\програмирование\python\project\pythonProject1\programForTecher\admin\Settings\SettingsPage\settings_page.json
2026-08-29 at 23:16:09 | INFO | \Settings\SettingsPage\settings_page.json
2026-08-29 at 23:16:09 | INFO | {'Body': [{'name': 'version', 'value': 2.1}, {'name': 'url for update', 'value': 'https://github.com/RustFarmer/Test/blob/main/update_url_file.json'}]}
2026-08-29 at 23:16:09 | INFO | T:\Н папка\програмирование\python\project\pythonProject1\programForTecher\admin\Settings\UpdateProgram\UpdateData\update_url_file.json
2026-08-29 at 23:16:09 | INFO | \Settings\UpdateProgram\UpdateData\update_url_file.json
2026-08-29 at 23:16:09 | INFO | {'Body': {'rarFile': 'https://github.com/RustFarmer/Rust-helper/raw/refs/heads/main/v5.1.rar'}}
2026-08-29 at 23:16:09 | INFO | T:\Н папка\програмирование\python\project\pythonProject1\programForTecher\admin\static\GetClientData\UploadInServerClientCookie\ClientCookieData\settings.json
2026-08-29 at 23:16:09 | INFO | T:\Н папка\програмирование\python\project\pythonProject1\programForTecher\client\static\GetClientData\UploadInServerClientCookie\ClientCookieData\settings.json
2026-08-29 at 23:16:09 | INFO | \static\GetClientData\UploadInServerClientCookie\ClientCookieData\settings.json
2026-08-29 at 23:16:09 | INFO | {'client_flag': True, 'Body': []}
2026-08-29 at 23:16:09 | INFO | T:\Н папка\програмирование\python\project\pythonProject1\programForTecher\admin\PassCutOff\settings.json
2026-08-29 at 23:16:09 | INFO | \PassCutOff\settings.json
2026-08-29 at 23:16:09 | INFO | {'Body': []}
2026-08-29 at 23:16:09 | INFO | T:\Н папка\програмирование\python\project\pythonProject1\programForTecher\admin\ImageResultScreen\imageSettings.json
2026-08-29 at 23:16:09 | INFO | \ImageResultScreen\imageSettings.json
2026-08-29 at 23:16:09 | INFO | {'Body': []}
2026-08-29 at 23:16:09 | INFO | T:\Н папка\програмирование\python\project\pythonProject1\programForTecher\admin\ListBlancQuestion\listBlancQuestion.json
2026-08-29 at 23:16:09 | INFO | \ListBlancQuestion\listBlancQuestion.json
2026-08-29 at 23:16:09 | INFO | {'Body': []}
2026-08-29 at 23:16:33 | INFO | T:\Н папка\програмирование\python\project\pythonProject1\programForTecher\admin\Log\appFileLog.log
2026-08-29 at 23:16:33 | INFO | T:\Н папка\програмирование\python\project\pythonProject1\programForTecher\admin
2026-08-29 at 23:16:33 | INFO | T:\Н папка\програмирование\python\project\pythonProject1\programForTecher\client
2026-08-29 at 23:16:33 | INFO | {'\\Cookie\\local_cookie.json': {'Body': {'time_check_updates': '17:22 22.08.26', 'value_Check': False}}, '\\question.json': {'Body': [{'Qst': {'question_name': 'Кто такой Патрин?', 'answer': ['Бугалтер', 'Директор'], 'right_answer': ['Преподаватель'], 'id': 1}}]}, '\\static\\GetClientData\\UploadInServerClientCookie\\ClientCookieData\\question.json': {'client_flag': True, 'Body': [{'Qst': {'question_name': 'Кто такой Патрин?', 'answer': ['Бухгалтер ', 'Директор'], 'right_answer': ['Преподаватель'], 'id': 1}}]}, '\\Settings\\SettingsPage\\settings_page.json': {'Body': [{'name': 'version', 'value': 2.1}, {'name': 'url for update', 'value': 'https://github.com/RustFarmer/Test/blob/main/update_url_file.json'}]}, '\\Settings\\UpdateProgram\\UpdateData\\update_url_file.json': {'Body': {'rarFile': 'https://github.com/RustFarmer/Rust-helper/raw/refs/heads/main/v5.1.rar'}}, '\\static\\GetClientData\\UploadInServerClientCookie\\ClientCookieData\\settings.json': {'client_flag': True, 'Body': []}, '\\PassCutOff\\settings.json': {'Body': []}, '\\ImageResultScreen\\imageSettings.json': {'Body': []}, '\\ListBlancQuestion\\listBlancQuestion.json': {'Body': []}}
2026-08-29 at 23:16:33 | INFO | <class 'pathlib.WindowsPath'>
2026-08-29 at 23:16:33 | INFO | T:\Н папка\програмирование\python\project\pythonProject1\programForTecher\admin
2026-08-29 at 23:16:33 | INFO | {'\\Cookie\\local_cookie.json': {'Body': {'time_check_updates': '17:22 22.08.26', 'value_Check': False}}, '\\question.json': {'Body': [{'Qst': {'question_name': 'Кто такой Патрин?', 'answer': ['Бугалтер', 'Директор'], 'right_answer': ['Преподаватель'], 'id': 1}}]}, '\\static\\GetClientData\\UploadInServerClientCookie\\ClientCookieData\\question.json': {'client_flag': True, 'Body': [{'Qst': {'question_name': 'Кто такой Патрин?', 'answer': ['Бухгалтер ', 'Директор'], 'right_answer': ['Преподаватель'], 'id': 1}}]}, '\\Settings\\SettingsPage\\settings_page.json': {'Body': [{'name': 'version', 'value': 2.1}, {'name': 'url for update', 'value': 'https://github.com/RustFarmer/Test/blob/main/update_url_file.json'}]}, '\\Settings\\UpdateProgram\\UpdateData\\update_url_file.json': {'Body': {'rarFile': 'https://github.com/RustFarmer/Rust-helper/raw/refs/heads/main/v5.1.rar'}}, '\\static\\GetClientData\\UploadInServerClientCookie\\ClientCookieData\\settings.json': {'client_flag': True, 'Body': []}, '\\PassCutOff\\settings.json': {'Body': []}, '\\ImageResultScreen\\imageSettings.json': {'Body': []}, '\\ListBlancQuestion\\listBlancQuestion.json': {'Body': []}}
2026-08-29 at 23:16:33 | INFO | {'\\Cookie\\local_cookie.json': {'Body': {'time_check_updates': '17:22 22.08.26', 'value_Check': False}}, '\\question.json': {'Body': [{'Qst': {'question_name': 'Кто такой Патрин?', 'answer': ['Бугалтер', 'Директор'], 'right_answer': ['Преподаватель'], 'id': 1}}]}, '\\static\\GetClientData\\UploadInServerClientCookie\\ClientCookieData\\question.json': {'client_flag': True, 'Body': [{'Qst': {'question_name': 'Кто такой Патрин?', 'answer': ['Бухгалтер ', 'Директор'], 'right_answer': ['Преподаватель'], 'id': 1}}]}, '\\Settings\\SettingsPage\\settings_page.json': {'Body': [{'name': 'version', 'value': 2.1}, {'name': 'url for update', 'value': 'https://github.com/RustFarmer/Test/blob/main/update_url_file.json'}]}, '\\Settings\\UpdateProgram\\UpdateData\\update_url_file.json': {'Body': {'rarFile': 'https://github.com/RustFarmer/Rust-helper/raw/refs/heads/main/v5.1.rar'}}, '\\static\\GetClientData\\UploadInServerClientCookie\\ClientCookieData\\settings.json': {'client_flag': True, 'Body': []}, '\\PassCutOff\\settings.json': {'Body': []}, '\\ImageResultScreen\\imageSettings.json': {'Body': []}, '\\ListBlancQuestion\\listBlancQuestion.json': {'Body': []}}
2026-08-29 at 23:16:33 | INFO | T:\Н папка\програмирование\python\project\pythonProject1\programForTecher\admin\Cookie\local_cookie.json
2026-08-29 at 23:16:33 | INFO | \Cookie\local_cookie.json
2026-08-29 at 23:16:33 | INFO | {'Body': {'time_check_updates': '17:22 22.08.26', 'value_Check': False}}
2026-08-29 at 23:16:33 | INFO | T:\Н папка\програмирование\python\project\pythonProject1\programForTecher\admin\question.json
2026-08-29 at 23:16:33 | INFO | \question.json
2026-08-29 at 23:16:33 | INFO | {'Body': [{'Qst': {'question_name': 'Кто такой Патрин?', 'answer': ['Бугалтер', 'Директор'], 'right_answer': ['Преподаватель'], 'id': 1}}]}
2026-08-29 at 23:16:33 | INFO | T:\Н папка\програмирование\python\project\pythonProject1\programForTecher\admin\static\GetClientData\UploadInServerClientCookie\ClientCookieData\question.json
2026-08-29 at 23:16:33 | INFO | T:\Н папка\програмирование\python\project\pythonProject1\programForTecher\client\static\GetClientData\UploadInServerClientCookie\ClientCookieData\question.json
2026-08-29 at 23:16:33 | INFO | \static\GetClientData\UploadInServerClientCookie\ClientCookieData\question.json
2026-08-29 at 23:16:33 | INFO | {'client_flag': True, 'Body': [{'Qst': {'question_name': 'Кто такой Патрин?', 'answer': ['Бухгалтер ', 'Директор'], 'right_answer': ['Преподаватель'], 'id': 1}}]}
2026-08-29 at 23:16:33 | INFO | T:\Н папка\програмирование\python\project\pythonProject1\programForTecher\admin\Settings\SettingsPage\settings_page.json
2026-08-29 at 23:16:33 | INFO | \Settings\SettingsPage\settings_page.json
2026-08-29 at 23:16:33 | INFO | {'Body': [{'name': 'version', 'value': 2.1}, {'name': 'url for update', 'value': 'https://github.com/RustFarmer/Test/blob/main/update_url_file.json'}]}
2026-08-29 at 23:16:33 | INFO | T:\Н папка\програмирование\python\project\pythonProject1\programForTecher\admin\Settings\UpdateProgram\UpdateData\update_url_file.json
2026-08-29 at 23:16:33 | INFO | \Settings\UpdateProgram\UpdateData\update_url_file.json
2026-08-29 at 23:16:33 | INFO | {'Body': {'rarFile': 'https://github.com/RustFarmer/Rust-helper/raw/refs/heads/main/v5.1.rar'}}
2026-08-29 at 23:16:33 | INFO | T:\Н папка\програмирование\python\project\pythonProject1\programForTecher\admin\static\GetClientData\UploadInServerClientCookie\ClientCookieData\settings.json
2026-08-29 at 23:16:33 | INFO | T:\Н папка\програмирование\python\project\pythonProject1\programForTecher\client\static\GetClientData\UploadInServerClientCookie\ClientCookieData\settings.json
2026-08-29 at 23:16:33 | INFO | \static\GetClientData\UploadInServerClientCookie\ClientCookieData\settings.json
2026-08-29 at 23:16:33 | INFO | {'client_flag': True, 'Body': []}
2026-08-29 at 23:16:33 | INFO | T:\Н папка\програмирование\python\project\pythonProject1\programForTecher\admin\PassCutOff\settings.json
2026-08-29 at 23:16:33 | INFO | \PassCutOff\settings.json
2026-08-29 at 23:16:33 | INFO | {'Body': []}
2026-08-29 at 23:16:33 | INFO | T:\Н папка\програмирование\python\project\pythonProject1\programForTecher\admin\ImageResultScreen\imageSettings.json
2026-08-29 at 23:16:33 | INFO | \ImageResultScreen\imageSettings.json
2026-08-29 at 23:16:33 | INFO | {'Body': []}
2026-08-29 at 23:16:33 | INFO | T:\Н папка\програмирование\python\project\pythonProject1\programForTecher\admin\ListBlancQuestion\listBlancQuestion.json
2026-08-29 at 23:16:33 | INFO | \ListBlancQuestion\listBlancQuestion.json
2026-08-29 at 23:16:33 | INFO | {'Body': []}
2026-08-29 at 23:17:44 | INFO | T:\Н папка\програмирование\python\project\pythonProject1\programForTecher\admin\Log\appFileLog.log
2026-08-29 at 23:17:44 | INFO | T:\Н папка\програмирование\python\project\pythonProject1\programForTecher\admin
2026-08-29 at 23:17:44 | INFO | T:\Н папка\програмирование\python\project\pythonProject1\programForTecher\client
2026-08-29 at 23:17:44 | INFO | {'\\Cookie\\local_cookie.json': {'Body': {'time_check_updates': '17:22 22.08.26', 'value_Check': False}}, '\\question.json': {'Body': [{'Qst': {'question_name': 'Кто такой Патрин?', 'answer': ['Бугалтер', 'Директор'], 'right_answer': ['Преподаватель'], 'id': 1}}]}, '\\static\\GetClientData\\UploadInServerClientCookie\\ClientCookieData\\question.json': {'client_flag': True, 'Body': [{'Qst': {'question_name': 'Кто такой Патрин?', 'answer': ['Бухгалтер ', 'Директор'], 'right_answer': ['Преподаватель'], 'id': 1}}]}, '\\Settings\\SettingsPage\\settings_page.json': {'Body': [{'name': 'version', 'value': 2.1}, {'name': 'url for update', 'value': 'https://github.com/RustFarmer/Test/blob/main/update_url_file.json'}]}, '\\Settings\\UpdateProgram\\UpdateData\\update_url_file.json': {'Body': {'rarFile': 'https://github.com/RustFarmer/Rust-helper/raw/refs/heads/main/v5.1.rar'}}, '\\static\\GetClientData\\UploadInServerClientCookie\\ClientCookieData\\settings.json': {'client_flag': True, 'Body': []}, '\\PassCutOff\\settings.json': {'Body': []}, '\\ImageResultScreen\\imageSettings.json': {'Body': []}, '\\ListBlancQuestion\\listBlancQuestion.json': {'Body': []}}
2026-08-29 at 23:17:44 | INFO | <class 'pathlib.WindowsPath'>
2026-08-29 at 23:17:44 | INFO | T:\Н папка\програмирование\python\project\pythonProject1\programForTecher\admin
2026-08-29 at 23:17:44 | INFO | {'\\Cookie\\local_cookie.json': {'Body': {'time_check_updates': '17:22 22.08.26', 'value_Check': False}}, '\\question.json': {'Body': [{'Qst': {'question_name': 'Кто такой Патрин?', 'answer': ['Бугалтер', 'Директор'], 'right_answer': ['Преподаватель'], 'id': 1}}]}, '\\static\\GetClientData\\UploadInServerClientCookie\\ClientCookieData\\question.json': {'client_flag': True, 'Body': [{'Qst': {'question_name': 'Кто такой Патрин?', 'answer': ['Бухгалтер ', 'Директор'], 'right_answer': ['Преподаватель'], 'id': 1}}]}, '\\Settings\\SettingsPage\\settings_page.json': {'Body': [{'name': 'version', 'value': 2.1}, {'name': 'url for update', 'value': 'https://github.com/RustFarmer/Test/blob/main/update_url_file.json'}]}, '\\Settings\\UpdateProgram\\UpdateData\\update_url_file.json': {'Body': {'rarFile': 'https://github.com/RustFarmer/Rust-helper/raw/refs/heads/main/v5.1.rar'}}, '\\static\\GetClientData\\UploadInServerClientCookie\\ClientCookieData\\settings.json': {'client_flag': True, 'Body': []}, '\\PassCutOff\\settings.json': {'Body': []}, '\\ImageResultScreen\\imageSettings.json': {'Body': []}, '\\ListBlancQuestion\\listBlancQuestion.json': {'Body': []}}
2026-08-29 at 23:17:44 | INFO | {'\\Cookie\\local_cookie.json': {'Body': {'time_check_updates': '17:22 22.08.26', 'value_Check': False}}, '\\question.json': {'Body': [{'Qst': {'question_name': 'Кто такой Патрин?', 'answer': ['Бугалтер', 'Директор'], 'right_answer': ['Преподаватель'], 'id': 1}}]}, '\\static\\GetClientData\\UploadInServerClientCookie\\ClientCookieData\\question.json': {'client_flag': True, 'Body': [{'Qst': {'question_name': 'Кто такой Патрин?', 'answer': ['Бухгалтер ', 'Директор'], 'right_answer': ['Преподаватель'], 'id': 1}}]}, '\\Settings\\SettingsPage\\settings_page.json': {'Body': [{'name': 'version', 'value': 2.1}, {'name': 'url for update', 'value': 'https://github.com/RustFarmer/Test/blob/main/update_url_file.json'}]}, '\\Settings\\UpdateProgram\\UpdateData\\update_url_file.json': {'Body': {'rarFile': 'https://github.com/RustFarmer/Rust-helper/raw/refs/heads/main/v5.1.rar'}}, '\\static\\GetClientData\\UploadInServerClientCookie\\ClientCookieData\\settings.json': {'client_flag': True, 'Body': []}, '\\PassCutOff\\settings.json': {'Body': []}, '\\ImageResultScreen\\imageSettings.json': {'Body': []}, '\\ListBlancQuestion\\listBlancQuestion.json': {'Body': []}}
2026-08-29 at 23:17:44 | INFO | T:\Н папка\програмирование\python\project\pythonProject1\programForTecher\admin\Cookie\local_cookie.json
2026-08-29 at 23:17:44 | INFO | \Cookie\local_cookie.json
2026-08-29 at 23:17:44 | INFO | {'Body': {'time_check_updates': '17:22 22.08.26', 'value_Check': False}}
2026-08-29 at 23:17:44 | INFO | T:\Н папка\програмирование\python\project\pythonProject1\programForTecher\admin\question.json
2026-08-29 at 23:17:44 | INFO | \question.json
2026-08-29 at 23:17:44 | INFO | {'Body': [{'Qst': {'question_name': 'Кто такой Патрин?', 'answer': ['Бугалтер', 'Директор'], 'right_answer': ['Преподаватель'], 'id': 1}}]}
2026-08-29 at 23:17:44 | INFO | T:\Н папка\програмирование\python\project\pythonProject1\programForTecher\admin\static\GetClientData\UploadInServerClientCookie\ClientCookieData\question.json
2026-08-29 at 23:17:44 | INFO | T:\Н папка\програмирование\python\project\pythonProject1\programForTecher\client\static\GetClientData\UploadInServerClientCookie\ClientCookieData\question.json
2026-08-29 at 23:17:44 | INFO | \static\GetClientData\UploadInServerClientCookie\ClientCookieData\question.json
2026-08-29 at 23:17:44 | INFO | {'client_flag': True, 'Body': [{'Qst': {'question_name': 'Кто такой Патрин?', 'answer': ['Бухгалтер ', 'Директор'], 'right_answer': ['Преподаватель'], 'id': 1}}]}
2026-08-29 at 23:17:44 | INFO | T:\Н папка\програмирование\python\project\pythonProject1\programForTecher\admin\Settings\SettingsPage\settings_page.json
2026-08-29 at 23:17:44 | INFO | \Settings\SettingsPage\settings_page.json
2026-08-29 at 23:17:44 | INFO | {'Body': [{'name': 'version', 'value': 2.1}, {'name': 'url for update', 'value': 'https://github.com/RustFarmer/Test/blob/main/update_url_file.json'}]}
2026-08-29 at 23:17:44 | INFO | T:\Н папка\програмирование\python\project\pythonProject1\programForTecher\admin\Settings\UpdateProgram\UpdateData\update_url_file.json
2026-08-29 at 23:17:44 | INFO | \Settings\UpdateProgram\UpdateData\update_url_file.json
2026-08-29 at 23:17:44 | INFO | {'Body': {'rarFile': 'https://github.com/RustFarmer/Rust-helper/raw/refs/heads/main/v5.1.rar'}}
2026-08-29 at 23:17:44 | INFO | T:\Н папка\програмирование\python\project\pythonProject1\programForTecher\admin\static\GetClientData\UploadInServerClientCookie\ClientCookieData\settings.json
2026-08-29 at 23:17:44 | INFO | T:\Н папка\програмирование\python\project\pythonProject1\programForTecher\client\static\GetClientData\UploadInServerClientCookie\ClientCookieData\settings.json
2026-08-29 at 23:17:44 | INFO | \static\GetClientData\UploadInServerClientCookie\ClientCookieData\settings.json
2026-08-29 at 23:17:44 | INFO | {'client_flag': True, 'Body': []}
2026-08-29 at 23:17:44 | INFO | T:\Н папка\програмирование\python\project\pythonProject1\programForTecher\admin\PassCutOff\settings.json
2026-08-29 at 23:17:44 | INFO | \PassCutOff\settings.json
2026-08-29 at 23:17:44 | INFO | {'Body': []}
2026-08-29 at 23:17:44 | INFO | T:\Н папка\програмирование\python\project\pythonProject1\programForTecher\admin\ImageResultScreen\imageSettings.json
2026-08-29 at 23:17:44 | INFO | \ImageResultScreen\imageSettings.json
2026-08-29 at 23:17:44 | INFO | {'Body': []}
2026-08-29 at 23:17:44 | INFO | T:\Н папка\програмирование\python\project\pythonProject1\programForTecher\admin\ListBlancQuestion\listBlancQuestion.json
2026-08-29 at 23:17:44 | INFO | \ListBlancQuestion\listBlancQuestion.json
2026-08-29 at 23:17:44 | INFO | {'Body': []}
2026-08-29 at 23:19:21 | INFO | T:\Н папка\програмирование\python\project\pythonProject1\programForTecher\admin\Log\appFileLog.log
2026-08-29 at 23:19:21 | INFO | T:\Н папка\програмирование\python\project\pythonProject1\programForTecher\admin
2026-08-29 at 23:19:21 | INFO | T:\Н папка\програмирование\python\project\pythonProject1\programForTecher\client
2026-08-29 at 23:19:21 | INFO | {'\\Cookie\\local_cookie.json': {'Body': {'time_check_updates': '17:22 22.08.26', 'value_Check': False}}, '\\question.json': {'Body': [{'Qst': {'question_name': 'Кто такой Патрин?', 'answer': ['Бугалтер', 'Директор'], 'right_answer': ['Преподаватель'], 'id': 1}}]}, '\\static\\GetClientData\\UploadInServerClientCookie\\ClientCookieData\\question.json': {'client_flag': True, 'Body': [{'Qst': {'question_name': 'Кто такой Патрин?', 'answer': ['Бухгалтер ', 'Директор'], 'right_answer': ['Преподаватель'], 'id': 1}}]}, '\\Settings\\SettingsPage\\settings_page.json': {'Body': [{'name': 'version', 'value': 2.1}, {'name': 'url for update', 'value': 'https://github.com/RustFarmer/Test/blob/main/update_url_file.json'}]}, '\\Settings\\UpdateProgram\\UpdateData\\update_url_file.json': {'Body': {'rarFile': 'https://github.com/RustFarmer/Rust-helper/raw/refs/heads/main/v5.1.rar'}}, '\\static\\GetClientData\\UploadInServerClientCookie\\ClientCookieData\\settings.json': {'client_flag': True, 'Body': []}, '\\PassCutOff\\settings.json': {'Body': []}, '\\ImageResultScreen\\imageSettings.json': {'Body': []}, '\\ListBlancQuestion\\listBlancQuestion.json': {'Body': []}}
2026-08-29 at 23:19:21 | INFO | <class 'pathlib.WindowsPath'>
2026-08-29 at 23:19:21 | INFO | T:\Н папка\програмирование\python\project\pythonProject1\programForTecher\admin
2026-08-29 at 23:19:21 | INFO | {'\\Cookie\\local_cookie.json': {'Body': {'time_check_updates': '17:22 22.08.26', 'value_Check': False}}, '\\question.json': {'Body': [{'Qst': {'question_name': 'Кто такой Патрин?', 'answer': ['Бугалтер', 'Директор'], 'right_answer': ['Преподаватель'], 'id': 1}}]}, '\\static\\GetClientData\\UploadInServerClientCookie\\ClientCookieData\\question.json': {'client_flag': True, 'Body': [{'Qst': {'question_name': 'Кто такой Патрин?', 'answer': ['Бухгалтер ', 'Директор'], 'right_answer': ['Преподаватель'], 'id': 1}}]}, '\\Settings\\SettingsPage\\settings_page.json': {'Body': [{'name': 'version', 'value': 2.1}, {'name': 'url for update', 'value': 'https://github.com/RustFarmer/Test/blob/main/update_url_file.json'}]}, '\\Settings\\UpdateProgram\\UpdateData\\update_url_file.json': {'Body': {'rarFile': 'https://github.com/RustFarmer/Rust-helper/raw/refs/heads/main/v5.1.rar'}}, '\\static\\GetClientData\\UploadInServerClientCookie\\ClientCookieData\\settings.json': {'client_flag': True, 'Body': []}, '\\PassCutOff\\settings.json': {'Body': []}, '\\ImageResultScreen\\imageSettings.json': {'Body': []}, '\\ListBlancQuestion\\listBlancQuestion.json': {'Body': []}}
2026-08-29 at 23:19:21 | INFO | {'\\Cookie\\local_cookie.json': {'Body': {'time_check_updates': '17:22 22.08.26', 'value_Check': False}}, '\\question.json': {'Body': [{'Qst': {'question_name': 'Кто такой Патрин?', 'answer': ['Бугалтер', 'Директор'], 'right_answer': ['Преподаватель'], 'id': 1}}]}, '\\static\\GetClientData\\UploadInServerClientCookie\\ClientCookieData\\question.json': {'client_flag': True, 'Body': [{'Qst': {'question_name': 'Кто такой Патрин?', 'answer': ['Бухгалтер ', 'Директор'], 'right_answer': ['Преподаватель'], 'id': 1}}]}, '\\Settings\\SettingsPage\\settings_page.json': {'Body': [{'name': 'version', 'value': 2.1}, {'name': 'url for update', 'value': 'https://github.com/RustFarmer/Test/blob/main/update_url_file.json'}]}, '\\Settings\\UpdateProgram\\UpdateData\\update_url_file.json': {'Body': {'rarFile': 'https://github.com/RustFarmer/Rust-helper/raw/refs/heads/main/v5.1.rar'}}, '\\static\\GetClientData\\UploadInServerClientCookie\\ClientCookieData\\settings.json': {'client_flag': True, 'Body': []}, '\\PassCutOff\\settings.json': {'Body': []}, '\\ImageResultScreen\\imageSettings.json': {'Body': []}, '\\ListBlancQuestion\\listBlancQuestion.json': {'Body': []}}
2026-08-29 at 23:19:21 | INFO | T:\Н папка\програмирование\python\project\pythonProject1\programForTecher\admin\Cookie\local_cookie.json
2026-08-29 at 23:19:21 | INFO | \Cookie\local_cookie.json
2026-08-29 at 23:19:21 | INFO | {'Body': {'time_check_updates': '17:22 22.08.26', 'value_Check': False}}
2026-08-29 at 23:19:21 | INFO | T:\Н папка\програмирование\python\project\pythonProject1\programForTecher\admin\question.json
2026-08-29 at 23:19:21 | INFO | \question.json
2026-08-29 at 23:19:21 | INFO | {'Body': [{'Qst': {'question_name': 'Кто такой Патрин?', 'answer': ['Бугалтер', 'Директор'], 'right_answer': ['Преподаватель'], 'id': 1}}]}
2026-08-29 at 23:19:21 | INFO | T:\Н папка\програмирование\python\project\pythonProject1\programForTecher\admin\static\GetClientData\UploadInServerClientCookie\ClientCookieData\question.json
2026-08-29 at 23:19:21 | INFO | T:\Н папка\програмирование\python\project\pythonProject1\programForTecher\client\static\GetClientData\UploadInServerClientCookie\ClientCookieData\question.json
2026-08-29 at 23:19:21 | INFO | \static\GetClientData\UploadInServerClientCookie\ClientCookieData\question.json
2026-08-29 at 23:19:21 | INFO | {'client_flag': True, 'Body': [{'Qst': {'question_name': 'Кто такой Патрин?', 'answer': ['Бухгалтер ', 'Директор'], 'right_answer': ['Преподаватель'], 'id': 1}}]}
2026-08-29 at 23:19:21 | INFO | T:\Н папка\програмирование\python\project\pythonProject1\programForTecher\admin\Settings\SettingsPage\settings_page.json
2026-08-29 at 23:19:21 | INFO | \Settings\SettingsPage\settings_page.json
2026-08-29 at 23:19:21 | INFO | {'Body': [{'name': 'version', 'value': 2.1}, {'name': 'url for update', 'value': 'https://github.com/RustFarmer/Test/blob/main/update_url_file.json'}]}
2026-08-29 at 23:19:21 | INFO | T:\Н папка\програмирование\python\project\pythonProject1\programForTecher\admin\Settings\UpdateProgram\UpdateData\update_url_file.json
2026-08-29 at 23:19:21 | INFO | \Settings\UpdateProgram\UpdateData\update_url_file.json
2026-08-29 at 23:19:21 | INFO | {'Body': {'rarFile': 'https://github.com/RustFarmer/Rust-helper/raw/refs/heads/main/v5.1.rar'}}
2026-08-29 at 23:19:21 | INFO | T:\Н папка\програмирование\python\project\pythonProject1\programForTecher\admin\static\GetClientData\UploadInServerClientCookie\ClientCookieData\settings.json
2026-08-29 at 23:19:21 | INFO | T:\Н папка\програмирование\python\project\pythonProject1\programForTecher\client\static\GetClientData\UploadInServerClientCookie\ClientCookieData\settings.json
2026-08-29 at 23:19:21 | INFO | \static\GetClientData\UploadInServerClientCookie\ClientCookieData\settings.json
2026-08-29 at 23:19:21 | INFO | {'client_flag': True, 'Body': []}
2026-08-29 at 23:19:21 | INFO | T:\Н папка\програмирование\python\project\pythonProject1\programForTecher\admin\PassCutOff\settings.json
2026-08-29 at 23:19:21 | INFO | \PassCutOff\settings.json
2026-08-29 at 23:19:21 | INFO | {'Body': []}
2026-08-29 at 23:19:21 | INFO | T:\Н папка\програмирование\python\project\pythonProject1\programForTecher\admin\ImageResultScreen\imageSettings.json
2026-08-29 at 23:19:21 | INFO | \ImageResultScreen\imageSettings.json
2026-08-29 at 23:19:21 | INFO | {'Body': []}
2026-08-29 at 23:19:21 | INFO | T:\Н папка\програмирование\python\project\pythonProject1\programForTecher\admin\ListBlancQuestion\listBlancQuestion.json
2026-08-29 at 23:19:21 | INFO | \ListBlancQuestion\listBlancQuestion.json
2026-08-29 at 23:19:21 | INFO | {'Body': []}
2026-08-29 at 23:23:03 | INFO | T:\Н папка\програмирование\python\project\pythonProject1\programForTecher\admin\Log\appFileLog.log
2026-08-29 at 23:23:03 | INFO | T:\Н папка\програмирование\python\project\pythonProject1\programForTecher\admin
2026-08-29 at 23:23:03 | INFO | T:\Н папка\програмирование\python\project\pythonProject1\programForTecher\client
2026-08-29 at 23:23:03 | INFO | {'\\Cookie\\local_cookie.json': {'Body': {'time_check_updates': '17:22 22.08.26', 'value_Check': False}}, '\\question.json': {'Body': [{'Qst': {'question_name': 'Кто такой Патрин?', 'answer': ['Бугалтер', 'Директор'], 'right_answer': ['Преподаватель'], 'id': 1}}]}, '\\static\\GetClientData\\UploadInServerClientCookie\\ClientCookieData\\question.json': {'client_flag': True, 'Body': [{'Qst': {'question_name': 'Кто такой Патрин?', 'answer': ['Бухгалтер ', 'Директор'], 'right_answer': ['Преподаватель'], 'id': 1}}]}, '\\Settings\\SettingsPage\\settings_page.json': {'Body': [{'name': 'version', 'value': 2.1}, {'name': 'url for update', 'value': 'https://github.com/RustFarmer/Test/blob/main/update_url_file.json'}]}, '\\Settings\\UpdateProgram\\UpdateData\\update_url_file.json': {'Body': {'rarFile': 'https://github.com/RustFarmer/Rust-helper/raw/refs/heads/main/v5.1.rar'}}, '\\static\\GetClientData\\UploadInServerClientCookie\\ClientCookieData\\settings.json': {'client_flag': True, 'Body': []}, '\\PassCutOff\\settings.json': {'Body': []}, '\\ImageResultScreen\\imageSettings.json': {'Body': []}, '\\ListBlancQuestion\\listBlancQuestion.json': {'Body': []}}
2026-08-29 at 23:23:03 | INFO | <class 'pathlib.WindowsPath'>
2026-08-29 at 23:23:03 | INFO | T:\Н папка\програмирование\python\project\pythonProject1\programForTecher\admin
2026-08-29 at 23:23:03 | INFO | {'\\Cookie\\local_cookie.json': {'Body': {'time_check_updates': '17:22 22.08.26', 'value_Check': False}}, '\\question.json': {'Body': [{'Qst': {'question_name': 'Кто такой Патрин?', 'answer': ['Бугалтер', 'Директор'], 'right_answer': ['Преподаватель'], 'id': 1}}]}, '\\static\\GetClientData\\UploadInServerClientCookie\\ClientCookieData\\question.json': {'client_flag': True, 'Body': [{'Qst': {'question_name': 'Кто такой Патрин?', 'answer': ['Бухгалтер ', 'Директор'], 'right_answer': ['Преподаватель'], 'id': 1}}]}, '\\Settings\\SettingsPage\\settings_page.json': {'Body': [{'name': 'version', 'value': 2.1}, {'name': 'url for update', 'value': 'https://github.com/RustFarmer/Test/blob/main/update_url_file.json'}]}, '\\Settings\\UpdateProgram\\UpdateData\\update_url_file.json': {'Body': {'rarFile': 'https://github.com/RustFarmer/Rust-helper/raw/refs/heads/main/v5.1.rar'}}, '\\static\\GetClientData\\UploadInServerClientCookie\\ClientCookieData\\settings.json': {'client_flag': True, 'Body': []}, '\\PassCutOff\\settings.json': {'Body': []}, '\\ImageResultScreen\\imageSettings.json': {'Body': []}, '\\ListBlancQuestion\\listBlancQuestion.json': {'Body': []}}
2026-08-29 at 23:23:03 | INFO | {'\\Cookie\\local_cookie.json': {'Body': {'time_check_updates': '17:22 22.08.26', 'value_Check': False}}, '\\question.json': {'Body': [{'Qst': {'question_name': 'Кто такой Патрин?', 'answer': ['Бугалтер', 'Директор'], 'right_answer': ['Преподаватель'], 'id': 1}}]}, '\\static\\GetClientData\\UploadInServerClientCookie\\ClientCookieData\\question.json': {'client_flag': True, 'Body': [{'Qst': {'question_name': 'Кто такой Патрин?', 'answer': ['Бухгалтер ', 'Директор'], 'right_answer': ['Преподаватель'], 'id': 1}}]}, '\\Settings\\SettingsPage\\settings_page.json': {'Body': [{'name': 'version', 'value': 2.1}, {'name': 'url for update', 'value': 'https://github.com/RustFarmer/Test/blob/main/update_url_file.json'}]}, '\\Settings\\UpdateProgram\\UpdateData\\update_url_file.json': {'Body': {'rarFile': 'https://github.com/RustFarmer/Rust-helper/raw/refs/heads/main/v5.1.rar'}}, '\\static\\GetClientData\\UploadInServerClientCookie\\ClientCookieData\\settings.json': {'client_flag': True, 'Body': []}, '\\PassCutOff\\settings.json': {'Body': []}, '\\ImageResultScreen\\imageSettings.json': {'Body': []}, '\\ListBlancQuestion\\listBlancQuestion.json': {'Body': []}}
2026-08-29 at 23:23:03 | INFO | T:\Н папка\програмирование\python\project\pythonProject1\programForTecher\admin\Cookie\local_cookie.json
2026-08-29 at 23:23:03 | INFO | \Cookie\local_cookie.json
2026-08-29 at 23:23:03 | INFO | {'Body': {'time_check_updates': '17:22 22.08.26', 'value_Check': False}}
2026-08-29 at 23:23:03 | INFO | T:\Н папка\програмирование\python\project\pythonProject1\programForTecher\admin\question.json
2026-08-29 at 23:23:03 | INFO | \question.json
2026-08-29 at 23:23:03 | INFO | {'Body': [{'Qst': {'question_name': 'Кто такой Патрин?', 'answer': ['Бугалтер', 'Директор'], 'right_answer': ['Преподаватель'], 'id': 1}}]}
2026-08-29 at 23:23:03 | INFO | T:\Н папка\програмирование\python\project\pythonProject1\programForTecher\admin\static\GetClientData\UploadInServerClientCookie\ClientCookieData\question.json
2026-08-29 at 23:23:03 | INFO | T:\Н папка\програмирование\python\project\pythonProject1\programForTecher\client\static\GetClientData\UploadInServerClientCookie\ClientCookieData\question.json
2026-08-29 at 23:23:03 | INFO | \static\GetClientData\UploadInServerClientCookie\ClientCookieData\question.json
2026-08-29 at 23:23:03 | INFO | {'client_flag': True, 'Body': [{'Qst': {'question_name': 'Кто такой Патрин?', 'answer': ['Бухгалтер ', 'Директор'], 'right_answer': ['Преподаватель'], 'id': 1}}]}
2026-08-29 at 23:23:03 | INFO | T:\Н папка\програмирование\python\project\pythonProject1\programForTecher\admin\Settings\SettingsPage\settings_page.json
2026-08-29 at 23:23:03 | INFO | \Settings\SettingsPage\settings_page.json
2026-08-29 at 23:23:03 | INFO | {'Body': [{'name': 'version', 'value': 2.1}, {'name': 'url for update', 'value': 'https://github.com/RustFarmer/Test/blob/main/update_url_file.json'}]}
2026-08-29 at 23:23:03 | INFO | T:\Н папка\програмирование\python\project\pythonProject1\programForTecher\admin\Settings\UpdateProgram\UpdateData\update_url_file.json
2026-08-29 at 23:23:03 | INFO | \Settings\UpdateProgram\UpdateData\update_url_file.json
2026-08-29 at 23:23:03 | INFO | {'Body': {'rarFile': 'https://github.com/RustFarmer/Rust-helper/raw/refs/heads/main/v5.1.rar'}}
2026-08-29 at 23:23:03 | INFO | T:\Н папка\програмирование\python\project\pythonProject1\programForTecher\admin\static\GetClientData\UploadInServerClientCookie\ClientCookieData\settings.json
2026-08-29 at 23:23:03 | INFO | T:\Н папка\програмирование\python\project\pythonProject1\programForTecher\client\static\GetClientData\UploadInServerClientCookie\ClientCookieData\settings.json
2026-08-29 at 23:23:03 | INFO | \static\GetClientData\UploadInServerClientCookie\ClientCookieData\settings.json
2026-08-29 at 23:23:03 | INFO | {'client_flag': True, 'Body': []}
2026-08-29 at 23:23:03 | INFO | T:\Н папка\програмирование\python\project\pythonProject1\programForTecher\admin\PassCutOff\settings.json
2026-08-29 at 23:23:03 | INFO | \PassCutOff\settings.json
2026-08-29 at 23:23:03 | INFO | {'Body': []}
2026-08-29 at 23:23:03 | INFO | T:\Н папка\програмирование\python\project\pythonProject1\programForTecher\admin\ImageResultScreen\imageSettings.json
2026-08-29 at 23:23:03 | INFO | \ImageResultScreen\imageSettings.json
2026-08-29 at 23:23:03 | INFO | {'Body': []}
2026-08-29 at 23:23:03 | INFO | T:\Н папка\програмирование\python\project\pythonProject1\programForTecher\admin\ListBlancQuestion\listBlancQuestion.json
2026-08-29 at 23:23:03 | INFO | \ListBlancQuestion\listBlancQuestion.json
2026-08-29 at 23:23:03 | INFO | {'Body': []}
2026-08-29 at 23:25:13 | INFO | T:\Н папка\програмирование\python\project\pythonProject1\programForTecher\admin\Log\appFileLog.log
2026-08-29 at 23:25:13 | INFO | T:\Н папка\програмирование\python\project\pythonProject1\programForTecher\admin
2026-08-29 at 23:25:13 | INFO | T:\Н папка\програмирование\python\project\pythonProject1\programForTecher\client
2026-08-29 at 23:25:13 | INFO | {'\\Cookie\\local_cookie.json': {'Body': {'time_check_updates': '17:22 22.08.26', 'value_Check': False}}, '\\question.json': {'Body': [{'Qst': {'question_name': 'Кто такой Патрин?', 'answer': ['Бугалтер', 'Директор'], 'right_answer': ['Преподаватель'], 'id': 1}}]}, '\\static\\GetClientData\\UploadInServerClientCookie\\ClientCookieData\\question.json': {'client_flag': True, 'Body': [{'Qst': {'question_name': 'Кто такой Патрин?', 'answer': ['Бухгалтер ', 'Директор'], 'right_answer': ['Преподаватель'], 'id': 1}}]}, '\\Settings\\SettingsPage\\settings_page.json': {'Body': [{'name': 'version', 'value': 2.1}, {'name': 'url for update', 'value': 'https://github.com/RustFarmer/Test/blob/main/update_url_file.json'}]}, '\\Settings\\UpdateProgram\\UpdateData\\update_url_file.json': {'Body': {'rarFile': 'https://github.com/RustFarmer/Rust-helper/raw/refs/heads/main/v5.1.rar'}}, '\\static\\GetClientData\\UploadInServerClientCookie\\ClientCookieData\\settings.json': {'client_flag': True, 'Body': []}, '\\PassCutOff\\settings.json': {'Body': []}, '\\ImageResultScreen\\imageSettings.json': {'Body': []}, '\\ListBlancQuestion\\listBlancQuestion.json': {'Body': []}}
2026-08-29 at 23:25:13 | INFO | <class 'pathlib.WindowsPath'>
2026-08-29 at 23:25:13 | INFO | T:\Н папка\програмирование\python\project\pythonProject1\programForTecher\admin
2026-08-29 at 23:25:13 | INFO | {'\\Cookie\\local_cookie.json': {'Body': {'time_check_updates': '17:22 22.08.26', 'value_Check': False}}, '\\question.json': {'Body': [{'Qst': {'question_name': 'Кто такой Патрин?', 'answer': ['Бугалтер', 'Директор'], 'right_answer': ['Преподаватель'], 'id': 1}}]}, '\\static\\GetClientData\\UploadInServerClientCookie\\ClientCookieData\\question.json': {'client_flag': True, 'Body': [{'Qst': {'question_name': 'Кто такой Патрин?', 'answer': ['Бухгалтер ', 'Директор'], 'right_answer': ['Преподаватель'], 'id': 1}}]}, '\\Settings\\SettingsPage\\settings_page.json': {'Body': [{'name': 'version', 'value': 2.1}, {'name': 'url for update', 'value': 'https://github.com/RustFarmer/Test/blob/main/update_url_file.json'}]}, '\\Settings\\UpdateProgram\\UpdateData\\update_url_file.json': {'Body': {'rarFile': 'https://github.com/RustFarmer/Rust-helper/raw/refs/heads/main/v5.1.rar'}}, '\\static\\GetClientData\\UploadInServerClientCookie\\ClientCookieData\\settings.json': {'client_flag': True, 'Body': []}, '\\PassCutOff\\settings.json': {'Body': []}, '\\ImageResultScreen\\imageSettings.json': {'Body': []}, '\\ListBlancQuestion\\listBlancQuestion.json': {'Body': []}}
2026-08-29 at 23:25:13 | INFO | {'\\Cookie\\local_cookie.json': {'Body': {'time_check_updates': '17:22 22.08.26', 'value_Check': False}}, '\\question.json': {'Body': [{'Qst': {'question_name': 'Кто такой Патрин?', 'answer': ['Бугалтер', 'Директор'], 'right_answer': ['Преподаватель'], 'id': 1}}]}, '\\static\\GetClientData\\UploadInServerClientCookie\\ClientCookieData\\question.json': {'client_flag': True, 'Body': [{'Qst': {'question_name': 'Кто такой Патрин?', 'answer': ['Бухгалтер ', 'Директор'], 'right_answer': ['Преподаватель'], 'id': 1}}]}, '\\Settings\\SettingsPage\\settings_page.json': {'Body': [{'name': 'version', 'value': 2.1}, {'name': 'url for update', 'value': 'https://github.com/RustFarmer/Test/blob/main/update_url_file.json'}]}, '\\Settings\\UpdateProgram\\UpdateData\\update_url_file.json': {'Body': {'rarFile': 'https://github.com/RustFarmer/Rust-helper/raw/refs/heads/main/v5.1.rar'}}, '\\static\\GetClientData\\UploadInServerClientCookie\\ClientCookieData\\settings.json': {'client_flag': True, 'Body': []}, '\\PassCutOff\\settings.json': {'Body': []}, '\\ImageResultScreen\\imageSettings.json': {'Body': []}, '\\ListBlancQuestion\\listBlancQuestion.json': {'Body': []}}
2026-08-29 at 23:25:13 | INFO | T:\Н папка\програмирование\python\project\pythonProject1\programForTecher\admin\Cookie\local_cookie.json
2026-08-29 at 23:25:13 | INFO | \Cookie\local_cookie.json
2026-08-29 at 23:25:13 | INFO | {'Body': {'time_check_updates': '17:22 22.08.26', 'value_Check': False}}
2026-08-29 at 23:25:13 | INFO | T:\Н папка\програмирование\python\project\pythonProject1\programForTecher\admin\question.json
2026-08-29 at 23:25:13 | INFO | \question.json
2026-08-29 at 23:25:13 | INFO | {'Body': [{'Qst': {'question_name': 'Кто такой Патрин?', 'answer': ['Бугалтер', 'Директор'], 'right_answer': ['Преподаватель'], 'id': 1}}]}
2026-08-29 at 23:25:13 | INFO | T:\Н папка\програмирование\python\project\pythonProject1\programForTecher\admin\static\GetClientData\UploadInServerClientCookie\ClientCookieData\question.json
2026-08-29 at 23:25:13 | INFO | T:\Н папка\програмирование\python\project\pythonProject1\programForTecher\client\static\GetClientData\UploadInServerClientCookie\ClientCookieData\question.json
2026-08-29 at 23:25:13 | INFO | \static\GetClientData\UploadInServerClientCookie\ClientCookieData\question.json
2026-08-29 at 23:25:13 | INFO | {'client_flag': True, 'Body': [{'Qst': {'question_name': 'Кто такой Патрин?', 'answer': ['Бухгалтер ', 'Директор'], 'right_answer': ['Преподаватель'], 'id': 1}}]}
2026-08-29 at 23:25:13 | INFO | T:\Н папка\програмирование\python\project\pythonProject1\programForTecher\admin\Settings\SettingsPage\settings_page.json
2026-08-29 at 23:25:13 | INFO | \Settings\SettingsPage\settings_page.json
2026-08-29 at 23:25:13 | INFO | {'Body': [{'name': 'version', 'value': 2.1}, {'name': 'url for update', 'value': 'https://github.com/RustFarmer/Test/blob/main/update_url_file.json'}]}
2026-08-29 at 23:25:13 | INFO | T:\Н папка\програмирование\python\project\pythonProject1\programForTecher\admin\Settings\UpdateProgram\UpdateData\update_url_file.json
2026-08-29 at 23:25:13 | INFO | \Settings\UpdateProgram\UpdateData\update_url_file.json
2026-08-29 at 23:25:13 | INFO | {'Body': {'rarFile': 'https://github.com/RustFarmer/Rust-helper/raw/refs/heads/main/v5.1.rar'}}
2026-08-29 at 23:25:13 | INFO | T:\Н папка\програмирование\python\project\pythonProject1\programForTecher\admin\static\GetClientData\UploadInServerClientCookie\ClientCookieData\settings.json
2026-08-29 at 23:25:13 | INFO | T:\Н папка\програмирование\python\project\pythonProject1\programForTecher\client\static\GetClientData\UploadInServerClientCookie\ClientCookieData\settings.json
2026-08-29 at 23:25:13 | INFO | \static\GetClientData\UploadInServerClientCookie\ClientCookieData\settings.json
2026-08-29 at 23:25:13 | INFO | {'client_flag': True, 'Body': []}
2026-08-29 at 23:25:13 | INFO | T:\Н папка\програмирование\python\project\pythonProject1\programForTecher\admin\PassCutOff\settings.json
2026-08-29 at 23:25:13 | INFO | \PassCutOff\settings.json
2026-08-29 at 23:25:13 | INFO | {'Body': []}
2026-08-29 at 23:25:13 | INFO | T:\Н папка\програмирование\python\project\pythonProject1\programForTecher\admin\ImageResultScreen\imageSettings.json
2026-08-29 at 23:25:13 | INFO | \ImageResultScreen\imageSettings.json
2026-08-29 at 23:25:13 | INFO | {'Body': []}
2026-08-29 at 23:25:13 | INFO | T:\Н папка\програмирование\python\project\pythonProject1\programForTecher\admin\ListBlancQuestion\listBlancQuestion.json
2026-08-29 at 23:25:13 | INFO | \ListBlancQuestion\listBlancQuestion.json
2026-08-29 at 23:25:13 | INFO | {'Body': []}
2026-08-29 at 23:25:18 | INFO | T:\Н папка\програмирование\python\project\pythonProject1\programForTecher\admin\Log\appFileLog.log
2026-08-29 at 23:25:18 | INFO | T:\Н папка\програмирование\python\project\pythonProject1\programForTecher\admin
2026-08-29 at 23:25:18 | INFO | T:\Н папка\програмирование\python\project\pythonProject1\programForTecher\client
2026-08-29 at 23:25:18 | INFO | {'\\Cookie\\local_cookie.json': {'Body': {'time_check_updates': '17:22 22.08.26', 'value_Check': False}}, '\\question.json': {'Body': [{'Qst': {'question_name': 'Кто такой Патрин?', 'answer': ['Бугалтер', 'Директор'], 'right_answer': ['Преподаватель'], 'id': 1}}]}, '\\static\\GetClientData\\UploadInServerClientCookie\\ClientCookieData\\question.json': {'client_flag': True, 'Body': [{'Qst': {'question_name': 'Кто такой Патрин?', 'answer': ['Бухгалтер ', 'Директор'], 'right_answer': ['Преподаватель'], 'id': 1}}]}, '\\Settings\\SettingsPage\\settings_page.json': {'Body': [{'name': 'version', 'value': 2.1}, {'name': 'url for update', 'value': 'https://github.com/RustFarmer/Test/blob/main/update_url_file.json'}]}, '\\Settings\\UpdateProgram\\UpdateData\\update_url_file.json': {'Body': {'rarFile': 'https://github.com/RustFarmer/Rust-helper/raw/refs/heads/main/v5.1.rar'}}, '\\static\\GetClientData\\UploadInServerClientCookie\\ClientCookieData\\settings.json': {'client_flag': True, 'Body': []}, '\\PassCutOff\\settings.json': {'Body': []}, '\\ImageResultScreen\\imageSettings.json': {'Body': []}, '\\ListBlancQuestion\\listBlancQuestion.json': {'Body': []}}
2026-08-29 at 23:25:18 | INFO | <class 'pathlib.WindowsPath'>
2026-08-29 at 23:25:18 | INFO | T:\Н папка\програмирование\python\project\pythonProject1\programForTecher\admin
2026-08-29 at 23:25:18 | INFO | {'\\Cookie\\local_cookie.json': {'Body': {'time_check_updates': '17:22 22.08.26', 'value_Check': False}}, '\\question.json': {'Body': [{'Qst': {'question_name': 'Кто такой Патрин?', 'answer': ['Бугалтер', 'Директор'], 'right_answer': ['Преподаватель'], 'id': 1}}]}, '\\static\\GetClientData\\UploadInServerClientCookie\\ClientCookieData\\question.json': {'client_flag': True, 'Body': [{'Qst': {'question_name': 'Кто такой Патрин?', 'answer': ['Бухгалтер ', 'Директор'], 'right_answer': ['Преподаватель'], 'id': 1}}]}, '\\Settings\\SettingsPage\\settings_page.json': {'Body': [{'name': 'version', 'value': 2.1}, {'name': 'url for update', 'value': 'https://github.com/RustFarmer/Test/blob/main/update_url_file.json'}]}, '\\Settings\\UpdateProgram\\UpdateData\\update_url_file.json': {'Body': {'rarFile': 'https://github.com/RustFarmer/Rust-helper/raw/refs/heads/main/v5.1.rar'}}, '\\static\\GetClientData\\UploadInServerClientCookie\\ClientCookieData\\settings.json': {'client_flag': True, 'Body': []}, '\\PassCutOff\\settings.json': {'Body': []}, '\\ImageResultScreen\\imageSettings.json': {'Body': []}, '\\ListBlancQuestion\\listBlancQuestion.json': {'Body': []}}
2026-08-29 at 23:25:18 | INFO | {'\\Cookie\\local_cookie.json': {'Body': {'time_check_updates': '17:22 22.08.26', 'value_Check': False}}, '\\question.json': {'Body': [{'Qst': {'question_name': 'Кто такой Патрин?', 'answer': ['Бугалтер', 'Директор'], 'right_answer': ['Преподаватель'], 'id': 1}}]}, '\\static\\GetClientData\\UploadInServerClientCookie\\ClientCookieData\\question.json': {'client_flag': True, 'Body': [{'Qst': {'question_name': 'Кто такой Патрин?', 'answer': ['Бухгалтер ', 'Директор'], 'right_answer': ['Преподаватель'], 'id': 1}}]}, '\\Settings\\SettingsPage\\settings_page.json': {'Body': [{'name': 'version', 'value': 2.1}, {'name': 'url for update', 'value': 'https://github.com/RustFarmer/Test/blob/main/update_url_file.json'}]}, '\\Settings\\UpdateProgram\\UpdateData\\update_url_file.json': {'Body': {'rarFile': 'https://github.com/RustFarmer/Rust-helper/raw/refs/heads/main/v5.1.rar'}}, '\\static\\GetClientData\\UploadInServerClientCookie\\ClientCookieData\\settings.json': {'client_flag': True, 'Body': []}, '\\PassCutOff\\settings.json': {'Body': []}, '\\ImageResultScreen\\imageSettings.json': {'Body': []}, '\\ListBlancQuestion\\listBlancQuestion.json': {'Body': []}}
2026-08-29 at 23:25:18 | INFO | T:\Н папка\програмирование\python\project\pythonProject1\programForTecher\admin\Cookie\local_cookie.json
2026-08-29 at 23:25:18 | INFO | \Cookie\local_cookie.json
2026-08-29 at 23:25:18 | INFO | {'Body': {'time_check_updates': '17:22 22.08.26', 'value_Check': False}}
2026-08-29 at 23:25:18 | INFO | T:\Н папка\програмирование\python\project\pythonProject1\programForTecher\admin\question.json
2026-08-29 at 23:25:18 | INFO | \question.json
2026-08-29 at 23:25:18 | INFO | {'Body': [{'Qst': {'question_name': 'Кто такой Патрин?', 'answer': ['Бугалтер', 'Директор'], 'right_answer': ['Преподаватель'], 'id': 1}}]}
2026-08-29 at 23:25:18 | INFO | T:\Н папка\програмирование\python\project\pythonProject1\programForTecher\admin\static\GetClientData\UploadInServerClientCookie\ClientCookieData\question.json
2026-08-29 at 23:25:18 | INFO | T:\Н папка\програмирование\python\project\pythonProject1\programForTecher\client\static\GetClientData\UploadInServerClientCookie\ClientCookieData\question.json
2026-08-29 at 23:25:18 | INFO | \static\GetClientData\UploadInServerClientCookie\ClientCookieData\question.json
2026-08-29 at 23:25:18 | INFO | {'client_flag': True, 'Body': [{'Qst': {'question_name': 'Кто такой Патрин?', 'answer': ['Бухгалтер ', 'Директор'], 'right_answer': ['Преподаватель'], 'id': 1}}]}
2026-08-29 at 23:25:18 | INFO | T:\Н папка\програмирование\python\project\pythonProject1\programForTecher\admin\Settings\SettingsPage\settings_page.json
2026-08-29 at 23:25:18 | INFO | \Settings\SettingsPage\settings_page.json
2026-08-29 at 23:25:18 | INFO | {'Body': [{'name': 'version', 'value': 2.1}, {'name': 'url for update', 'value': 'https://github.com/RustFarmer/Test/blob/main/update_url_file.json'}]}
2026-08-29 at 23:25:18 | INFO | T:\Н папка\програмирование\python\project\pythonProject1\programForTecher\admin\Settings\UpdateProgram\UpdateData\update_url_file.json
2026-08-29 at 23:25:18 | INFO | \Settings\UpdateProgram\UpdateData\update_url_file.json
2026-08-29 at 23:25:18 | INFO | {'Body': {'rarFile': 'https://github.com/RustFarmer/Rust-helper/raw/refs/heads/main/v5.1.rar'}}
2026-08-29 at 23:25:18 | INFO | T:\Н папка\програмирование\python\project\pythonProject1\programForTecher\admin\static\GetClientData\UploadInServerClientCookie\ClientCookieData\settings.json
2026-08-29 at 23:25:18 | INFO | T:\Н папка\програмирование\python\project\pythonProject1\programForTecher\client\static\GetClientData\UploadInServerClientCookie\ClientCookieData\settings.json
2026-08-29 at 23:25:18 | INFO | \static\GetClientData\UploadInServerClientCookie\ClientCookieData\settings.json
2026-08-29 at 23:25:18 | INFO | {'client_flag': True, 'Body': []}
2026-08-29 at 23:25:18 | INFO | T:\Н папка\програмирование\python\project\pythonProject1\programForTecher\admin\PassCutOff\settings.json
2026-08-29 at 23:25:18 | INFO | \PassCutOff\settings.json
2026-08-29 at 23:25:18 | INFO | {'Body': []}
2026-08-29 at 23:25:18 | INFO | T:\Н папка\програмирование\python\project\pythonProject1\programForTecher\admin\ImageResultScreen\imageSettings.json
2026-08-29 at 23:25:18 | INFO | \ImageResultScreen\imageSettings.json
2026-08-29 at 23:25:18 | INFO | {'Body': []}
2026-08-29 at 23:25:18 | INFO | T:\Н папка\програмирование\python\project\pythonProject1\programForTecher\admin\ListBlancQuestion\listBlancQuestion.json
2026-08-29 at 23:25:18 | INFO | \ListBlancQuestion\listBlancQuestion.json
2026-08-29 at 23:25:18 | INFO | {'Body': []}
2026-08-29 at 23:26:23 | INFO | T:\Н папка\програмирование\python\project\pythonProject1\programForTecher\admin\Log\appFileLog.log
2026-08-29 at 23:26:23 | INFO | T:\Н папка\програмирование\python\project\pythonProject1\programForTecher\admin
2026-08-29 at 23:26:23 | INFO | T:\Н папка\програмирование\python\project\pythonProject1\programForTecher\client
2026-08-29 at 23:26:23 | INFO | {'\\Cookie\\local_cookie.json': {'Body': {'time_check_updates': '17:22 22.08.26', 'value_Check': False}}, '\\question.json': {'Body': [{'Qst': {'question_name': 'Кто такой Патрин?', 'answer': ['Бугалтер', 'Директор'], 'right_answer': ['Преподаватель'], 'id': 1}}]}, '\\static\\GetClientData\\UploadInServerClientCookie\\ClientCookieData\\question.json': {'client_flag': True, 'Body': [{'Qst': {'question_name': 'Кто такой Патрин?', 'answer': ['Бухгалтер ', 'Директор'], 'right_answer': ['Преподаватель'], 'id': 1}}]}, '\\Settings\\SettingsPage\\settings_page.json': {'Body': [{'name': 'version', 'value': 2.1}, {'name': 'url for update', 'value': 'https://github.com/RustFarmer/Test/blob/main/update_url_file.json'}]}, '\\Settings\\UpdateProgram\\UpdateData\\update_url_file.json': {'Body': {'rarFile': 'https://github.com/RustFarmer/Rust-helper/raw/refs/heads/main/v5.1.rar'}}, '\\static\\GetClientData\\UploadInServerClientCookie\\ClientCookieData\\settings.json': {'client_flag': True, 'Body': []}, '\\PassCutOff\\settings.json': {'Body': []}, '\\ImageResultScreen\\imageSettings.json': {'Body': []}, '\\ListBlancQuestion\\listBlancQuestion.json': {'Body': []}}
2026-08-29 at 23:26:23 | INFO | <class 'pathlib.WindowsPath'>
2026-08-29 at 23:26:23 | INFO | T:\Н папка\програмирование\python\project\pythonProject1\programForTecher\admin
2026-08-29 at 23:26:23 | INFO | {'\\Cookie\\local_cookie.json': {'Body': {'time_check_updates': '17:22 22.08.26', 'value_Check': False}}, '\\question.json': {'Body': [{'Qst': {'question_name': 'Кто такой Патрин?', 'answer': ['Бугалтер', 'Директор'], 'right_answer': ['Преподаватель'], 'id': 1}}]}, '\\static\\GetClientData\\UploadInServerClientCookie\\ClientCookieData\\question.json': {'client_flag': True, 'Body': [{'Qst': {'question_name': 'Кто такой Патрин?', 'answer': ['Бухгалтер ', 'Директор'], 'right_answer': ['Преподаватель'], 'id': 1}}]}, '\\Settings\\SettingsPage\\settings_page.json': {'Body': [{'name': 'version', 'value': 2.1}, {'name': 'url for update', 'value': 'https://github.com/RustFarmer/Test/blob/main/update_url_file.json'}]}, '\\Settings\\UpdateProgram\\UpdateData\\update_url_file.json': {'Body': {'rarFile': 'https://github.com/RustFarmer/Rust-helper/raw/refs/heads/main/v5.1.rar'}}, '\\static\\GetClientData\\UploadInServerClientCookie\\ClientCookieData\\settings.json': {'client_flag': True, 'Body': []}, '\\PassCutOff\\settings.json': {'Body': []}, '\\ImageResultScreen\\imageSettings.json': {'Body': []}, '\\ListBlancQuestion\\listBlancQuestion.json': {'Body': []}}
2026-08-29 at 23:26:23 | INFO | {'\\Cookie\\local_cookie.json': {'Body': {'time_check_updates': '17:22 22.08.26', 'value_Check': False}}, '\\question.json': {'Body': [{'Qst': {'question_name': 'Кто такой Патрин?', 'answer': ['Бугалтер', 'Директор'], 'right_answer': ['Преподаватель'], 'id': 1}}]}, '\\static\\GetClientData\\UploadInServerClientCookie\\ClientCookieData\\question.json': {'client_flag': True, 'Body': [{'Qst': {'question_name': 'Кто такой Патрин?', 'answer': ['Бухгалтер ', 'Директор'], 'right_answer': ['Преподаватель'], 'id': 1}}]}, '\\Settings\\SettingsPage\\settings_page.json': {'Body': [{'name': 'version', 'value': 2.1}, {'name': 'url for update', 'value': 'https://github.com/RustFarmer/Test/blob/main/update_url_file.json'}]}, '\\Settings\\UpdateProgram\\UpdateData\\update_url_file.json': {'Body': {'rarFile': 'https://github.com/RustFarmer/Rust-helper/raw/refs/heads/main/v5.1.rar'}}, '\\static\\GetClientData\\UploadInServerClientCookie\\ClientCookieData\\settings.json': {'client_flag': True, 'Body': []}, '\\PassCutOff\\settings.json': {'Body': []}, '\\ImageResultScreen\\imageSettings.json': {'Body': []}, '\\ListBlancQuestion\\listBlancQuestion.json': {'Body': []}}
2026-08-29 at 23:26:23 | INFO | T:\Н папка\програмирование\python\project\pythonProject1\programForTecher\admin\Cookie\local_cookie.json
2026-08-29 at 23:26:23 | INFO | \Cookie\local_cookie.json
2026-08-29 at 23:26:23 | INFO | {'Body': {'time_check_updates': '17:22 22.08.26', 'value_Check': False}}
2026-08-29 at 23:26:23 | INFO | T:\Н папка\програмирование\python\project\pythonProject1\programForTecher\admin\question.json
2026-08-29 at 23:26:23 | INFO | \question.json
2026-08-29 at 23:26:23 | INFO | {'Body': [{'Qst': {'question_name': 'Кто такой Патрин?', 'answer': ['Бугалтер', 'Директор'], 'right_answer': ['Преподаватель'], 'id': 1}}]}
2026-08-29 at 23:26:23 | INFO | T:\Н папка\програмирование\python\project\pythonProject1\programForTecher\admin\static\GetClientData\UploadInServerClientCookie\ClientCookieData\question.json
2026-08-29 at 23:26:23 | INFO | T:\Н папка\програмирование\python\project\pythonProject1\programForTecher\client\static\GetClientData\UploadInServerClientCookie\ClientCookieData\question.json
2026-08-29 at 23:26:23 | INFO | \static\GetClientData\UploadInServerClientCookie\ClientCookieData\question.json
2026-08-29 at 23:26:23 | INFO | {'client_flag': True, 'Body': [{'Qst': {'question_name': 'Кто такой Патрин?', 'answer': ['Бухгалтер ', 'Директор'], 'right_answer': ['Преподаватель'], 'id': 1}}]}
2026-08-29 at 23:26:23 | INFO | T:\Н папка\програмирование\python\project\pythonProject1\programForTecher\admin\Settings\SettingsPage\settings_page.json
2026-08-29 at 23:26:23 | INFO | \Settings\SettingsPage\settings_page.json
2026-08-29 at 23:26:23 | INFO | {'Body': [{'name': 'version', 'value': 2.1}, {'name': 'url for update', 'value': 'https://github.com/RustFarmer/Test/blob/main/update_url_file.json'}]}
2026-08-29 at 23:26:23 | INFO | T:\Н папка\програмирование\python\project\pythonProject1\programForTecher\admin\Settings\UpdateProgram\UpdateData\update_url_file.json
2026-08-29 at 23:26:23 | INFO | \Settings\UpdateProgram\UpdateData\update_url_file.json
2026-08-29 at 23:26:23 | INFO | {'Body': {'rarFile': 'https://github.com/RustFarmer/Rust-helper/raw/refs/heads/main/v5.1.rar'}}
2026-08-29 at 23:26:23 | INFO | T:\Н папка\програмирование\python\project\pythonProject1\programForTecher\admin\static\GetClientData\UploadInServerClientCookie\ClientCookieData\settings.json
2026-08-29 at 23:26:23 | INFO | T:\Н папка\програмирование\python\project\pythonProject1\programForTecher\client\static\GetClientData\UploadInServerClientCookie\ClientCookieData\settings.json
2026-08-29 at 23:26:23 | INFO | \static\GetClientData\UploadInServerClientCookie\ClientCookieData\settings.json
2026-08-29 at 23:26:23 | INFO | {'client_flag': True, 'Body': []}
2026-08-29 at 23:26:23 | INFO | T:\Н папка\програмирование\python\project\pythonProject1\programForTecher\admin\PassCutOff\settings.json
2026-08-29 at 23:26:23 | INFO | \PassCutOff\settings.json
2026-08-29 at 23:26:23 | INFO | {'Body': []}
2026-08-29 at 23:26:23 | INFO | T:\Н папка\програмирование\python\project\pythonProject1\programForTecher\admin\ImageResultScreen\imageSettings.json
2026-08-29 at 23:26:23 | INFO | \ImageResultScreen\imageSettings.json
2026-08-29 at 23:26:23 | INFO | {'Body': []}
2026-08-29 at 23:26:23 | INFO | T:\Н папка\програмирование\python\project\pythonProject1\programForTecher\admin\ListBlancQuestion\listBlancQuestion.json
2026-08-29 at 23:26:23 | INFO | \ListBlancQuestion\listBlancQuestion.json
2026-08-29 at 23:26:23 | INFO | {'Body': []}
2026-08-29 at 23:27:15 | INFO | T:\Н папка\програмирование\python\project\pythonProject1\programForTecher\admin\Log\appFileLog.log
2026-08-29 at 23:27:15 | INFO | T:\Н папка\програмирование\python\project\pythonProject1\programForTecher\admin
2026-08-29 at 23:27:15 | INFO | T:\Н папка\програмирование\python\project\pythonProject1\programForTecher\client
2026-08-29 at 23:27:15 | INFO | {'\\Cookie\\local_cookie.json': {'Body': {'time_check_updates': '17:22 22.08.26', 'value_Check': False}}, '\\question.json': {'Body': [{'Qst': {'question_name': 'Кто такой Патрин?', 'answer': ['Бугалтер', 'Директор'], 'right_answer': ['Преподаватель'], 'id': 1}}]}, '\\static\\GetClientData\\UploadInServerClientCookie\\ClientCookieData\\question.json': {'client_flag': True, 'Body': [{'Qst': {'question_name': 'Кто такой Патрин?', 'answer': ['Бухгалтер ', 'Директор'], 'right_answer': ['Преподаватель'], 'id': 1}}]}, '\\Settings\\SettingsPage\\settings_page.json': {'Body': [{'name': 'version', 'value': 2.1}, {'name': 'url for update', 'value': 'https://github.com/RustFarmer/Test/blob/main/update_url_file.json'}]}, '\\Settings\\UpdateProgram\\UpdateData\\update_url_file.json': {'Body': {'rarFile': 'https://github.com/RustFarmer/Rust-helper/raw/refs/heads/main/v5.1.rar'}}, '\\static\\GetClientData\\UploadInServerClientCookie\\ClientCookieData\\settings.json': {'client_flag': True, 'Body': []}, '\\PassCutOff\\settings.json': {'Body': []}, '\\ImageResultScreen\\imageSettings.json': {'Body': []}, '\\ListBlancQuestion\\listBlancQuestion.json': {'Body': []}}
2026-08-29 at 23:27:15 | INFO | <class 'pathlib.WindowsPath'>
2026-08-29 at 23:27:15 | INFO | T:\Н папка\програмирование\python\project\pythonProject1\programForTecher\admin
2026-08-29 at 23:27:15 | INFO | {'\\Cookie\\local_cookie.json': {'Body': {'time_check_updates': '17:22 22.08.26', 'value_Check': False}}, '\\question.json': {'Body': [{'Qst': {'question_name': 'Кто такой Патрин?', 'answer': ['Бугалтер', 'Директор'], 'right_answer': ['Преподаватель'], 'id': 1}}]}, '\\static\\GetClientData\\UploadInServerClientCookie\\ClientCookieData\\question.json': {'client_flag': True, 'Body': [{'Qst': {'question_name': 'Кто такой Патрин?', 'answer': ['Бухгалтер ', 'Директор'], 'right_answer': ['Преподаватель'], 'id': 1}}]}, '\\Settings\\SettingsPage\\settings_page.json': {'Body': [{'name': 'version', 'value': 2.1}, {'name': 'url for update', 'value': 'https://github.com/RustFarmer/Test/blob/main/update_url_file.json'}]}, '\\Settings\\UpdateProgram\\UpdateData\\update_url_file.json': {'Body': {'rarFile': 'https://github.com/RustFarmer/Rust-helper/raw/refs/heads/main/v5.1.rar'}}, '\\static\\GetClientData\\UploadInServerClientCookie\\ClientCookieData\\settings.json': {'client_flag': True, 'Body': []}, '\\PassCutOff\\settings.json': {'Body': []}, '\\ImageResultScreen\\imageSettings.json': {'Body': []}, '\\ListBlancQuestion\\listBlancQuestion.json': {'Body': []}}
2026-08-29 at 23:27:15 | INFO | {'\\Cookie\\local_cookie.json': {'Body': {'time_check_updates': '17:22 22.08.26', 'value_Check': False}}, '\\question.json': {'Body': [{'Qst': {'question_name': 'Кто такой Патрин?', 'answer': ['Бугалтер', 'Директор'], 'right_answer': ['Преподаватель'], 'id': 1}}]}, '\\static\\GetClientData\\UploadInServerClientCookie\\ClientCookieData\\question.json': {'client_flag': True, 'Body': [{'Qst': {'question_name': 'Кто такой Патрин?', 'answer': ['Бухгалтер ', 'Директор'], 'right_answer': ['Преподаватель'], 'id': 1}}]}, '\\Settings\\SettingsPage\\settings_page.json': {'Body': [{'name': 'version', 'value': 2.1}, {'name': 'url for update', 'value': 'https://github.com/RustFarmer/Test/blob/main/update_url_file.json'}]}, '\\Settings\\UpdateProgram\\UpdateData\\update_url_file.json': {'Body': {'rarFile': 'https://github.com/RustFarmer/Rust-helper/raw/refs/heads/main/v5.1.rar'}}, '\\static\\GetClientData\\UploadInServerClientCookie\\ClientCookieData\\settings.json': {'client_flag': True, 'Body': []}, '\\PassCutOff\\settings.json': {'Body': []}, '\\ImageResultScreen\\imageSettings.json': {'Body': []}, '\\ListBlancQuestion\\listBlancQuestion.json': {'Body': []}}
2026-08-29 at 23:27:15 | INFO | T:\Н папка\програмирование\python\project\pythonProject1\programForTecher\admin\Cookie\local_cookie.json
2026-08-29 at 23:27:15 | INFO | \Cookie\local_cookie.json
2026-08-29 at 23:27:15 | INFO | {'Body': {'time_check_updates': '17:22 22.08.26', 'value_Check': False}}
2026-08-29 at 23:27:15 | INFO | T:\Н папка\програмирование\python\project\pythonProject1\programForTecher\admin\question.json
2026-08-29 at 23:27:15 | INFO | \question.json
2026-08-29 at 23:27:15 | INFO | {'Body': [{'Qst': {'question_name': 'Кто такой Патрин?', 'answer': ['Бугалтер', 'Директор'], 'right_answer': ['Преподаватель'], 'id': 1}}]}
2026-08-29 at 23:27:15 | INFO | T:\Н папка\програмирование\python\project\pythonProject1\programForTecher\admin\static\GetClientData\UploadInServerClientCookie\ClientCookieData\question.json
2026-08-29 at 23:27:15 | INFO | T:\Н папка\програмирование\python\project\pythonProject1\programForTecher\client\static\GetClientData\UploadInServerClientCookie\ClientCookieData\question.json
2026-08-29 at 23:27:15 | INFO | \static\GetClientData\UploadInServerClientCookie\ClientCookieData\question.json
2026-08-29 at 23:27:15 | INFO | {'client_flag': True, 'Body': [{'Qst': {'question_name': 'Кто такой Патрин?', 'answer': ['Бухгалтер ', 'Директор'], 'right_answer': ['Преподаватель'], 'id': 1}}]}
2026-08-29 at 23:27:15 | INFO | T:\Н папка\програмирование\python\project\pythonProject1\programForTecher\admin\Settings\SettingsPage\settings_page.json
2026-08-29 at 23:27:15 | INFO | \Settings\SettingsPage\settings_page.json
2026-08-29 at 23:27:15 | INFO | {'Body': [{'name': 'version', 'value': 2.1}, {'name': 'url for update', 'value': 'https://github.com/RustFarmer/Test/blob/main/update_url_file.json'}]}
2026-08-29 at 23:27:15 | INFO | T:\Н папка\програмирование\python\project\pythonProject1\programForTecher\admin\Settings\UpdateProgram\UpdateData\update_url_file.json
2026-08-29 at 23:27:15 | INFO | \Settings\UpdateProgram\UpdateData\update_url_file.json
2026-08-29 at 23:27:15 | INFO | {'Body': {'rarFile': 'https://github.com/RustFarmer/Rust-helper/raw/refs/heads/main/v5.1.rar'}}
2026-08-29 at 23:27:15 | INFO | T:\Н папка\програмирование\python\project\pythonProject1\programForTecher\admin\static\GetClientData\UploadInServerClientCookie\ClientCookieData\settings.json
2026-08-29 at 23:27:15 | INFO | T:\Н папка\програмирование\python\project\pythonProject1\programForTecher\client\static\GetClientData\UploadInServerClientCookie\ClientCookieData\settings.json
2026-08-29 at 23:27:15 | INFO | \static\GetClientData\UploadInServerClientCookie\ClientCookieData\settings.json
2026-08-29 at 23:27:15 | INFO | {'client_flag': True, 'Body': []}
2026-08-29 at 23:27:15 | INFO | T:\Н папка\програмирование\python\project\pythonProject1\programForTecher\admin\PassCutOff\settings.json
2026-08-29 at 23:27:15 | INFO | \PassCutOff\settings.json
2026-08-29 at 23:27:15 | INFO | {'Body': []}
2026-08-29 at 23:27:15 | INFO | T:\Н папка\програмирование\python\project\pythonProject1\programForTecher\admin\ImageResultScreen\imageSettings.json
2026-08-29 at 23:27:15 | INFO | \ImageResultScreen\imageSettings.json
2026-08-29 at 23:27:15 | INFO | {'Body': []}
2026-08-29 at 23:27:15 | INFO | T:\Н папка\програмирование\python\project\pythonProject1\programForTecher\admin\ListBlancQuestion\listBlancQuestion.json
2026-08-29 at 23:27:15 | INFO | \ListBlancQuestion\listBlancQuestion.json
2026-08-29 at 23:27:15 | INFO | {'Body': []}
2026-08-29 at 23:27:57 | INFO | T:\Н папка\програмирование\python\project\pythonProject1\programForTecher\admin\Log\appFileLog.log
2026-08-29 at 23:27:57 | INFO | T:\Н папка\програмирование\python\project\pythonProject1\programForTecher\admin
2026-08-29 at 23:27:57 | INFO | T:\Н папка\програмирование\python\project\pythonProject1\programForTecher\client
2026-08-29 at 23:27:57 | INFO | {'\\Cookie\\local_cookie.json': {'Body': {'time_check_updates': '17:22 22.08.26', 'value_Check': False}}, '\\question.json': {'Body': [{'Qst': {'question_name': 'Кто такой Патрин?', 'answer': ['Бугалтер', 'Директор'], 'right_answer': ['Преподаватель'], 'id': 1}}]}, '\\static\\GetClientData\\UploadInServerClientCookie\\ClientCookieData\\question.json': {'client_flag': True, 'Body': [{'Qst': {'question_name': 'Кто такой Патрин?', 'answer': ['Бухгалтер ', 'Директор'], 'right_answer': ['Преподаватель'], 'id': 1}}]}, '\\Settings\\SettingsPage\\settings_page.json': {'Body': [{'name': 'version', 'value': 2.1}, {'name': 'url for update', 'value': 'https://github.com/RustFarmer/Test/blob/main/update_url_file.json'}]}, '\\Settings\\UpdateProgram\\UpdateData\\update_url_file.json': {'Body': {'rarFile': 'https://github.com/RustFarmer/Rust-helper/raw/refs/heads/main/v5.1.rar'}}, '\\static\\GetClientData\\UploadInServerClientCookie\\ClientCookieData\\settings.json': {'client_flag': True, 'Body': []}, '\\PassCutOff\\settings.json': {'Body': []}, '\\ImageResultScreen\\imageSettings.json': {'Body': []}, '\\ListBlancQuestion\\listBlancQuestion.json': {'Body': []}}
2026-08-29 at 23:27:57 | INFO | <class 'pathlib.WindowsPath'>
2026-08-29 at 23:27:57 | INFO | T:\Н папка\програмирование\python\project\pythonProject1\programForTecher\admin
2026-08-29 at 23:27:57 | INFO | {'\\Cookie\\local_cookie.json': {'Body': {'time_check_updates': '17:22 22.08.26', 'value_Check': False}}, '\\question.json': {'Body': [{'Qst': {'question_name': 'Кто такой Патрин?', 'answer': ['Бугалтер', 'Директор'], 'right_answer': ['Преподаватель'], 'id': 1}}]}, '\\static\\GetClientData\\UploadInServerClientCookie\\ClientCookieData\\question.json': {'client_flag': True, 'Body': [{'Qst': {'question_name': 'Кто такой Патрин?', 'answer': ['Бухгалтер ', 'Директор'], 'right_answer': ['Преподаватель'], 'id': 1}}]}, '\\Settings\\SettingsPage\\settings_page.json': {'Body': [{'name': 'version', 'value': 2.1}, {'name': 'url for update', 'value': 'https://github.com/RustFarmer/Test/blob/main/update_url_file.json'}]}, '\\Settings\\UpdateProgram\\UpdateData\\update_url_file.json': {'Body': {'rarFile': 'https://github.com/RustFarmer/Rust-helper/raw/refs/heads/main/v5.1.rar'}}, '\\static\\GetClientData\\UploadInServerClientCookie\\ClientCookieData\\settings.json': {'client_flag': True, 'Body': []}, '\\PassCutOff\\settings.json': {'Body': []}, '\\ImageResultScreen\\imageSettings.json': {'Body': []}, '\\ListBlancQuestion\\listBlancQuestion.json': {'Body': []}}
2026-08-29 at 23:27:57 | INFO | {'\\Cookie\\local_cookie.json': {'Body': {'time_check_updates': '17:22 22.08.26', 'value_Check': False}}, '\\question.json': {'Body': [{'Qst': {'question_name': 'Кто такой Патрин?', 'answer': ['Бугалтер', 'Директор'], 'right_answer': ['Преподаватель'], 'id': 1}}]}, '\\static\\GetClientData\\UploadInServerClientCookie\\ClientCookieData\\question.json': {'client_flag': True, 'Body': [{'Qst': {'question_name': 'Кто такой Патрин?', 'answer': ['Бухгалтер ', 'Директор'], 'right_answer': ['Преподаватель'], 'id': 1}}]}, '\\Settings\\SettingsPage\\settings_page.json': {'Body': [{'name': 'version', 'value': 2.1}, {'name': 'url for update', 'value': 'https://github.com/RustFarmer/Test/blob/main/update_url_file.json'}]}, '\\Settings\\UpdateProgram\\UpdateData\\update_url_file.json': {'Body': {'rarFile': 'https://github.com/RustFarmer/Rust-helper/raw/refs/heads/main/v5.1.rar'}}, '\\static\\GetClientData\\UploadInServerClientCookie\\ClientCookieData\\settings.json': {'client_flag': True, 'Body': []}, '\\PassCutOff\\settings.json': {'Body': []}, '\\ImageResultScreen\\imageSettings.json': {'Body': []}, '\\ListBlancQuestion\\listBlancQuestion.json': {'Body': []}}
2026-08-29 at 23:27:57 | INFO | T:\Н папка\програмирование\python\project\pythonProject1\programForTecher\admin\Cookie\local_cookie.json
2026-08-29 at 23:27:57 | INFO | \Cookie\local_cookie.json
2026-08-29 at 23:27:57 | INFO | {'Body': {'time_check_updates': '17:22 22.08.26', 'value_Check': False}}
2026-08-29 at 23:27:57 | INFO | T:\Н папка\програмирование\python\project\pythonProject1\programForTecher\admin\question.json
2026-08-29 at 23:27:57 | INFO | \question.json
2026-08-29 at 23:27:57 | INFO | {'Body': [{'Qst': {'question_name': 'Кто такой Патрин?', 'answer': ['Бугалтер', 'Директор'], 'right_answer': ['Преподаватель'], 'id': 1}}]}
2026-08-29 at 23:27:57 | INFO | T:\Н папка\програмирование\python\project\pythonProject1\programForTecher\admin\static\GetClientData\UploadInServerClientCookie\ClientCookieData\question.json
2026-08-29 at 23:27:57 | INFO | T:\Н папка\програмирование\python\project\pythonProject1\programForTecher\client\static\GetClientData\UploadInServerClientCookie\ClientCookieData\question.json
2026-08-29 at 23:27:57 | INFO | \static\GetClientData\UploadInServerClientCookie\ClientCookieData\question.json
2026-08-29 at 23:27:57 | INFO | {'client_flag': True, 'Body': [{'Qst': {'question_name': 'Кто такой Патрин?', 'answer': ['Бухгалтер ', 'Директор'], 'right_answer': ['Преподаватель'], 'id': 1}}]}
2026-08-29 at 23:27:57 | INFO | T:\Н папка\програмирование\python\project\pythonProject1\programForTecher\admin\Settings\SettingsPage\settings_page.json
2026-08-29 at 23:27:57 | INFO | \Settings\SettingsPage\settings_page.json
2026-08-29 at 23:27:57 | INFO | {'Body': [{'name': 'version', 'value': 2.1}, {'name': 'url for update', 'value': 'https://github.com/RustFarmer/Test/blob/main/update_url_file.json'}]}
2026-08-29 at 23:27:57 | INFO | T:\Н папка\програмирование\python\project\pythonProject1\programForTecher\admin\Settings\UpdateProgram\UpdateData\update_url_file.json
2026-08-29 at 23:27:57 | INFO | \Settings\UpdateProgram\UpdateData\update_url_file.json
2026-08-29 at 23:27:57 | INFO | {'Body': {'rarFile': 'https://github.com/RustFarmer/Rust-helper/raw/refs/heads/main/v5.1.rar'}}
2026-08-29 at 23:27:57 | INFO | T:\Н папка\програмирование\python\project\pythonProject1\programForTecher\admin\static\GetClientData\UploadInServerClientCookie\ClientCookieData\settings.json
2026-08-29 at 23:27:57 | INFO | T:\Н папка\програмирование\python\project\pythonProject1\programForTecher\client\static\GetClientData\UploadInServerClientCookie\ClientCookieData\settings.json
2026-08-29 at 23:27:57 | INFO | \static\GetClientData\UploadInServerClientCookie\ClientCookieData\settings.json
2026-08-29 at 23:27:57 | INFO | {'client_flag': True, 'Body': []}
2026-08-29 at 23:27:57 | INFO | T:\Н папка\програмирование\python\project\pythonProject1\programForTecher\admin\PassCutOff\settings.json
2026-08-29 at 23:27:57 | INFO | \PassCutOff\settings.json
2026-08-29 at 23:27:57 | INFO | {'Body': []}
2026-08-29 at 23:27:57 | INFO | T:\Н папка\програмирование\python\project\pythonProject1\programForTecher\admin\ImageResultScreen\imageSettings.json
2026-08-29 at 23:27:57 | INFO | \ImageResultScreen\imageSettings.json
2026-08-29 at 23:27:57 | INFO | {'Body': []}
2026-08-29 at 23:27:57 | INFO | T:\Н папка\програмирование\python\project\pythonProject1\programForTecher\admin\ListBlancQuestion\listBlancQuestion.json
2026-08-29 at 23:27:57 | INFO | \ListBlancQuestion\listBlancQuestion.json
2026-08-29 at 23:27:57 | INFO | {'Body': []}
2026-08-29 at 23:28:05 | INFO | T:\Н папка\програмирование\python\project\pythonProject1\programForTecher\admin\Log\appFileLog.log
2026-08-29 at 23:28:05 | INFO | T:\Н папка\програмирование\python\project\pythonProject1\programForTecher\admin
2026-08-29 at 23:28:05 | INFO | T:\Н папка\програмирование\python\project\pythonProject1\programForTecher\client
2026-08-29 at 23:28:05 | INFO | {'\\Cookie\\local_cookie.json': {'Body': {'time_check_updates': '17:22 22.08.26', 'value_Check': False}}, '\\question.json': {'Body': [{'Qst': {'question_name': 'Кто такой Патрин?', 'answer': ['Бугалтер', 'Директор'], 'right_answer': ['Преподаватель'], 'id': 1}}]}, '\\static\\GetClientData\\UploadInServerClientCookie\\ClientCookieData\\question.json': {'client_flag': True, 'Body': [{'Qst': {'question_name': 'Кто такой Патрин?', 'answer': ['Бухгалтер ', 'Директор'], 'right_answer': ['Преподаватель'], 'id': 1}}]}, '\\Settings\\SettingsPage\\settings_page.json': {'Body': [{'name': 'version', 'value': 2.1}, {'name': 'url for update', 'value': 'https://github.com/RustFarmer/Test/blob/main/update_url_file.json'}]}, '\\Settings\\UpdateProgram\\UpdateData\\update_url_file.json': {'Body': {'rarFile': 'https://github.com/RustFarmer/Rust-helper/raw/refs/heads/main/v5.1.rar'}}, '\\static\\GetClientData\\UploadInServerClientCookie\\ClientCookieData\\settings.json': {'client_flag': True, 'Body': []}, '\\PassCutOff\\settings.json': {'Body': []}, '\\ImageResultScreen\\imageSettings.json': {'Body': []}, '\\ListBlancQuestion\\listBlancQuestion.json': {'Body': []}}
2026-08-29 at 23:28:05 | INFO | <class 'pathlib.WindowsPath'>
2026-08-29 at 23:28:05 | INFO | T:\Н папка\програмирование\python\project\pythonProject1\programForTecher\admin
2026-08-29 at 23:28:05 | INFO | {'\\Cookie\\local_cookie.json': {'Body': {'time_check_updates': '17:22 22.08.26', 'value_Check': False}}, '\\question.json': {'Body': [{'Qst': {'question_name': 'Кто такой Патрин?', 'answer': ['Бугалтер', 'Директор'], 'right_answer': ['Преподаватель'], 'id': 1}}]}, '\\static\\GetClientData\\UploadInServerClientCookie\\ClientCookieData\\question.json': {'client_flag': True, 'Body': [{'Qst': {'question_name': 'Кто такой Патрин?', 'answer': ['Бухгалтер ', 'Директор'], 'right_answer': ['Преподаватель'], 'id': 1}}]}, '\\Settings\\SettingsPage\\settings_page.json': {'Body': [{'name': 'version', 'value': 2.1}, {'name': 'url for update', 'value': 'https://github.com/RustFarmer/Test/blob/main/update_url_file.json'}]}, '\\Settings\\UpdateProgram\\UpdateData\\update_url_file.json': {'Body': {'rarFile': 'https://github.com/RustFarmer/Rust-helper/raw/refs/heads/main/v5.1.rar'}}, '\\static\\GetClientData\\UploadInServerClientCookie\\ClientCookieData\\settings.json': {'client_flag': True, 'Body': []}, '\\PassCutOff\\settings.json': {'Body': []}, '\\ImageResultScreen\\imageSettings.json': {'Body': []}, '\\ListBlancQuestion\\listBlancQuestion.json': {'Body': []}}
2026-08-29 at 23:28:05 | INFO | {'\\Cookie\\local_cookie.json': {'Body': {'time_check_updates': '17:22 22.08.26', 'value_Check': False}}, '\\question.json': {'Body': [{'Qst': {'question_name': 'Кто такой Патрин?', 'answer': ['Бугалтер', 'Директор'], 'right_answer': ['Преподаватель'], 'id': 1}}]}, '\\static\\GetClientData\\UploadInServerClientCookie\\ClientCookieData\\question.json': {'client_flag': True, 'Body': [{'Qst': {'question_name': 'Кто такой Патрин?', 'answer': ['Бухгалтер ', 'Директор'], 'right_answer': ['Преподаватель'], 'id': 1}}]}, '\\Settings\\SettingsPage\\settings_page.json': {'Body': [{'name': 'version', 'value': 2.1}, {'name': 'url for update', 'value': 'https://github.com/RustFarmer/Test/blob/main/update_url_file.json'}]}, '\\Settings\\UpdateProgram\\UpdateData\\update_url_file.json': {'Body': {'rarFile': 'https://github.com/RustFarmer/Rust-helper/raw/refs/heads/main/v5.1.rar'}}, '\\static\\GetClientData\\UploadInServerClientCookie\\ClientCookieData\\settings.json': {'client_flag': True, 'Body': []}, '\\PassCutOff\\settings.json': {'Body': []}, '\\ImageResultScreen\\imageSettings.json': {'Body': []}, '\\ListBlancQuestion\\listBlancQuestion.json': {'Body': []}}
2026-08-29 at 23:28:05 | INFO | T:\Н папка\програмирование\python\project\pythonProject1\programForTecher\admin\Cookie\local_cookie.json
2026-08-29 at 23:28:05 | INFO | \Cookie\local_cookie.json
2026-08-29 at 23:28:05 | INFO | {'Body': {'time_check_updates': '17:22 22.08.26', 'value_Check': False}}
2026-08-29 at 23:28:05 | INFO | T:\Н папка\програмирование\python\project\pythonProject1\programForTecher\admin\question.json
2026-08-29 at 23:28:05 | INFO | \question.json
2026-08-29 at 23:28:05 | INFO | {'Body': [{'Qst': {'question_name': 'Кто такой Патрин?', 'answer': ['Бугалтер', 'Директор'], 'right_answer': ['Преподаватель'], 'id': 1}}]}
2026-08-29 at 23:28:05 | INFO | T:\Н папка\програмирование\python\project\pythonProject1\programForTecher\admin\static\GetClientData\UploadInServerClientCookie\ClientCookieData\question.json
2026-08-29 at 23:28:05 | INFO | T:\Н папка\програмирование\python\project\pythonProject1\programForTecher\client\static\GetClientData\UploadInServerClientCookie\ClientCookieData\question.json
2026-08-29 at 23:28:05 | INFO | \static\GetClientData\UploadInServerClientCookie\ClientCookieData\question.json
2026-08-29 at 23:28:05 | INFO | {'client_flag': True, 'Body': [{'Qst': {'question_name': 'Кто такой Патрин?', 'answer': ['Бухгалтер ', 'Директор'], 'right_answer': ['Преподаватель'], 'id': 1}}]}
2026-08-29 at 23:28:05 | INFO | T:\Н папка\програмирование\python\project\pythonProject1\programForTecher\admin\Settings\SettingsPage\settings_page.json
2026-08-29 at 23:28:05 | INFO | \Settings\SettingsPage\settings_page.json
2026-08-29 at 23:28:05 | INFO | {'Body': [{'name': 'version', 'value': 2.1}, {'name': 'url for update', 'value': 'https://github.com/RustFarmer/Test/blob/main/update_url_file.json'}]}
2026-08-29 at 23:28:05 | INFO | T:\Н папка\програмирование\python\project\pythonProject1\programForTecher\admin\Settings\UpdateProgram\UpdateData\update_url_file.json
2026-08-29 at 23:28:05 | INFO | \Settings\UpdateProgram\UpdateData\update_url_file.json
2026-08-29 at 23:28:05 | INFO | {'Body': {'rarFile': 'https://github.com/RustFarmer/Rust-helper/raw/refs/heads/main/v5.1.rar'}}
2026-08-29 at 23:28:05 | INFO | T:\Н папка\програмирование\python\project\pythonProject1\programForTecher\admin\static\GetClientData\UploadInServerClientCookie\ClientCookieData\settings.json
2026-08-29 at 23:28:05 | INFO | T:\Н папка\програмирование\python\project\pythonProject1\programForTecher\client\static\GetClientData\UploadInServerClientCookie\ClientCookieData\settings.json
2026-08-29 at 23:28:05 | INFO | \static\GetClientData\UploadInServerClientCookie\ClientCookieData\settings.json
2026-08-29 at 23:28:05 | INFO | {'client_flag': True, 'Body': []}
2026-08-29 at 23:28:05 | INFO | T:\Н папка\програмирование\python\project\pythonProject1\programForTecher\admin\PassCutOff\settings.json
2026-08-29 at 23:28:05 | INFO | \PassCutOff\settings.json
2026-08-29 at 23:28:05 | INFO | {'Body': []}
2026-08-29 at 23:28:05 | INFO | T:\Н папка\програмирование\python\project\pythonProject1\programForTecher\admin\ImageResultScreen\imageSettings.json
2026-08-29 at 23:28:05 | INFO | \ImageResultScreen\imageSettings.json
2026-08-29 at 23:28:05 | INFO | {'Body': []}
2026-08-29 at 23:28:05 | INFO | T:\Н папка\програмирование\python\project\pythonProject1\programForTecher\admin\ListBlancQuestion\listBlancQuestion.json
2026-08-29 at 23:28:05 | INFO | \ListBlancQuestion\listBlancQuestion.json
2026-08-29 at 23:28:05 | INFO | {'Body': []}
2026-08-29 at 23:28:15 | INFO | T:\Н папка\програмирование\python\project\pythonProject1\programForTecher\admin\Log\appFileLog.log
2026-08-29 at 23:28:15 | INFO | T:\Н папка\програмирование\python\project\pythonProject1\programForTecher\admin
2026-08-29 at 23:28:15 | INFO | T:\Н папка\програмирование\python\project\pythonProject1\programForTecher\client
2026-08-29 at 23:28:15 | INFO | {'\\Cookie\\local_cookie.json': {'Body': {'time_check_updates': '17:22 22.08.26', 'value_Check': False}}, '\\question.json': {'Body': [{'Qst': {'question_name': 'Кто такой Патрин?', 'answer': ['Бугалтер', 'Директор'], 'right_answer': ['Преподаватель'], 'id': 1}}]}, '\\static\\GetClientData\\UploadInServerClientCookie\\ClientCookieData\\question.json': {'client_flag': True, 'Body': [{'Qst': {'question_name': 'Кто такой Патрин?', 'answer': ['Бухгалтер ', 'Директор'], 'right_answer': ['Преподаватель'], 'id': 1}}]}, '\\Settings\\SettingsPage\\settings_page.json': {'Body': [{'name': 'version', 'value': 2.1}, {'name': 'url for update', 'value': 'https://github.com/RustFarmer/Test/blob/main/update_url_file.json'}]}, '\\Settings\\UpdateProgram\\UpdateData\\update_url_file.json': {'Body': {'rarFile': 'https://github.com/RustFarmer/Rust-helper/raw/refs/heads/main/v5.1.rar'}}, '\\static\\GetClientData\\UploadInServerClientCookie\\ClientCookieData\\settings.json': {'client_flag': True, 'Body': []}, '\\PassCutOff\\settings.json': {'Body': []}, '\\ImageResultScreen\\imageSettings.json': {'Body': []}, '\\ListBlancQuestion\\listBlancQuestion.json': {'Body': []}}
2026-08-29 at 23:28:15 | INFO | <class 'pathlib.WindowsPath'>
2026-08-29 at 23:28:15 | INFO | T:\Н папка\програмирование\python\project\pythonProject1\programForTecher\admin
2026-08-29 at 23:28:15 | INFO | {'\\Cookie\\local_cookie.json': {'Body': {'time_check_updates': '17:22 22.08.26', 'value_Check': False}}, '\\question.json': {'Body': [{'Qst': {'question_name': 'Кто такой Патрин?', 'answer': ['Бугалтер', 'Директор'], 'right_answer': ['Преподаватель'], 'id': 1}}]}, '\\static\\GetClientData\\UploadInServerClientCookie\\ClientCookieData\\question.json': {'client_flag': True, 'Body': [{'Qst': {'question_name': 'Кто такой Патрин?', 'answer': ['Бухгалтер ', 'Директор'], 'right_answer': ['Преподаватель'], 'id': 1}}]}, '\\Settings\\SettingsPage\\settings_page.json': {'Body': [{'name': 'version', 'value': 2.1}, {'name': 'url for update', 'value': 'https://github.com/RustFarmer/Test/blob/main/update_url_file.json'}]}, '\\Settings\\UpdateProgram\\UpdateData\\update_url_file.json': {'Body': {'rarFile': 'https://github.com/RustFarmer/Rust-helper/raw/refs/heads/main/v5.1.rar'}}, '\\static\\GetClientData\\UploadInServerClientCookie\\ClientCookieData\\settings.json': {'client_flag': True, 'Body': []}, '\\PassCutOff\\settings.json': {'Body': []}, '\\ImageResultScreen\\imageSettings.json': {'Body': []}, '\\ListBlancQuestion\\listBlancQuestion.json': {'Body': []}}
2026-08-29 at 23:28:15 | INFO | {'\\Cookie\\local_cookie.json': {'Body': {'time_check_updates': '17:22 22.08.26', 'value_Check': False}}, '\\question.json': {'Body': [{'Qst': {'question_name': 'Кто такой Патрин?', 'answer': ['Бугалтер', 'Директор'], 'right_answer': ['Преподаватель'], 'id': 1}}]}, '\\static\\GetClientData\\UploadInServerClientCookie\\ClientCookieData\\question.json': {'client_flag': True, 'Body': [{'Qst': {'question_name': 'Кто такой Патрин?', 'answer': ['Бухгалтер ', 'Директор'], 'right_answer': ['Преподаватель'], 'id': 1}}]}, '\\Settings\\SettingsPage\\settings_page.json': {'Body': [{'name': 'version', 'value': 2.1}, {'name': 'url for update', 'value': 'https://github.com/RustFarmer/Test/blob/main/update_url_file.json'}]}, '\\Settings\\UpdateProgram\\UpdateData\\update_url_file.json': {'Body': {'rarFile': 'https://github.com/RustFarmer/Rust-helper/raw/refs/heads/main/v5.1.rar'}}, '\\static\\GetClientData\\UploadInServerClientCookie\\ClientCookieData\\settings.json': {'client_flag': True, 'Body': []}, '\\PassCutOff\\settings.json': {'Body': []}, '\\ImageResultScreen\\imageSettings.json': {'Body': []}, '\\ListBlancQuestion\\listBlancQuestion.json': {'Body': []}}
2026-08-29 at 23:28:15 | INFO | T:\Н папка\програмирование\python\project\pythonProject1\programForTecher\admin\Cookie\local_cookie.json
2026-08-29 at 23:28:15 | INFO | \Cookie\local_cookie.json
2026-08-29 at 23:28:15 | INFO | {'Body': {'time_check_updates': '17:22 22.08.26', 'value_Check': False}}
2026-08-29 at 23:28:15 | INFO | T:\Н папка\програмирование\python\project\pythonProject1\programForTecher\admin\question.json
2026-08-29 at 23:28:15 | INFO | \question.json
2026-08-29 at 23:28:15 | INFO | {'Body': [{'Qst': {'question_name': 'Кто такой Патрин?', 'answer': ['Бугалтер', 'Директор'], 'right_answer': ['Преподаватель'], 'id': 1}}]}
2026-08-29 at 23:28:15 | INFO | T:\Н папка\програмирование\python\project\pythonProject1\programForTecher\admin\static\GetClientData\UploadInServerClientCookie\ClientCookieData\question.json
2026-08-29 at 23:28:15 | INFO | T:\Н папка\програмирование\python\project\pythonProject1\programForTecher\client\static\GetClientData\UploadInServerClientCookie\ClientCookieData\question.json
2026-08-29 at 23:28:15 | INFO | \static\GetClientData\UploadInServerClientCookie\ClientCookieData\question.json
2026-08-29 at 23:28:15 | INFO | {'client_flag': True, 'Body': [{'Qst': {'question_name': 'Кто такой Патрин?', 'answer': ['Бухгалтер ', 'Директор'], 'right_answer': ['Преподаватель'], 'id': 1}}]}
2026-08-29 at 23:28:15 | INFO | T:\Н папка\програмирование\python\project\pythonProject1\programForTecher\admin\Settings\SettingsPage\settings_page.json
2026-08-29 at 23:28:15 | INFO | \Settings\SettingsPage\settings_page.json
2026-08-29 at 23:28:15 | INFO | {'Body': [{'name': 'version', 'value': 2.1}, {'name': 'url for update', 'value': 'https://github.com/RustFarmer/Test/blob/main/update_url_file.json'}]}
2026-08-29 at 23:28:15 | INFO | T:\Н папка\програмирование\python\project\pythonProject1\programForTecher\admin\Settings\UpdateProgram\UpdateData\update_url_file.json
2026-08-29 at 23:28:15 | INFO | \Settings\UpdateProgram\UpdateData\update_url_file.json
2026-08-29 at 23:28:15 | INFO | {'Body': {'rarFile': 'https://github.com/RustFarmer/Rust-helper/raw/refs/heads/main/v5.1.rar'}}
2026-08-29 at 23:28:15 | INFO | T:\Н папка\програмирование\python\project\pythonProject1\programForTecher\admin\static\GetClientData\UploadInServerClientCookie\ClientCookieData\settings.json
2026-08-29 at 23:28:15 | INFO | T:\Н папка\програмирование\python\project\pythonProject1\programForTecher\client\static\GetClientData\UploadInServerClientCookie\ClientCookieData\settings.json
2026-08-29 at 23:28:15 | INFO | \static\GetClientData\UploadInServerClientCookie\ClientCookieData\settings.json
2026-08-29 at 23:28:15 | INFO | {'client_flag': True, 'Body': []}
2026-08-29 at 23:28:15 | INFO | T:\Н папка\програмирование\python\project\pythonProject1\programForTecher\admin\PassCutOff\settings.json
2026-08-29 at 23:28:15 | INFO | \PassCutOff\settings.json
2026-08-29 at 23:28:15 | INFO | {'Body': []}
2026-08-29 at 23:28:15 | INFO | T:\Н папка\програмирование\python\project\pythonProject1\programForTecher\admin\ImageResultScreen\imageSettings.json
2026-08-29 at 23:28:15 | INFO | \ImageResultScreen\imageSettings.json
2026-08-29 at 23:28:15 | INFO | {'Body': []}
2026-08-29 at 23:28:15 | INFO | T:\Н папка\програмирование\python\project\pythonProject1\programForTecher\admin\ListBlancQuestion\listBlancQuestion.json
2026-08-29 at 23:28:15 | INFO | \ListBlancQuestion\listBlancQuestion.json
2026-08-29 at 23:28:15 | INFO | {'Body': []}
2026-08-29 at 23:28:25 | INFO | T:\Н папка\програмирование\python\project\pythonProject1\programForTecher\admin\Log\appFileLog.log
2026-08-29 at 23:28:25 | INFO | T:\Н папка\програмирование\python\project\pythonProject1\programForTecher\admin
2026-08-29 at 23:28:25 | INFO | T:\Н папка\програмирование\python\project\pythonProject1\programForTecher\client
2026-08-29 at 23:28:25 | INFO | {'\\Cookie\\local_cookie.json': {'Body': {'time_check_updates': '17:22 22.08.26', 'value_Check': False}}, '\\question.json': {'Body': [{'Qst': {'question_name': 'Кто такой Патрин?', 'answer': ['Бугалтер', 'Директор'], 'right_answer': ['Преподаватель'], 'id': 1}}]}, '\\static\\GetClientData\\UploadInServerClientCookie\\ClientCookieData\\question.json': {'client_flag': True, 'Body': [{'Qst': {'question_name': 'Кто такой Патрин?', 'answer': ['Бухгалтер ', 'Директор'], 'right_answer': ['Преподаватель'], 'id': 1}}]}, '\\Settings\\SettingsPage\\settings_page.json': {'Body': [{'name': 'version', 'value': 2.1}, {'name': 'url for update', 'value': 'https://github.com/RustFarmer/Test/blob/main/update_url_file.json'}]}, '\\Settings\\UpdateProgram\\UpdateData\\update_url_file.json': {'Body': {'rarFile': 'https://github.com/RustFarmer/Rust-helper/raw/refs/heads/main/v5.1.rar'}}, '\\static\\GetClientData\\UploadInServerClientCookie\\ClientCookieData\\settings.json': {'client_flag': True, 'Body': []}, '\\PassCutOff\\settings.json': {'Body': []}, '\\ImageResultScreen\\imageSettings.json': {'Body': []}, '\\ListBlancQuestion\\listBlancQuestion.json': {'Body': []}}
2026-08-29 at 23:28:25 | INFO | <class 'pathlib.WindowsPath'>
2026-08-29 at 23:28:25 | INFO | T:\Н папка\програмирование\python\project\pythonProject1\programForTecher\admin
2026-08-29 at 23:28:25 | INFO | {'\\Cookie\\local_cookie.json': {'Body': {'time_check_updates': '17:22 22.08.26', 'value_Check': False}}, '\\question.json': {'Body': [{'Qst': {'question_name': 'Кто такой Патрин?', 'answer': ['Бугалтер', 'Директор'], 'right_answer': ['Преподаватель'], 'id': 1}}]}, '\\static\\GetClientData\\UploadInServerClientCookie\\ClientCookieData\\question.json': {'client_flag': True, 'Body': [{'Qst': {'question_name': 'Кто такой Патрин?', 'answer': ['Бухгалтер ', 'Директор'], 'right_answer': ['Преподаватель'], 'id': 1}}]}, '\\Settings\\SettingsPage\\settings_page.json': {'Body': [{'name': 'version', 'value': 2.1}, {'name': 'url for update', 'value': 'https://github.com/RustFarmer/Test/blob/main/update_url_file.json'}]}, '\\Settings\\UpdateProgram\\UpdateData\\update_url_file.json': {'Body': {'rarFile': 'https://github.com/RustFarmer/Rust-helper/raw/refs/heads/main/v5.1.rar'}}, '\\static\\GetClientData\\UploadInServerClientCookie\\ClientCookieData\\settings.json': {'client_flag': True, 'Body': []}, '\\PassCutOff\\settings.json': {'Body': []}, '\\ImageResultScreen\\imageSettings.json': {'Body': []}, '\\ListBlancQuestion\\listBlancQuestion.json': {'Body': []}}
2026-08-29 at 23:28:25 | INFO | {'\\Cookie\\local_cookie.json': {'Body': {'time_check_updates': '17:22 22.08.26', 'value_Check': False}}, '\\question.json': {'Body': [{'Qst': {'question_name': 'Кто такой Патрин?', 'answer': ['Бугалтер', 'Директор'], 'right_answer': ['Преподаватель'], 'id': 1}}]}, '\\static\\GetClientData\\UploadInServerClientCookie\\ClientCookieData\\question.json': {'client_flag': True, 'Body': [{'Qst': {'question_name': 'Кто такой Патрин?', 'answer': ['Бухгалтер ', 'Директор'], 'right_answer': ['Преподаватель'], 'id': 1}}]}, '\\Settings\\SettingsPage\\settings_page.json': {'Body': [{'name': 'version', 'value': 2.1}, {'name': 'url for update', 'value': 'https://github.com/RustFarmer/Test/blob/main/update_url_file.json'}]}, '\\Settings\\UpdateProgram\\UpdateData\\update_url_file.json': {'Body': {'rarFile': 'https://github.com/RustFarmer/Rust-helper/raw/refs/heads/main/v5.1.rar'}}, '\\static\\GetClientData\\UploadInServerClientCookie\\ClientCookieData\\settings.json': {'client_flag': True, 'Body': []}, '\\PassCutOff\\settings.json': {'Body': []}, '\\ImageResultScreen\\imageSettings.json': {'Body': []}, '\\ListBlancQuestion\\listBlancQuestion.json': {'Body': []}}
2026-08-29 at 23:28:25 | INFO | T:\Н папка\програмирование\python\project\pythonProject1\programForTecher\admin\Cookie\local_cookie.json
2026-08-29 at 23:28:25 | INFO | \Cookie\local_cookie.json
2026-08-29 at 23:28:25 | INFO | {'Body': {'time_check_updates': '17:22 22.08.26', 'value_Check': False}}
2026-08-29 at 23:28:25 | INFO | T:\Н папка\програмирование\python\project\pythonProject1\programForTecher\admin\question.json
2026-08-29 at 23:28:25 | INFO | \question.json
2026-08-29 at 23:28:25 | INFO | {'Body': [{'Qst': {'question_name': 'Кто такой Патрин?', 'answer': ['Бугалтер', 'Директор'], 'right_answer': ['Преподаватель'], 'id': 1}}]}
2026-08-29 at 23:28:25 | INFO | T:\Н папка\програмирование\python\project\pythonProject1\programForTecher\admin\static\GetClientData\UploadInServerClientCookie\ClientCookieData\question.json
2026-08-29 at 23:28:25 | INFO | T:\Н папка\програмирование\python\project\pythonProject1\programForTecher\client\static\GetClientData\UploadInServerClientCookie\ClientCookieData\question.json
2026-08-29 at 23:28:25 | INFO | \static\GetClientData\UploadInServerClientCookie\ClientCookieData\question.json
2026-08-29 at 23:28:25 | INFO | {'client_flag': True, 'Body': [{'Qst': {'question_name': 'Кто такой Патрин?', 'answer': ['Бухгалтер ', 'Директор'], 'right_answer': ['Преподаватель'], 'id': 1}}]}
2026-08-29 at 23:28:25 | INFO | T:\Н папка\програмирование\python\project\pythonProject1\programForTecher\admin\Settings\SettingsPage\settings_page.json
2026-08-29 at 23:28:25 | INFO | \Settings\SettingsPage\settings_page.json
2026-08-29 at 23:28:25 | INFO | {'Body': [{'name': 'version', 'value': 2.1}, {'name': 'url for update', 'value': 'https://github.com/RustFarmer/Test/blob/main/update_url_file.json'}]}
2026-08-29 at 23:28:25 | INFO | T:\Н папка\програмирование\python\project\pythonProject1\programForTecher\admin\Settings\UpdateProgram\UpdateData\update_url_file.json
2026-08-29 at 23:28:25 | INFO | \Settings\UpdateProgram\UpdateData\update_url_file.json
2026-08-29 at 23:28:25 | INFO | {'Body': {'rarFile': 'https://github.com/RustFarmer/Rust-helper/raw/refs/heads/main/v5.1.rar'}}
2026-08-29 at 23:28:25 | INFO | T:\Н папка\програмирование\python\project\pythonProject1\programForTecher\admin\static\GetClientData\UploadInServerClientCookie\ClientCookieData\settings.json
2026-08-29 at 23:28:25 | INFO | T:\Н папка\програмирование\python\project\pythonProject1\programForTecher\client\static\GetClientData\UploadInServerClientCookie\ClientCookieData\settings.json
2026-08-29 at 23:28:25 | INFO | \static\GetClientData\UploadInServerClientCookie\ClientCookieData\settings.json
2026-08-29 at 23:28:25 | INFO | {'client_flag': True, 'Body': []}
2026-08-29 at 23:28:25 | INFO | T:\Н папка\програмирование\python\project\pythonProject1\programForTecher\admin\PassCutOff\settings.json
2026-08-29 at 23:28:25 | INFO | \PassCutOff\settings.json
2026-08-29 at 23:28:25 | INFO | {'Body': []}
2026-08-29 at 23:28:25 | INFO | T:\Н папка\програмирование\python\project\pythonProject1\programForTecher\admin\ImageResultScreen\imageSettings.json
2026-08-29 at 23:28:25 | INFO | \ImageResultScreen\imageSettings.json
2026-08-29 at 23:28:25 | INFO | {'Body': []}
2026-08-29 at 23:28:25 | INFO | T:\Н папка\програмирование\python\project\pythonProject1\programForTecher\admin\ListBlancQuestion\listBlancQuestion.json
2026-08-29 at 23:28:25 | INFO | \ListBlancQuestion\listBlancQuestion.json
2026-08-29 at 23:28:25 | INFO | {'Body': []}
2026-08-29 at 23:28:48 | INFO | T:\Н папка\програмирование\python\project\pythonProject1\programForTecher\admin\Log\appFileLog.log
2026-08-29 at 23:28:48 | INFO | T:\Н папка\програмирование\python\project\pythonProject1\programForTecher\admin
2026-08-29 at 23:28:48 | INFO | T:\Н папка\програмирование\python\project\pythonProject1\programForTecher\client
2026-08-29 at 23:28:48 | INFO | {'\\Cookie\\local_cookie.json': {'Body': {'time_check_updates': '17:22 22.08.26', 'value_Check': False}}, '\\question.json': {'Body': [{'Qst': {'question_name': 'Кто такой Патрин?', 'answer': ['Бугалтер', 'Директор'], 'right_answer': ['Преподаватель'], 'id': 1}}]}, '\\static\\GetClientData\\UploadInServerClientCookie\\ClientCookieData\\question.json': {'client_flag': True, 'Body': [{'Qst': {'question_name': 'Кто такой Патрин?', 'answer': ['Бухгалтер ', 'Директор'], 'right_answer': ['Преподаватель'], 'id': 1}}]}, '\\Settings\\SettingsPage\\settings_page.json': {'Body': [{'name': 'version', 'value': 2.1}, {'name': 'url for update', 'value': 'https://github.com/RustFarmer/Test/blob/main/update_url_file.json'}]}, '\\Settings\\UpdateProgram\\UpdateData\\update_url_file.json': {'Body': {'rarFile': 'https://github.com/RustFarmer/Rust-helper/raw/refs/heads/main/v5.1.rar'}}, '\\static\\GetClientData\\UploadInServerClientCookie\\ClientCookieData\\settings.json': {'client_flag': True, 'Body': []}, '\\PassCutOff\\settings.json': {'Body': []}, '\\ImageResultScreen\\imageSettings.json': {'Body': []}, '\\ListBlancQuestion\\listBlancQuestion.json': {'Body': []}}
2026-08-29 at 23:28:48 | INFO | <class 'pathlib.WindowsPath'>
2026-08-29 at 23:28:48 | INFO | T:\Н папка\програмирование\python\project\pythonProject1\programForTecher\admin
2026-08-29 at 23:28:48 | INFO | {'\\Cookie\\local_cookie.json': {'Body': {'time_check_updates': '17:22 22.08.26', 'value_Check': False}}, '\\question.json': {'Body': [{'Qst': {'question_name': 'Кто такой Патрин?', 'answer': ['Бугалтер', 'Директор'], 'right_answer': ['Преподаватель'], 'id': 1}}]}, '\\static\\GetClientData\\UploadInServerClientCookie\\ClientCookieData\\question.json': {'client_flag': True, 'Body': [{'Qst': {'question_name': 'Кто такой Патрин?', 'answer': ['Бухгалтер ', 'Директор'], 'right_answer': ['Преподаватель'], 'id': 1}}]}, '\\Settings\\SettingsPage\\settings_page.json': {'Body': [{'name': 'version', 'value': 2.1}, {'name': 'url for update', 'value': 'https://github.com/RustFarmer/Test/blob/main/update_url_file.json'}]}, '\\Settings\\UpdateProgram\\UpdateData\\update_url_file.json': {'Body': {'rarFile': 'https://github.com/RustFarmer/Rust-helper/raw/refs/heads/main/v5.1.rar'}}, '\\static\\GetClientData\\UploadInServerClientCookie\\ClientCookieData\\settings.json': {'client_flag': True, 'Body': []}, '\\PassCutOff\\settings.json': {'Body': []}, '\\ImageResultScreen\\imageSettings.json': {'Body': []}, '\\ListBlancQuestion\\listBlancQuestion.json': {'Body': []}}
2026-08-29 at 23:28:48 | INFO | {'\\Cookie\\local_cookie.json': {'Body': {'time_check_updates': '17:22 22.08.26', 'value_Check': False}}, '\\question.json': {'Body': [{'Qst': {'question_name': 'Кто такой Патрин?', 'answer': ['Бугалтер', 'Директор'], 'right_answer': ['Преподаватель'], 'id': 1}}]}, '\\static\\GetClientData\\UploadInServerClientCookie\\ClientCookieData\\question.json': {'client_flag': True, 'Body': [{'Qst': {'question_name': 'Кто такой Патрин?', 'answer': ['Бухгалтер ', 'Директор'], 'right_answer': ['Преподаватель'], 'id': 1}}]}, '\\Settings\\SettingsPage\\settings_page.json': {'Body': [{'name': 'version', 'value': 2.1}, {'name': 'url for update', 'value': 'https://github.com/RustFarmer/Test/blob/main/update_url_file.json'}]}, '\\Settings\\UpdateProgram\\UpdateData\\update_url_file.json': {'Body': {'rarFile': 'https://github.com/RustFarmer/Rust-helper/raw/refs/heads/main/v5.1.rar'}}, '\\static\\GetClientData\\UploadInServerClientCookie\\ClientCookieData\\settings.json': {'client_flag': True, 'Body': []}, '\\PassCutOff\\settings.json': {'Body': []}, '\\ImageResultScreen\\imageSettings.json': {'Body': []}, '\\ListBlancQuestion\\listBlancQuestion.json': {'Body': []}}
2026-08-29 at 23:28:48 | INFO | T:\Н папка\програмирование\python\project\pythonProject1\programForTecher\admin\Cookie\local_cookie.json
2026-08-29 at 23:28:48 | INFO | \Cookie\local_cookie.json
2026-08-29 at 23:28:48 | INFO | {'Body': {'time_check_updates': '17:22 22.08.26', 'value_Check': False}}
2026-08-29 at 23:28:48 | INFO | T:\Н папка\програмирование\python\project\pythonProject1\programForTecher\admin\question.json
2026-08-29 at 23:28:48 | INFO | \question.json
2026-08-29 at 23:28:48 | INFO | {'Body': [{'Qst': {'question_name': 'Кто такой Патрин?', 'answer': ['Бугалтер', 'Директор'], 'right_answer': ['Преподаватель'], 'id': 1}}]}
2026-08-29 at 23:28:48 | INFO | T:\Н папка\програмирование\python\project\pythonProject1\programForTecher\admin\static\GetClientData\UploadInServerClientCookie\ClientCookieData\question.json
2026-08-29 at 23:28:48 | INFO | T:\Н папка\програмирование\python\project\pythonProject1\programForTecher\client\static\GetClientData\UploadInServerClientCookie\ClientCookieData\question.json
2026-08-29 at 23:28:48 | INFO | \static\GetClientData\UploadInServerClientCookie\ClientCookieData\question.json
2026-08-29 at 23:28:48 | INFO | {'client_flag': True, 'Body': [{'Qst': {'question_name': 'Кто такой Патрин?', 'answer': ['Бухгалтер ', 'Директор'], 'right_answer': ['Преподаватель'], 'id': 1}}]}
2026-08-29 at 23:28:48 | INFO | T:\Н папка\програмирование\python\project\pythonProject1\programForTecher\admin\Settings\SettingsPage\settings_page.json
2026-08-29 at 23:28:48 | INFO | \Settings\SettingsPage\settings_page.json
2026-08-29 at 23:28:48 | INFO | {'Body': [{'name': 'version', 'value': 2.1}, {'name': 'url for update', 'value': 'https://github.com/RustFarmer/Test/blob/main/update_url_file.json'}]}
2026-08-29 at 23:28:48 | INFO | T:\Н папка\програмирование\python\project\pythonProject1\programForTecher\admin\Settings\UpdateProgram\UpdateData\update_url_file.json
2026-08-29 at 23:28:48 | INFO | \Settings\UpdateProgram\UpdateData\update_url_file.json
2026-08-29 at 23:28:48 | INFO | {'Body': {'rarFile': 'https://github.com/RustFarmer/Rust-helper/raw/refs/heads/main/v5.1.rar'}}
2026-08-29 at 23:28:48 | INFO | T:\Н папка\програмирование\python\project\pythonProject1\programForTecher\admin\static\GetClientData\UploadInServerClientCookie\ClientCookieData\settings.json
2026-08-29 at 23:28:48 | INFO | T:\Н папка\програмирование\python\project\pythonProject1\programForTecher\client\static\GetClientData\UploadInServerClientCookie\ClientCookieData\settings.json
2026-08-29 at 23:28:48 | INFO | \static\GetClientData\UploadInServerClientCookie\ClientCookieData\settings.json
2026-08-29 at 23:28:48 | INFO | {'client_flag': True, 'Body': []}
2026-08-29 at 23:28:48 | INFO | T:\Н папка\програмирование\python\project\pythonProject1\programForTecher\admin\PassCutOff\settings.json
2026-08-29 at 23:28:48 | INFO | \PassCutOff\settings.json
2026-08-29 at 23:28:48 | INFO | {'Body': []}
2026-08-29 at 23:28:48 | INFO | T:\Н папка\програмирование\python\project\pythonProject1\programForTecher\admin\ImageResultScreen\imageSettings.json
2026-08-29 at 23:28:48 | INFO | \ImageResultScreen\imageSettings.json
2026-08-29 at 23:28:48 | INFO | {'Body': []}
2026-08-29 at 23:28:48 | INFO | T:\Н папка\програмирование\python\project\pythonProject1\programForTecher\admin\ListBlancQuestion\listBlancQuestion.json
2026-08-29 at 23:28:48 | INFO | \ListBlancQuestion\listBlancQuestion.json
2026-08-29 at 23:28:48 | INFO | {'Body': []}
2026-08-29 at 23:29:32 | INFO | T:\Н папка\програмирование\python\project\pythonProject1\programForTecher\admin\Log\appFileLog.log
2026-08-29 at 23:29:32 | INFO | T:\Н папка\програмирование\python\project\pythonProject1\programForTecher\admin
2026-08-29 at 23:29:32 | INFO | T:\Н папка\програмирование\python\project\pythonProject1\programForTecher\client
2026-08-29 at 23:29:32 | INFO | {'\\Cookie\\local_cookie.json': {'Body': {'time_check_updates': '17:22 22.08.26', 'value_Check': False}}, '\\question.json': {'Body': [{'Qst': {'question_name': 'Кто такой Патрин?', 'answer': ['Бугалтер', 'Директор'], 'right_answer': ['Преподаватель'], 'id': 1}}]}, '\\static\\GetClientData\\UploadInServerClientCookie\\ClientCookieData\\question.json': {'client_flag': True, 'Body': [{'Qst': {'question_name': 'Кто такой Патрин?', 'answer': ['Бухгалтер ', 'Директор'], 'right_answer': ['Преподаватель'], 'id': 1}}]}, '\\Settings\\SettingsPage\\settings_page.json': {'Body': [{'name': 'version', 'value': 2.1}, {'name': 'url for update', 'value': 'https://github.com/RustFarmer/Test/blob/main/update_url_file.json'}]}, '\\Settings\\UpdateProgram\\UpdateData\\update_url_file.json': {'Body': {'rarFile': 'https://github.com/RustFarmer/Rust-helper/raw/refs/heads/main/v5.1.rar'}}, '\\static\\GetClientData\\UploadInServerClientCookie\\ClientCookieData\\settings.json': {'client_flag': True, 'Body': []}, '\\PassCutOff\\settings.json': {'Body': []}, '\\ImageResultScreen\\imageSettings.json': {'Body': []}, '\\ListBlancQuestion\\listBlancQuestion.json': {'Body': []}}
2026-08-29 at 23:29:32 | INFO | <class 'pathlib.WindowsPath'>
2026-08-29 at 23:29:32 | INFO | T:\Н папка\програмирование\python\project\pythonProject1\programForTecher\admin
2026-08-29 at 23:29:32 | INFO | {'\\Cookie\\local_cookie.json': {'Body': {'time_check_updates': '17:22 22.08.26', 'value_Check': False}}, '\\question.json': {'Body': [{'Qst': {'question_name': 'Кто такой Патрин?', 'answer': ['Бугалтер', 'Директор'], 'right_answer': ['Преподаватель'], 'id': 1}}]}, '\\static\\GetClientData\\UploadInServerClientCookie\\ClientCookieData\\question.json': {'client_flag': True, 'Body': [{'Qst': {'question_name': 'Кто такой Патрин?', 'answer': ['Бухгалтер ', 'Директор'], 'right_answer': ['Преподаватель'], 'id': 1}}]}, '\\Settings\\SettingsPage\\settings_page.json': {'Body': [{'name': 'version', 'value': 2.1}, {'name': 'url for update', 'value': 'https://github.com/RustFarmer/Test/blob/main/update_url_file.json'}]}, '\\Settings\\UpdateProgram\\UpdateData\\update_url_file.json': {'Body': {'rarFile': 'https://github.com/RustFarmer/Rust-helper/raw/refs/heads/main/v5.1.rar'}}, '\\static\\GetClientData\\UploadInServerClientCookie\\ClientCookieData\\settings.json': {'client_flag': True, 'Body': []}, '\\PassCutOff\\settings.json': {'Body': []}, '\\ImageResultScreen\\imageSettings.json': {'Body': []}, '\\ListBlancQuestion\\listBlancQuestion.json': {'Body': []}}
2026-08-29 at 23:29:32 | INFO | {'\\Cookie\\local_cookie.json': {'Body': {'time_check_updates': '17:22 22.08.26', 'value_Check': False}}, '\\question.json': {'Body': [{'Qst': {'question_name': 'Кто такой Патрин?', 'answer': ['Бугалтер', 'Директор'], 'right_answer': ['Преподаватель'], 'id': 1}}]}, '\\static\\GetClientData\\UploadInServerClientCookie\\ClientCookieData\\question.json': {'client_flag': True, 'Body': [{'Qst': {'question_name': 'Кто такой Патрин?', 'answer': ['Бухгалтер ', 'Директор'], 'right_answer': ['Преподаватель'], 'id': 1}}]}, '\\Settings\\SettingsPage\\settings_page.json': {'Body': [{'name': 'version', 'value': 2.1}, {'name': 'url for update', 'value': 'https://github.com/RustFarmer/Test/blob/main/update_url_file.json'}]}, '\\Settings\\UpdateProgram\\UpdateData\\update_url_file.json': {'Body': {'rarFile': 'https://github.com/RustFarmer/Rust-helper/raw/refs/heads/main/v5.1.rar'}}, '\\static\\GetClientData\\UploadInServerClientCookie\\ClientCookieData\\settings.json': {'client_flag': True, 'Body': []}, '\\PassCutOff\\settings.json': {'Body': []}, '\\ImageResultScreen\\imageSettings.json': {'Body': []}, '\\ListBlancQuestion\\listBlancQuestion.json': {'Body': []}}
2026-08-29 at 23:29:32 | INFO | T:\Н папка\програмирование\python\project\pythonProject1\programForTecher\admin\Cookie\local_cookie.json
2026-08-29 at 23:29:32 | INFO | \Cookie\local_cookie.json
2026-08-29 at 23:29:32 | INFO | {'Body': {'time_check_updates': '17:22 22.08.26', 'value_Check': False}}
2026-08-29 at 23:29:32 | INFO | T:\Н папка\програмирование\python\project\pythonProject1\programForTecher\admin\question.json
2026-08-29 at 23:29:32 | INFO | \question.json
2026-08-29 at 23:29:32 | INFO | {'Body': [{'Qst': {'question_name': 'Кто такой Патрин?', 'answer': ['Бугалтер', 'Директор'], 'right_answer': ['Преподаватель'], 'id': 1}}]}
2026-08-29 at 23:29:32 | INFO | T:\Н папка\програмирование\python\project\pythonProject1\programForTecher\admin\static\GetClientData\UploadInServerClientCookie\ClientCookieData\question.json
2026-08-29 at 23:29:32 | INFO | T:\Н папка\програмирование\python\project\pythonProject1\programForTecher\client\static\GetClientData\UploadInServerClientCookie\ClientCookieData\question.json
2026-08-29 at 23:29:32 | INFO | \static\GetClientData\UploadInServerClientCookie\ClientCookieData\question.json
2026-08-29 at 23:29:32 | INFO | {'client_flag': True, 'Body': [{'Qst': {'question_name': 'Кто такой Патрин?', 'answer': ['Бухгалтер ', 'Директор'], 'right_answer': ['Преподаватель'], 'id': 1}}]}
2026-08-29 at 23:29:32 | INFO | T:\Н папка\програмирование\python\project\pythonProject1\programForTecher\admin\Settings\SettingsPage\settings_page.json
2026-08-29 at 23:29:32 | INFO | \Settings\SettingsPage\settings_page.json
2026-08-29 at 23:29:32 | INFO | {'Body': [{'name': 'version', 'value': 2.1}, {'name': 'url for update', 'value': 'https://github.com/RustFarmer/Test/blob/main/update_url_file.json'}]}
2026-08-29 at 23:29:32 | INFO | T:\Н папка\програмирование\python\project\pythonProject1\programForTecher\admin\Settings\UpdateProgram\UpdateData\update_url_file.json
2026-08-29 at 23:29:32 | INFO | \Settings\UpdateProgram\UpdateData\update_url_file.json
2026-08-29 at 23:29:32 | INFO | {'Body': {'rarFile': 'https://github.com/RustFarmer/Rust-helper/raw/refs/heads/main/v5.1.rar'}}
2026-08-29 at 23:29:32 | INFO | T:\Н папка\програмирование\python\project\pythonProject1\programForTecher\admin\static\GetClientData\UploadInServerClientCookie\ClientCookieData\settings.json
2026-08-29 at 23:29:32 | INFO | T:\Н папка\програмирование\python\project\pythonProject1\programForTecher\client\static\GetClientData\UploadInServerClientCookie\ClientCookieData\settings.json
2026-08-29 at 23:29:32 | INFO | \static\GetClientData\UploadInServerClientCookie\ClientCookieData\settings.json
2026-08-29 at 23:29:32 | INFO | {'client_flag': True, 'Body': []}
2026-08-29 at 23:29:32 | INFO | T:\Н папка\програмирование\python\project\pythonProject1\programForTecher\admin\PassCutOff\settings.json
2026-08-29 at 23:29:32 | INFO | \PassCutOff\settings.json
2026-08-29 at 23:29:32 | INFO | {'Body': []}
2026-08-29 at 23:29:32 | INFO | T:\Н папка\програмирование\python\project\pythonProject1\programForTecher\admin\ImageResultScreen\imageSettings.json
2026-08-29 at 23:29:32 | INFO | \ImageResultScreen\imageSettings.json
2026-08-29 at 23:29:32 | INFO | {'Body': []}
2026-08-29 at 23:29:32 | INFO | T:\Н папка\програмирование\python\project\pythonProject1\programForTecher\admin\ListBlancQuestion\listBlancQuestion.json
2026-08-29 at 23:29:32 | INFO | \ListBlancQuestion\listBlancQuestion.json
2026-08-29 at 23:29:32 | INFO | {'Body': []}
2026-08-29 at 23:31:08 | INFO | T:\Н папка\програмирование\python\project\pythonProject1\programForTecher\admin\Log\appFileLog.log
2026-08-29 at 23:31:08 | INFO | T:\Н папка\програмирование\python\project\pythonProject1\programForTecher\admin
2026-08-29 at 23:31:08 | INFO | T:\Н папка\програмирование\python\project\pythonProject1\programForTecher\client
2026-08-29 at 23:31:08 | INFO | {'\\Cookie\\local_cookie.json': {'Body': {'time_check_updates': '17:22 22.08.26', 'value_Check': False}}, '\\question.json': {'Body': [{'Qst': {'question_name': 'Кто такой Патрин?', 'answer': ['Бугалтер', 'Директор'], 'right_answer': ['Преподаватель'], 'id': 1}}]}, '\\static\\GetClientData\\UploadInServerClientCookie\\ClientCookieData\\question.json': {'client_flag': True, 'Body': [{'Qst': {'question_name': 'Кто такой Патрин?', 'answer': ['Бухгалтер ', 'Директор'], 'right_answer': ['Преподаватель'], 'id': 1}}]}, '\\Settings\\SettingsPage\\settings_page.json': {'Body': [{'name': 'version', 'value': 2.1}, {'name': 'url for update', 'value': 'https://github.com/RustFarmer/Test/blob/main/update_url_file.json'}]}, '\\Settings\\UpdateProgram\\UpdateData\\update_url_file.json': {'Body': {'rarFile': 'https://github.com/RustFarmer/Rust-helper/raw/refs/heads/main/v5.1.rar'}}, '\\static\\GetClientData\\UploadInServerClientCookie\\ClientCookieData\\settings.json': {'client_flag': True, 'Body': []}, '\\PassCutOff\\settings.json': {'Body': []}, '\\ImageResultScreen\\imageSettings.json': {'Body': []}, '\\ListBlancQuestion\\listBlancQuestion.json': {'Body': []}}
2026-08-29 at 23:31:08 | INFO | <class 'pathlib.WindowsPath'>
2026-08-29 at 23:31:08 | INFO | T:\Н папка\програмирование\python\project\pythonProject1\programForTecher\admin
2026-08-29 at 23:31:08 | INFO | {'\\Cookie\\local_cookie.json': {'Body': {'time_check_updates': '17:22 22.08.26', 'value_Check': False}}, '\\question.json': {'Body': [{'Qst': {'question_name': 'Кто такой Патрин?', 'answer': ['Бугалтер', 'Директор'], 'right_answer': ['Преподаватель'], 'id': 1}}]}, '\\static\\GetClientData\\UploadInServerClientCookie\\ClientCookieData\\question.json': {'client_flag': True, 'Body': [{'Qst': {'question_name': 'Кто такой Патрин?', 'answer': ['Бухгалтер ', 'Директор'], 'right_answer': ['Преподаватель'], 'id': 1}}]}, '\\Settings\\SettingsPage\\settings_page.json': {'Body': [{'name': 'version', 'value': 2.1}, {'name': 'url for update', 'value': 'https://github.com/RustFarmer/Test/blob/main/update_url_file.json'}]}, '\\Settings\\UpdateProgram\\UpdateData\\update_url_file.json': {'Body': {'rarFile': 'https://github.com/RustFarmer/Rust-helper/raw/refs/heads/main/v5.1.rar'}}, '\\static\\GetClientData\\UploadInServerClientCookie\\ClientCookieData\\settings.json': {'client_flag': True, 'Body': []}, '\\PassCutOff\\settings.json': {'Body': []}, '\\ImageResultScreen\\imageSettings.json': {'Body': []}, '\\ListBlancQuestion\\listBlancQuestion.json': {'Body': []}}
2026-08-29 at 23:31:08 | INFO | {'\\Cookie\\local_cookie.json': {'Body': {'time_check_updates': '17:22 22.08.26', 'value_Check': False}}, '\\question.json': {'Body': [{'Qst': {'question_name': 'Кто такой Патрин?', 'answer': ['Бугалтер', 'Директор'], 'right_answer': ['Преподаватель'], 'id': 1}}]}, '\\static\\GetClientData\\UploadInServerClientCookie\\ClientCookieData\\question.json': {'client_flag': True, 'Body': [{'Qst': {'question_name': 'Кто такой Патрин?', 'answer': ['Бухгалтер ', 'Директор'], 'right_answer': ['Преподаватель'], 'id': 1}}]}, '\\Settings\\SettingsPage\\settings_page.json': {'Body': [{'name': 'version', 'value': 2.1}, {'name': 'url for update', 'value': 'https://github.com/RustFarmer/Test/blob/main/update_url_file.json'}]}, '\\Settings\\UpdateProgram\\UpdateData\\update_url_file.json': {'Body': {'rarFile': 'https://github.com/RustFarmer/Rust-helper/raw/refs/heads/main/v5.1.rar'}}, '\\static\\GetClientData\\UploadInServerClientCookie\\ClientCookieData\\settings.json': {'client_flag': True, 'Body': []}, '\\PassCutOff\\settings.json': {'Body': []}, '\\ImageResultScreen\\imageSettings.json': {'Body': []}, '\\ListBlancQuestion\\listBlancQuestion.json': {'Body': []}}
2026-08-29 at 23:31:08 | INFO | T:\Н папка\програмирование\python\project\pythonProject1\programForTecher\admin\Cookie\local_cookie.json
2026-08-29 at 23:31:08 | INFO | \Cookie\local_cookie.json
2026-08-29 at 23:31:08 | INFO | {'Body': {'time_check_updates': '17:22 22.08.26', 'value_Check': False}}
2026-08-29 at 23:31:08 | INFO | T:\Н папка\програмирование\python\project\pythonProject1\programForTecher\admin\question.json
2026-08-29 at 23:31:08 | INFO | \question.json
2026-08-29 at 23:31:08 | INFO | {'Body': [{'Qst': {'question_name': 'Кто такой Патрин?', 'answer': ['Бугалтер', 'Директор'], 'right_answer': ['Преподаватель'], 'id': 1}}]}
2026-08-29 at 23:31:08 | INFO | T:\Н папка\програмирование\python\project\pythonProject1\programForTecher\admin\static\GetClientData\UploadInServerClientCookie\ClientCookieData\question.json
2026-08-29 at 23:31:08 | INFO | T:\Н папка\програмирование\python\project\pythonProject1\programForTecher\client\static\GetClientData\UploadInServerClientCookie\ClientCookieData\question.json
2026-08-29 at 23:31:08 | INFO | \static\GetClientData\UploadInServerClientCookie\ClientCookieData\question.json
2026-08-29 at 23:31:08 | INFO | {'client_flag': True, 'Body': [{'Qst': {'question_name': 'Кто такой Патрин?', 'answer': ['Бухгалтер ', 'Директор'], 'right_answer': ['Преподаватель'], 'id': 1}}]}
2026-08-29 at 23:31:08 | INFO | T:\Н папка\програмирование\python\project\pythonProject1\programForTecher\admin\Settings\SettingsPage\settings_page.json
2026-08-29 at 23:31:08 | INFO | \Settings\SettingsPage\settings_page.json
2026-08-29 at 23:31:08 | INFO | {'Body': [{'name': 'version', 'value': 2.1}, {'name': 'url for update', 'value': 'https://github.com/RustFarmer/Test/blob/main/update_url_file.json'}]}
2026-08-29 at 23:31:08 | INFO | T:\Н папка\програмирование\python\project\pythonProject1\programForTecher\admin\Settings\UpdateProgram\UpdateData\update_url_file.json
2026-08-29 at 23:31:08 | INFO | \Settings\UpdateProgram\UpdateData\update_url_file.json
2026-08-29 at 23:31:08 | INFO | {'Body': {'rarFile': 'https://github.com/RustFarmer/Rust-helper/raw/refs/heads/main/v5.1.rar'}}
2026-08-29 at 23:31:08 | INFO | T:\Н папка\програмирование\python\project\pythonProject1\programForTecher\admin\static\GetClientData\UploadInServerClientCookie\ClientCookieData\settings.json
2026-08-29 at 23:31:08 | INFO | T:\Н папка\програмирование\python\project\pythonProject1\programForTecher\client\static\GetClientData\UploadInServerClientCookie\ClientCookieData\settings.json
2026-08-29 at 23:31:08 | INFO | \static\GetClientData\UploadInServerClientCookie\ClientCookieData\settings.json
2026-08-29 at 23:31:08 | INFO | {'client_flag': True, 'Body': []}
2026-08-29 at 23:31:08 | INFO | T:\Н папка\програмирование\python\project\pythonProject1\programForTecher\admin\PassCutOff\settings.json
2026-08-29 at 23:31:08 | INFO | \PassCutOff\settings.json
2026-08-29 at 23:31:08 | INFO | {'Body': []}
2026-08-29 at 23:31:08 | INFO | T:\Н папка\програмирование\python\project\pythonProject1\programForTecher\admin\ImageResultScreen\imageSettings.json
2026-08-29 at 23:31:08 | INFO | \ImageResultScreen\imageSettings.json
2026-08-29 at 23:31:08 | INFO | {'Body': []}
2026-08-29 at 23:31:08 | INFO | T:\Н папка\програмирование\python\project\pythonProject1\programForTecher\admin\ListBlancQuestion\listBlancQuestion.json
2026-08-29 at 23:31:08 | INFO | \ListBlancQuestion\listBlancQuestion.json
2026-08-29 at 23:31:08 | INFO | {'Body': []}
2026-08-29 at 23:31:34 | INFO | T:\Н папка\програмирование\python\project\pythonProject1\programForTecher\admin\Log\appFileLog.log
2026-08-29 at 23:31:34 | INFO | T:\Н папка\програмирование\python\project\pythonProject1\programForTecher\admin
2026-08-29 at 23:31:34 | INFO | T:\Н папка\програмирование\python\project\pythonProject1\programForTecher\client
2026-08-29 at 23:31:34 | INFO | {'\\Cookie\\local_cookie.json': {'Body': {'time_check_updates': '17:22 22.08.26', 'value_Check': False}}, '\\question.json': {'Body': [{'Qst': {'question_name': 'Кто такой Патрин?', 'answer': ['Бугалтер', 'Директор'], 'right_answer': ['Преподаватель'], 'id': 1}}]}, '\\static\\GetClientData\\UploadInServerClientCookie\\ClientCookieData\\question.json': {'client_flag': True, 'Body': [{'Qst': {'question_name': 'Кто такой Патрин?', 'answer': ['Бухгалтер ', 'Директор'], 'right_answer': ['Преподаватель'], 'id': 1}}]}, '\\Settings\\SettingsPage\\settings_page.json': {'Body': [{'name': 'version', 'value': 2.1}, {'name': 'url for update', 'value': 'https://github.com/RustFarmer/Test/blob/main/update_url_file.json'}]}, '\\Settings\\UpdateProgram\\UpdateData\\update_url_file.json': {'Body': {'rarFile': 'https://github.com/RustFarmer/Rust-helper/raw/refs/heads/main/v5.1.rar'}}, '\\static\\GetClientData\\UploadInServerClientCookie\\ClientCookieData\\settings.json': {'client_flag': True, 'Body': []}, '\\PassCutOff\\settings.json': {'Body': []}, '\\ImageResultScreen\\imageSettings.json': {'Body': []}, '\\ListBlancQuestion\\listBlancQuestion.json': {'Body': []}}
2026-08-29 at 23:31:34 | INFO | <class 'pathlib.WindowsPath'>
2026-08-29 at 23:31:34 | INFO | T:\Н папка\програмирование\python\project\pythonProject1\programForTecher\admin
2026-08-29 at 23:31:34 | INFO | {'\\Cookie\\local_cookie.json': {'Body': {'time_check_updates': '17:22 22.08.26', 'value_Check': False}}, '\\question.json': {'Body': [{'Qst': {'question_name': 'Кто такой Патрин?', 'answer': ['Бугалтер', 'Директор'], 'right_answer': ['Преподаватель'], 'id': 1}}]}, '\\static\\GetClientData\\UploadInServerClientCookie\\ClientCookieData\\question.json': {'client_flag': True, 'Body': [{'Qst': {'question_name': 'Кто такой Патрин?', 'answer': ['Бухгалтер ', 'Директор'], 'right_answer': ['Преподаватель'], 'id': 1}}]}, '\\Settings\\SettingsPage\\settings_page.json': {'Body': [{'name': 'version', 'value': 2.1}, {'name': 'url for update', 'value': 'https://github.com/RustFarmer/Test/blob/main/update_url_file.json'}]}, '\\Settings\\UpdateProgram\\UpdateData\\update_url_file.json': {'Body': {'rarFile': 'https://github.com/RustFarmer/Rust-helper/raw/refs/heads/main/v5.1.rar'}}, '\\static\\GetClientData\\UploadInServerClientCookie\\ClientCookieData\\settings.json': {'client_flag': True, 'Body': []}, '\\PassCutOff\\settings.json': {'Body': []}, '\\ImageResultScreen\\imageSettings.json': {'Body': []}, '\\ListBlancQuestion\\listBlancQuestion.json': {'Body': []}}
2026-08-29 at 23:31:34 | INFO | {'\\Cookie\\local_cookie.json': {'Body': {'time_check_updates': '17:22 22.08.26', 'value_Check': False}}, '\\question.json': {'Body': [{'Qst': {'question_name': 'Кто такой Патрин?', 'answer': ['Бугалтер', 'Директор'], 'right_answer': ['Преподаватель'], 'id': 1}}]}, '\\static\\GetClientData\\UploadInServerClientCookie\\ClientCookieData\\question.json': {'client_flag': True, 'Body': [{'Qst': {'question_name': 'Кто такой Патрин?', 'answer': ['Бухгалтер ', 'Директор'], 'right_answer': ['Преподаватель'], 'id': 1}}]}, '\\Settings\\SettingsPage\\settings_page.json': {'Body': [{'name': 'version', 'value': 2.1}, {'name': 'url for update', 'value': 'https://github.com/RustFarmer/Test/blob/main/update_url_file.json'}]}, '\\Settings\\UpdateProgram\\UpdateData\\update_url_file.json': {'Body': {'rarFile': 'https://github.com/RustFarmer/Rust-helper/raw/refs/heads/main/v5.1.rar'}}, '\\static\\GetClientData\\UploadInServerClientCookie\\ClientCookieData\\settings.json': {'client_flag': True, 'Body': []}, '\\PassCutOff\\settings.json': {'Body': []}, '\\ImageResultScreen\\imageSettings.json': {'Body': []}, '\\ListBlancQuestion\\listBlancQuestion.json': {'Body': []}}
2026-08-29 at 23:31:34 | INFO | T:\Н папка\програмирование\python\project\pythonProject1\programForTecher\admin\Cookie\local_cookie.json
2026-08-29 at 23:31:34 | INFO | \Cookie\local_cookie.json
2026-08-29 at 23:31:34 | INFO | {'Body': {'time_check_updates': '17:22 22.08.26', 'value_Check': False}}
2026-08-29 at 23:31:34 | INFO | T:\Н папка\програмирование\python\project\pythonProject1\programForTecher\admin\question.json
2026-08-29 at 23:31:34 | INFO | \question.json
2026-08-29 at 23:31:34 | INFO | {'Body': [{'Qst': {'question_name': 'Кто такой Патрин?', 'answer': ['Бугалтер', 'Директор'], 'right_answer': ['Преподаватель'], 'id': 1}}]}
2026-08-29 at 23:31:34 | INFO | T:\Н папка\програмирование\python\project\pythonProject1\programForTecher\admin\static\GetClientData\UploadInServerClientCookie\ClientCookieData\question.json
2026-08-29 at 23:31:34 | INFO | T:\Н папка\програмирование\python\project\pythonProject1\programForTecher\client\static\GetClientData\UploadInServerClientCookie\ClientCookieData\question.json
2026-08-29 at 23:31:34 | INFO | \static\GetClientData\UploadInServerClientCookie\ClientCookieData\question.json
2026-08-29 at 23:31:34 | INFO | {'client_flag': True, 'Body': [{'Qst': {'question_name': 'Кто такой Патрин?', 'answer': ['Бухгалтер ', 'Директор'], 'right_answer': ['Преподаватель'], 'id': 1}}]}
2026-08-29 at 23:31:34 | INFO | T:\Н папка\програмирование\python\project\pythonProject1\programForTecher\admin\Settings\SettingsPage\settings_page.json
2026-08-29 at 23:31:34 | INFO | \Settings\SettingsPage\settings_page.json
2026-08-29 at 23:31:34 | INFO | {'Body': [{'name': 'version', 'value': 2.1}, {'name': 'url for update', 'value': 'https://github.com/RustFarmer/Test/blob/main/update_url_file.json'}]}
2026-08-29 at 23:31:34 | INFO | T:\Н папка\програмирование\python\project\pythonProject1\programForTecher\admin\Settings\UpdateProgram\UpdateData\update_url_file.json
2026-08-29 at 23:31:34 | INFO | \Settings\UpdateProgram\UpdateData\update_url_file.json
2026-08-29 at 23:31:34 | INFO | {'Body': {'rarFile': 'https://github.com/RustFarmer/Rust-helper/raw/refs/heads/main/v5.1.rar'}}
2026-08-29 at 23:31:34 | INFO | T:\Н папка\програмирование\python\project\pythonProject1\programForTecher\admin\static\GetClientData\UploadInServerClientCookie\ClientCookieData\settings.json
2026-08-29 at 23:31:34 | INFO | T:\Н папка\програмирование\python\project\pythonProject1\programForTecher\client\static\GetClientData\UploadInServerClientCookie\ClientCookieData\settings.json
2026-08-29 at 23:31:34 | INFO | \static\GetClientData\UploadInServerClientCookie\ClientCookieData\settings.json
2026-08-29 at 23:31:34 | INFO | {'client_flag': True, 'Body': []}
2026-08-29 at 23:31:34 | INFO | T:\Н папка\програмирование\python\project\pythonProject1\programForTecher\admin\PassCutOff\settings.json
2026-08-29 at 23:31:34 | INFO | \PassCutOff\settings.json
2026-08-29 at 23:31:34 | INFO | {'Body': []}
2026-08-29 at 23:31:34 | INFO | T:\Н папка\програмирование\python\project\pythonProject1\programForTecher\admin\ImageResultScreen\imageSettings.json
2026-08-29 at 23:31:34 | INFO | \ImageResultScreen\imageSettings.json
2026-08-29 at 23:31:34 | INFO | {'Body': []}
2026-08-29 at 23:31:34 | INFO | T:\Н папка\програмирование\python\project\pythonProject1\programForTecher\admin\ListBlancQuestion\listBlancQuestion.json
2026-08-29 at 23:31:34 | INFO | \ListBlancQuestion\listBlancQuestion.json
2026-08-29 at 23:31:34 | INFO | {'Body': []}
2026-08-29 at 23:34:04 | INFO | T:\Н папка\програмирование\python\project\pythonProject1\programForTecher\admin\Log\appFileLog.log
2026-08-29 at 23:34:04 | INFO | T:\Н папка\програмирование\python\project\pythonProject1\programForTecher\admin
2026-08-29 at 23:34:04 | INFO | T:\Н папка\програмирование\python\project\pythonProject1\programForTecher\client
2026-08-29 at 23:34:04 | INFO | {'\\Cookie\\local_cookie.json': {'Body': {'time_check_updates': '17:22 22.08.26', 'value_Check': False}}, '\\question.json': {'Body': [{'Qst': {'question_name': 'Кто такой Патрин?', 'answer': ['Бугалтер', 'Директор'], 'right_answer': ['Преподаватель'], 'id': 1}}]}, '\\static\\GetClientData\\UploadInServerClientCookie\\ClientCookieData\\question.json': {'client_flag': True, 'Body': [{'Qst': {'question_name': 'Кто такой Патрин?', 'answer': ['Бухгалтер ', 'Директор'], 'right_answer': ['Преподаватель'], 'id': 1}}]}, '\\Settings\\SettingsPage\\settings_page.json': {'Body': [{'name': 'version', 'value': 2.1}, {'name': 'url for update', 'value': 'https://github.com/RustFarmer/Test/blob/main/update_url_file.json'}]}, '\\Settings\\UpdateProgram\\UpdateData\\update_url_file.json': {'Body': {'rarFile': 'https://github.com/RustFarmer/Rust-helper/raw/refs/heads/main/v5.1.rar'}}, '\\static\\GetClientData\\UploadInServerClientCookie\\ClientCookieData\\settings.json': {'client_flag': True, 'Body': []}, '\\PassCutOff\\settings.json': {'Body': []}, '\\ImageResultScreen\\imageSettings.json': {'Body': []}, '\\ListBlancQuestion\\listBlancQuestion.json': {'Body': []}}
2026-08-29 at 23:34:04 | INFO | <class 'pathlib.WindowsPath'>
2026-08-29 at 23:34:04 | INFO | T:\Н папка\програмирование\python\project\pythonProject1\programForTecher\admin
2026-08-29 at 23:34:04 | INFO | {'\\Cookie\\local_cookie.json': {'Body': {'time_check_updates': '17:22 22.08.26', 'value_Check': False}}, '\\question.json': {'Body': [{'Qst': {'question_name': 'Кто такой Патрин?', 'answer': ['Бугалтер', 'Директор'], 'right_answer': ['Преподаватель'], 'id': 1}}]}, '\\static\\GetClientData\\UploadInServerClientCookie\\ClientCookieData\\question.json': {'client_flag': True, 'Body': [{'Qst': {'question_name': 'Кто такой Патрин?', 'answer': ['Бухгалтер ', 'Директор'], 'right_answer': ['Преподаватель'], 'id': 1}}]}, '\\Settings\\SettingsPage\\settings_page.json': {'Body': [{'name': 'version', 'value': 2.1}, {'name': 'url for update', 'value': 'https://github.com/RustFarmer/Test/blob/main/update_url_file.json'}]}, '\\Settings\\UpdateProgram\\UpdateData\\update_url_file.json': {'Body': {'rarFile': 'https://github.com/RustFarmer/Rust-helper/raw/refs/heads/main/v5.1.rar'}}, '\\static\\GetClientData\\UploadInServerClientCookie\\ClientCookieData\\settings.json': {'client_flag': True, 'Body': []}, '\\PassCutOff\\settings.json': {'Body': []}, '\\ImageResultScreen\\imageSettings.json': {'Body': []}, '\\ListBlancQuestion\\listBlancQuestion.json': {'Body': []}}
2026-08-29 at 23:34:04 | INFO | {'\\Cookie\\local_cookie.json': {'Body': {'time_check_updates': '17:22 22.08.26', 'value_Check': False}}, '\\question.json': {'Body': [{'Qst': {'question_name': 'Кто такой Патрин?', 'answer': ['Бугалтер', 'Директор'], 'right_answer': ['Преподаватель'], 'id': 1}}]}, '\\static\\GetClientData\\UploadInServerClientCookie\\ClientCookieData\\question.json': {'client_flag': True, 'Body': [{'Qst': {'question_name': 'Кто такой Патрин?', 'answer': ['Бухгалтер ', 'Директор'], 'right_answer': ['Преподаватель'], 'id': 1}}]}, '\\Settings\\SettingsPage\\settings_page.json': {'Body': [{'name': 'version', 'value': 2.1}, {'name': 'url for update', 'value': 'https://github.com/RustFarmer/Test/blob/main/update_url_file.json'}]}, '\\Settings\\UpdateProgram\\UpdateData\\update_url_file.json': {'Body': {'rarFile': 'https://github.com/RustFarmer/Rust-helper/raw/refs/heads/main/v5.1.rar'}}, '\\static\\GetClientData\\UploadInServerClientCookie\\ClientCookieData\\settings.json': {'client_flag': True, 'Body': []}, '\\PassCutOff\\settings.json': {'Body': []}, '\\ImageResultScreen\\imageSettings.json': {'Body': []}, '\\ListBlancQuestion\\listBlancQuestion.json': {'Body': []}}
2026-08-29 at 23:34:04 | INFO | T:\Н папка\програмирование\python\project\pythonProject1\programForTecher\admin\Cookie\local_cookie.json
2026-08-29 at 23:34:04 | INFO | \Cookie\local_cookie.json
2026-08-29 at 23:34:04 | INFO | {'Body': {'time_check_updates': '17:22 22.08.26', 'value_Check': False}}
2026-08-29 at 23:34:04 | INFO | T:\Н папка\програмирование\python\project\pythonProject1\programForTecher\admin\question.json
2026-08-29 at 23:34:04 | INFO | \question.json
2026-08-29 at 23:34:04 | INFO | {'Body': [{'Qst': {'question_name': 'Кто такой Патрин?', 'answer': ['Бугалтер', 'Директор'], 'right_answer': ['Преподаватель'], 'id': 1}}]}
2026-08-29 at 23:34:04 | INFO | T:\Н папка\програмирование\python\project\pythonProject1\programForTecher\admin\static\GetClientData\UploadInServerClientCookie\ClientCookieData\question.json
2026-08-29 at 23:34:04 | INFO | T:\Н папка\програмирование\python\project\pythonProject1\programForTecher\client\static\GetClientData\UploadInServerClientCookie\ClientCookieData\question.json
2026-08-29 at 23:34:04 | INFO | \static\GetClientData\UploadInServerClientCookie\ClientCookieData\question.json
2026-08-29 at 23:34:04 | INFO | {'client_flag': True, 'Body': [{'Qst': {'question_name': 'Кто такой Патрин?', 'answer': ['Бухгалтер ', 'Директор'], 'right_answer': ['Преподаватель'], 'id': 1}}]}
2026-08-29 at 23:34:04 | INFO | T:\Н папка\програмирование\python\project\pythonProject1\programForTecher\admin\Settings\SettingsPage\settings_page.json
2026-08-29 at 23:34:04 | INFO | \Settings\SettingsPage\settings_page.json
2026-08-29 at 23:34:04 | INFO | {'Body': [{'name': 'version', 'value': 2.1}, {'name': 'url for update', 'value': 'https://github.com/RustFarmer/Test/blob/main/update_url_file.json'}]}
2026-08-29 at 23:34:04 | INFO | T:\Н папка\програмирование\python\project\pythonProject1\programForTecher\admin\Settings\UpdateProgram\UpdateData\update_url_file.json
2026-08-29 at 23:34:04 | INFO | \Settings\UpdateProgram\UpdateData\update_url_file.json
2026-08-29 at 23:34:04 | INFO | {'Body': {'rarFile': 'https://github.com/RustFarmer/Rust-helper/raw/refs/heads/main/v5.1.rar'}}
2026-08-29 at 23:34:04 | INFO | T:\Н папка\програмирование\python\project\pythonProject1\programForTecher\admin\static\GetClientData\UploadInServerClientCookie\ClientCookieData\settings.json
2026-08-29 at 23:34:04 | INFO | T:\Н папка\програмирование\python\project\pythonProject1\programForTecher\client\static\GetClientData\UploadInServerClientCookie\ClientCookieData\settings.json
2026-08-29 at 23:34:04 | INFO | \static\GetClientData\UploadInServerClientCookie\ClientCookieData\settings.json
2026-08-29 at 23:34:04 | INFO | {'client_flag': True, 'Body': []}
2026-08-29 at 23:34:04 | INFO | T:\Н папка\програмирование\python\project\pythonProject1\programForTecher\admin\PassCutOff\settings.json
2026-08-29 at 23:34:04 | INFO | \PassCutOff\settings.json
2026-08-29 at 23:34:04 | INFO | {'Body': []}
2026-08-29 at 23:34:04 | INFO | T:\Н папка\програмирование\python\project\pythonProject1\programForTecher\admin\ImageResultScreen\imageSettings.json
2026-08-29 at 23:34:04 | INFO | \ImageResultScreen\imageSettings.json
2026-08-29 at 23:34:04 | INFO | {'Body': []}
2026-08-29 at 23:34:04 | INFO | T:\Н папка\програмирование\python\project\pythonProject1\programForTecher\admin\ListBlancQuestion\listBlancQuestion.json
2026-08-29 at 23:34:04 | INFO | \ListBlancQuestion\listBlancQuestion.json
2026-08-29 at 23:34:04 | INFO | {'Body': []}
2026-08-29 at 23:34:10 | INFO | T:\Н папка\програмирование\python\project\pythonProject1\programForTecher\admin\Log\appFileLog.log
2026-08-29 at 23:34:10 | INFO | T:\Н папка\програмирование\python\project\pythonProject1\programForTecher\admin
2026-08-29 at 23:34:10 | INFO | T:\Н папка\програмирование\python\project\pythonProject1\programForTecher\client
2026-08-29 at 23:34:10 | INFO | {'\\Cookie\\local_cookie.json': {'Body': {'time_check_updates': '17:22 22.08.26', 'value_Check': False}}, '\\question.json': {'Body': [{'Qst': {'question_name': 'Кто такой Патрин?', 'answer': ['Бугалтер', 'Директор'], 'right_answer': ['Преподаватель'], 'id': 1}}]}, '\\static\\GetClientData\\UploadInServerClientCookie\\ClientCookieData\\question.json': {'client_flag': True, 'Body': [{'Qst': {'question_name': 'Кто такой Патрин?', 'answer': ['Бухгалтер ', 'Директор'], 'right_answer': ['Преподаватель'], 'id': 1}}]}, '\\Settings\\SettingsPage\\settings_page.json': {'Body': [{'name': 'version', 'value': 2.1}, {'name': 'url for update', 'value': 'https://github.com/RustFarmer/Test/blob/main/update_url_file.json'}]}, '\\Settings\\UpdateProgram\\UpdateData\\update_url_file.json': {'Body': {'rarFile': 'https://github.com/RustFarmer/Rust-helper/raw/refs/heads/main/v5.1.rar'}}, '\\static\\GetClientData\\UploadInServerClientCookie\\ClientCookieData\\settings.json': {'client_flag': True, 'Body': []}, '\\PassCutOff\\settings.json': {'Body': []}, '\\ImageResultScreen\\imageSettings.json': {'Body': []}, '\\ListBlancQuestion\\listBlancQuestion.json': {'Body': []}}
2026-08-29 at 23:34:10 | INFO | <class 'pathlib.WindowsPath'>
2026-08-29 at 23:34:10 | INFO | T:\Н папка\програмирование\python\project\pythonProject1\programForTecher\admin
2026-08-29 at 23:34:10 | INFO | {'\\Cookie\\local_cookie.json': {'Body': {'time_check_updates': '17:22 22.08.26', 'value_Check': False}}, '\\question.json': {'Body': [{'Qst': {'question_name': 'Кто такой Патрин?', 'answer': ['Бугалтер', 'Директор'], 'right_answer': ['Преподаватель'], 'id': 1}}]}, '\\static\\GetClientData\\UploadInServerClientCookie\\ClientCookieData\\question.json': {'client_flag': True, 'Body': [{'Qst': {'question_name': 'Кто такой Патрин?', 'answer': ['Бухгалтер ', 'Директор'], 'right_answer': ['Преподаватель'], 'id': 1}}]}, '\\Settings\\SettingsPage\\settings_page.json': {'Body': [{'name': 'version', 'value': 2.1}, {'name': 'url for update', 'value': 'https://github.com/RustFarmer/Test/blob/main/update_url_file.json'}]}, '\\Settings\\UpdateProgram\\UpdateData\\update_url_file.json': {'Body': {'rarFile': 'https://github.com/RustFarmer/Rust-helper/raw/refs/heads/main/v5.1.rar'}}, '\\static\\GetClientData\\UploadInServerClientCookie\\ClientCookieData\\settings.json': {'client_flag': True, 'Body': []}, '\\PassCutOff\\settings.json': {'Body': []}, '\\ImageResultScreen\\imageSettings.json': {'Body': []}, '\\ListBlancQuestion\\listBlancQuestion.json': {'Body': []}}
2026-08-29 at 23:34:10 | INFO | {'\\Cookie\\local_cookie.json': {'Body': {'time_check_updates': '17:22 22.08.26', 'value_Check': False}}, '\\question.json': {'Body': [{'Qst': {'question_name': 'Кто такой Патрин?', 'answer': ['Бугалтер', 'Директор'], 'right_answer': ['Преподаватель'], 'id': 1}}]}, '\\static\\GetClientData\\UploadInServerClientCookie\\ClientCookieData\\question.json': {'client_flag': True, 'Body': [{'Qst': {'question_name': 'Кто такой Патрин?', 'answer': ['Бухгалтер ', 'Директор'], 'right_answer': ['Преподаватель'], 'id': 1}}]}, '\\Settings\\SettingsPage\\settings_page.json': {'Body': [{'name': 'version', 'value': 2.1}, {'name': 'url for update', 'value': 'https://github.com/RustFarmer/Test/blob/main/update_url_file.json'}]}, '\\Settings\\UpdateProgram\\UpdateData\\update_url_file.json': {'Body': {'rarFile': 'https://github.com/RustFarmer/Rust-helper/raw/refs/heads/main/v5.1.rar'}}, '\\static\\GetClientData\\UploadInServerClientCookie\\ClientCookieData\\settings.json': {'client_flag': True, 'Body': []}, '\\PassCutOff\\settings.json': {'Body': []}, '\\ImageResultScreen\\imageSettings.json': {'Body': []}, '\\ListBlancQuestion\\listBlancQuestion.json': {'Body': []}}
2026-08-29 at 23:34:10 | INFO | T:\Н папка\програмирование\python\project\pythonProject1\programForTecher\admin\Cookie\local_cookie.json
2026-08-29 at 23:34:10 | INFO | \Cookie\local_cookie.json
2026-08-29 at 23:34:10 | INFO | {'Body': {'time_check_updates': '17:22 22.08.26', 'value_Check': False}}
2026-08-29 at 23:34:10 | INFO | T:\Н папка\програмирование\python\project\pythonProject1\programForTecher\admin\question.json
2026-08-29 at 23:34:10 | INFO | \question.json
2026-08-29 at 23:34:10 | INFO | {'Body': [{'Qst': {'question_name': 'Кто такой Патрин?', 'answer': ['Бугалтер', 'Директор'], 'right_answer': ['Преподаватель'], 'id': 1}}]}
2026-08-29 at 23:34:10 | INFO | T:\Н папка\програмирование\python\project\pythonProject1\programForTecher\admin\static\GetClientData\UploadInServerClientCookie\ClientCookieData\question.json
2026-08-29 at 23:34:10 | INFO | T:\Н папка\програмирование\python\project\pythonProject1\programForTecher\client\static\GetClientData\UploadInServerClientCookie\ClientCookieData\question.json
2026-08-29 at 23:34:10 | INFO | \static\GetClientData\UploadInServerClientCookie\ClientCookieData\question.json
2026-08-29 at 23:34:10 | INFO | {'client_flag': True, 'Body': [{'Qst': {'question_name': 'Кто такой Патрин?', 'answer': ['Бухгалтер ', 'Директор'], 'right_answer': ['Преподаватель'], 'id': 1}}]}
2026-08-29 at 23:34:10 | INFO | T:\Н папка\програмирование\python\project\pythonProject1\programForTecher\admin\Settings\SettingsPage\settings_page.json
2026-08-29 at 23:34:10 | INFO | \Settings\SettingsPage\settings_page.json
2026-08-29 at 23:34:10 | INFO | {'Body': [{'name': 'version', 'value': 2.1}, {'name': 'url for update', 'value': 'https://github.com/RustFarmer/Test/blob/main/update_url_file.json'}]}
2026-08-29 at 23:34:10 | INFO | T:\Н папка\програмирование\python\project\pythonProject1\programForTecher\admin\Settings\UpdateProgram\UpdateData\update_url_file.json
2026-08-29 at 23:34:10 | INFO | \Settings\UpdateProgram\UpdateData\update_url_file.json
2026-08-29 at 23:34:10 | INFO | {'Body': {'rarFile': 'https://github.com/RustFarmer/Rust-helper/raw/refs/heads/main/v5.1.rar'}}
2026-08-29 at 23:34:10 | INFO | T:\Н папка\програмирование\python\project\pythonProject1\programForTecher\admin\static\GetClientData\UploadInServerClientCookie\ClientCookieData\settings.json
2026-08-29 at 23:34:10 | INFO | T:\Н папка\програмирование\python\project\pythonProject1\programForTecher\client\static\GetClientData\UploadInServerClientCookie\ClientCookieData\settings.json
2026-08-29 at 23:34:10 | INFO | \static\GetClientData\UploadInServerClientCookie\ClientCookieData\settings.json
2026-08-29 at 23:34:10 | INFO | {'client_flag': True, 'Body': []}
2026-08-29 at 23:34:10 | INFO | T:\Н папка\програмирование\python\project\pythonProject1\programForTecher\admin\PassCutOff\settings.json
2026-08-29 at 23:34:10 | INFO | \PassCutOff\settings.json
2026-08-29 at 23:34:10 | INFO | {'Body': []}
2026-08-29 at 23:34:10 | INFO | T:\Н папка\програмирование\python\project\pythonProject1\programForTecher\admin\ImageResultScreen\imageSettings.json
2026-08-29 at 23:34:10 | INFO | \ImageResultScreen\imageSettings.json
2026-08-29 at 23:34:10 | INFO | {'Body': []}
2026-08-29 at 23:34:10 | INFO | T:\Н папка\програмирование\python\project\pythonProject1\programForTecher\admin\ListBlancQuestion\listBlancQuestion.json
2026-08-29 at 23:34:10 | INFO | \ListBlancQuestion\listBlancQuestion.json
2026-08-29 at 23:34:10 | INFO | {'Body': []}
2026-08-29 at 23:35:43 | INFO | T:\Н папка\програмирование\python\project\pythonProject1\programForTecher\admin\Log\appFileLog.log
2026-08-29 at 23:35:43 | INFO | T:\Н папка\програмирование\python\project\pythonProject1\programForTecher\admin
2026-08-29 at 23:35:43 | INFO | T:\Н папка\програмирование\python\project\pythonProject1\programForTecher\client
2026-08-29 at 23:35:43 | INFO | {'\\Cookie\\local_cookie.json': {'Body': {'time_check_updates': '17:22 22.08.26', 'value_Check': False}}, '\\question.json': {'Body': [{'Qst': {'question_name': 'Кто такой Патрин?', 'answer': ['Бугалтер', 'Директор'], 'right_answer': ['Преподаватель'], 'id': 1}}]}, '\\static\\GetClientData\\UploadInServerClientCookie\\ClientCookieData\\question.json': {'client_flag': True, 'Body': [{'Qst': {'question_name': 'Кто такой Патрин?', 'answer': ['Бухгалтер ', 'Директор'], 'right_answer': ['Преподаватель'], 'id': 1}}]}, '\\Settings\\SettingsPage\\settings_page.json': {'Body': [{'name': 'version', 'value': 2.1}, {'name': 'url for update', 'value': 'https://github.com/RustFarmer/Test/blob/main/update_url_file.json'}]}, '\\Settings\\UpdateProgram\\UpdateData\\update_url_file.json': {'Body': {'rarFile': 'https://github.com/RustFarmer/Rust-helper/raw/refs/heads/main/v5.1.rar'}}, '\\static\\GetClientData\\UploadInServerClientCookie\\ClientCookieData\\settings.json': {'client_flag': True, 'Body': []}, '\\PassCutOff\\settings.json': {'Body': []}, '\\ImageResultScreen\\imageSettings.json': {'Body': []}, '\\ListBlancQuestion\\listBlancQuestion.json': {'Body': []}}
2026-08-29 at 23:35:43 | INFO | <class 'pathlib.WindowsPath'>
2026-08-29 at 23:35:43 | INFO | T:\Н папка\програмирование\python\project\pythonProject1\programForTecher\admin
2026-08-29 at 23:35:43 | INFO | {'\\Cookie\\local_cookie.json': {'Body': {'time_check_updates': '17:22 22.08.26', 'value_Check': False}}, '\\question.json': {'Body': [{'Qst': {'question_name': 'Кто такой Патрин?', 'answer': ['Бугалтер', 'Директор'], 'right_answer': ['Преподаватель'], 'id': 1}}]}, '\\static\\GetClientData\\UploadInServerClientCookie\\ClientCookieData\\question.json': {'client_flag': True, 'Body': [{'Qst': {'question_name': 'Кто такой Патрин?', 'answer': ['Бухгалтер ', 'Директор'], 'right_answer': ['Преподаватель'], 'id': 1}}]}, '\\Settings\\SettingsPage\\settings_page.json': {'Body': [{'name': 'version', 'value': 2.1}, {'name': 'url for update', 'value': 'https://github.com/RustFarmer/Test/blob/main/update_url_file.json'}]}, '\\Settings\\UpdateProgram\\UpdateData\\update_url_file.json': {'Body': {'rarFile': 'https://github.com/RustFarmer/Rust-helper/raw/refs/heads/main/v5.1.rar'}}, '\\static\\GetClientData\\UploadInServerClientCookie\\ClientCookieData\\settings.json': {'client_flag': True, 'Body': []}, '\\PassCutOff\\settings.json': {'Body': []}, '\\ImageResultScreen\\imageSettings.json': {'Body': []}, '\\ListBlancQuestion\\listBlancQuestion.json': {'Body': []}}
2026-08-29 at 23:35:43 | INFO | {'\\Cookie\\local_cookie.json': {'Body': {'time_check_updates': '17:22 22.08.26', 'value_Check': False}}, '\\question.json': {'Body': [{'Qst': {'question_name': 'Кто такой Патрин?', 'answer': ['Бугалтер', 'Директор'], 'right_answer': ['Преподаватель'], 'id': 1}}]}, '\\static\\GetClientData\\UploadInServerClientCookie\\ClientCookieData\\question.json': {'client_flag': True, 'Body': [{'Qst': {'question_name': 'Кто такой Патрин?', 'answer': ['Бухгалтер ', 'Директор'], 'right_answer': ['Преподаватель'], 'id': 1}}]}, '\\Settings\\SettingsPage\\settings_page.json': {'Body': [{'name': 'version', 'value': 2.1}, {'name': 'url for update', 'value': 'https://github.com/RustFarmer/Test/blob/main/update_url_file.json'}]}, '\\Settings\\UpdateProgram\\UpdateData\\update_url_file.json': {'Body': {'rarFile': 'https://github.com/RustFarmer/Rust-helper/raw/refs/heads/main/v5.1.rar'}}, '\\static\\GetClientData\\UploadInServerClientCookie\\ClientCookieData\\settings.json': {'client_flag': True, 'Body': []}, '\\PassCutOff\\settings.json': {'Body': []}, '\\ImageResultScreen\\imageSettings.json': {'Body': []}, '\\ListBlancQuestion\\listBlancQuestion.json': {'Body': []}}
2026-08-29 at 23:35:43 | INFO | T:\Н папка\програмирование\python\project\pythonProject1\programForTecher\admin\Cookie\local_cookie.json
2026-08-29 at 23:35:43 | INFO | \Cookie\local_cookie.json
2026-08-29 at 23:35:43 | INFO | {'Body': {'time_check_updates': '17:22 22.08.26', 'value_Check': False}}
2026-08-29 at 23:35:43 | INFO | T:\Н папка\програмирование\python\project\pythonProject1\programForTecher\admin\question.json
2026-08-29 at 23:35:43 | INFO | \question.json
2026-08-29 at 23:35:43 | INFO | {'Body': [{'Qst': {'question_name': 'Кто такой Патрин?', 'answer': ['Бугалтер', 'Директор'], 'right_answer': ['Преподаватель'], 'id': 1}}]}
2026-08-29 at 23:35:43 | INFO | T:\Н папка\програмирование\python\project\pythonProject1\programForTecher\admin\static\GetClientData\UploadInServerClientCookie\ClientCookieData\question.json
2026-08-29 at 23:35:43 | INFO | T:\Н папка\програмирование\python\project\pythonProject1\programForTecher\client\static\GetClientData\UploadInServerClientCookie\ClientCookieData\question.json
2026-08-29 at 23:35:43 | INFO | \static\GetClientData\UploadInServerClientCookie\ClientCookieData\question.json
2026-08-29 at 23:35:43 | INFO | {'client_flag': True, 'Body': [{'Qst': {'question_name': 'Кто такой Патрин?', 'answer': ['Бухгалтер ', 'Директор'], 'right_answer': ['Преподаватель'], 'id': 1}}]}
2026-08-29 at 23:35:43 | INFO | T:\Н папка\програмирование\python\project\pythonProject1\programForTecher\admin\Settings\SettingsPage\settings_page.json
2026-08-29 at 23:35:43 | INFO | \Settings\SettingsPage\settings_page.json
2026-08-29 at 23:35:43 | INFO | {'Body': [{'name': 'version', 'value': 2.1}, {'name': 'url for update', 'value': 'https://github.com/RustFarmer/Test/blob/main/update_url_file.json'}]}
2026-08-29 at 23:35:43 | INFO | T:\Н папка\програмирование\python\project\pythonProject1\programForTecher\admin\Settings\UpdateProgram\UpdateData\update_url_file.json
2026-08-29 at 23:35:43 | INFO | \Settings\UpdateProgram\UpdateData\update_url_file.json
2026-08-29 at 23:35:43 | INFO | {'Body': {'rarFile': 'https://github.com/RustFarmer/Rust-helper/raw/refs/heads/main/v5.1.rar'}}
2026-08-29 at 23:35:43 | INFO | T:\Н папка\програмирование\python\project\pythonProject1\programForTecher\admin\static\GetClientData\UploadInServerClientCookie\ClientCookieData\settings.json
2026-08-29 at 23:35:43 | INFO | T:\Н папка\програмирование\python\project\pythonProject1\programForTecher\client\static\GetClientData\UploadInServerClientCookie\ClientCookieData\settings.json
2026-08-29 at 23:35:43 | INFO | \static\GetClientData\UploadInServerClientCookie\ClientCookieData\settings.json
2026-08-29 at 23:35:43 | INFO | {'client_flag': True, 'Body': []}
2026-08-29 at 23:35:43 | INFO | T:\Н папка\програмирование\python\project\pythonProject1\programForTecher\admin\PassCutOff\settings.json
2026-08-29 at 23:35:43 | INFO | \PassCutOff\settings.json
2026-08-29 at 23:35:43 | INFO | {'Body': []}
2026-08-29 at 23:35:43 | INFO | T:\Н папка\програмирование\python\project\pythonProject1\programForTecher\admin\ImageResultScreen\imageSettings.json
2026-08-29 at 23:35:43 | INFO | \ImageResultScreen\imageSettings.json
2026-08-29 at 23:35:43 | INFO | {'Body': []}
2026-08-29 at 23:35:43 | INFO | T:\Н папка\програмирование\python\project\pythonProject1\programForTecher\admin\ListBlancQuestion\listBlancQuestion.json
2026-08-29 at 23:35:43 | INFO | \ListBlancQuestion\listBlancQuestion.json
2026-08-29 at 23:35:43 | INFO | {'Body': []}
2026-08-29 at 23:36:15 | INFO | T:\Н папка\програмирование\python\project\pythonProject1\programForTecher\admin\Log\appFileLog.log
2026-08-29 at 23:36:15 | INFO | T:\Н папка\програмирование\python\project\pythonProject1\programForTecher\admin
2026-08-29 at 23:36:15 | INFO | T:\Н папка\програмирование\python\project\pythonProject1\client\_internal
2026-08-29 at 23:36:15 | INFO | {'\\Cookie\\local_cookie.json': {'Body': {'time_check_updates': '17:22 22.08.26', 'value_Check': False}}, '\\question.json': {'Body': [{'Qst': {'question_name': 'Кто такой Патрин?', 'answer': ['Бугалтер', 'Директор'], 'right_answer': ['Преподаватель'], 'id': 1}}]}, '\\static\\GetClientData\\UploadInServerClientCookie\\ClientCookieData\\question.json': {'client_flag': True, 'Body': [{'Qst': {'question_name': 'Кто такой Патрин?', 'answer': ['Бухгалтер ', 'Директор'], 'right_answer': ['Преподаватель'], 'id': 1}}]}, '\\Settings\\SettingsPage\\settings_page.json': {'Body': [{'name': 'version', 'value': 2.1}, {'name': 'url for update', 'value': 'https://github.com/RustFarmer/Test/blob/main/update_url_file.json'}]}, '\\Settings\\UpdateProgram\\UpdateData\\update_url_file.json': {'Body': {'rarFile': 'https://github.com/RustFarmer/Rust-helper/raw/refs/heads/main/v5.1.rar'}}, '\\static\\GetClientData\\UploadInServerClientCookie\\ClientCookieData\\settings.json': {'client_flag': True, 'Body': []}, '\\PassCutOff\\settings.json': {'Body': []}, '\\ImageResultScreen\\imageSettings.json': {'Body': []}, '\\ListBlancQuestion\\listBlancQuestion.json': {'Body': []}}
2026-08-29 at 23:36:15 | INFO | <class 'pathlib.WindowsPath'>
2026-08-29 at 23:36:15 | INFO | T:\Н папка\програмирование\python\project\pythonProject1\programForTecher\admin
2026-08-29 at 23:36:15 | INFO | {'\\Cookie\\local_cookie.json': {'Body': {'time_check_updates': '17:22 22.08.26', 'value_Check': False}}, '\\question.json': {'Body': [{'Qst': {'question_name': 'Кто такой Патрин?', 'answer': ['Бугалтер', 'Директор'], 'right_answer': ['Преподаватель'], 'id': 1}}]}, '\\static\\GetClientData\\UploadInServerClientCookie\\ClientCookieData\\question.json': {'client_flag': True, 'Body': [{'Qst': {'question_name': 'Кто такой Патрин?', 'answer': ['Бухгалтер ', 'Директор'], 'right_answer': ['Преподаватель'], 'id': 1}}]}, '\\Settings\\SettingsPage\\settings_page.json': {'Body': [{'name': 'version', 'value': 2.1}, {'name': 'url for update', 'value': 'https://github.com/RustFarmer/Test/blob/main/update_url_file.json'}]}, '\\Settings\\UpdateProgram\\UpdateData\\update_url_file.json': {'Body': {'rarFile': 'https://github.com/RustFarmer/Rust-helper/raw/refs/heads/main/v5.1.rar'}}, '\\static\\GetClientData\\UploadInServerClientCookie\\ClientCookieData\\settings.json': {'client_flag': True, 'Body': []}, '\\PassCutOff\\settings.json': {'Body': []}, '\\ImageResultScreen\\imageSettings.json': {'Body': []}, '\\ListBlancQuestion\\listBlancQuestion.json': {'Body': []}}
2026-08-29 at 23:36:15 | INFO | {'\\Cookie\\local_cookie.json': {'Body': {'time_check_updates': '17:22 22.08.26', 'value_Check': False}}, '\\question.json': {'Body': [{'Qst': {'question_name': 'Кто такой Патрин?', 'answer': ['Бугалтер', 'Директор'], 'right_answer': ['Преподаватель'], 'id': 1}}]}, '\\static\\GetClientData\\UploadInServerClientCookie\\ClientCookieData\\question.json': {'client_flag': True, 'Body': [{'Qst': {'question_name': 'Кто такой Патрин?', 'answer': ['Бухгалтер ', 'Директор'], 'right_answer': ['Преподаватель'], 'id': 1}}]}, '\\Settings\\SettingsPage\\settings_page.json': {'Body': [{'name': 'version', 'value': 2.1}, {'name': 'url for update', 'value': 'https://github.com/RustFarmer/Test/blob/main/update_url_file.json'}]}, '\\Settings\\UpdateProgram\\UpdateData\\update_url_file.json': {'Body': {'rarFile': 'https://github.com/RustFarmer/Rust-helper/raw/refs/heads/main/v5.1.rar'}}, '\\static\\GetClientData\\UploadInServerClientCookie\\ClientCookieData\\settings.json': {'client_flag': True, 'Body': []}, '\\PassCutOff\\settings.json': {'Body': []}, '\\ImageResultScreen\\imageSettings.json': {'Body': []}, '\\ListBlancQuestion\\listBlancQuestion.json': {'Body': []}}
2026-08-29 at 23:36:15 | INFO | T:\Н папка\програмирование\python\project\pythonProject1\programForTecher\admin\Cookie\local_cookie.json
2026-08-29 at 23:36:15 | INFO | \Cookie\local_cookie.json
2026-08-29 at 23:36:15 | INFO | {'Body': {'time_check_updates': '17:22 22.08.26', 'value_Check': False}}
2026-08-29 at 23:36:15 | INFO | T:\Н папка\програмирование\python\project\pythonProject1\programForTecher\admin\question.json
2026-08-29 at 23:36:15 | INFO | \question.json
2026-08-29 at 23:36:15 | INFO | {'Body': [{'Qst': {'question_name': 'Кто такой Патрин?', 'answer': ['Бугалтер', 'Директор'], 'right_answer': ['Преподаватель'], 'id': 1}}]}
2026-08-29 at 23:36:15 | INFO | T:\Н папка\програмирование\python\project\pythonProject1\programForTecher\admin\static\GetClientData\UploadInServerClientCookie\ClientCookieData\question.json
2026-08-29 at 23:36:15 | INFO | T:\Н папка\програмирование\python\project\pythonProject1\client\_internal\static\GetClientData\UploadInServerClientCookie\ClientCookieData\question.json
2026-08-29 at 23:36:15 | CRITICAL | [Errno 2] No such file or directory: 'T:\\Н папка\\програмирование\\python\\project\\pythonProject1\\client\\_internal\\static\\GetClientData\\UploadInServerClientCookie\\ClientCookieData\\question.json'
2026-09-03 at 17:42:05 | INFO | T:\Рќ РїР°РїРєР°\РїСЂРѕРіСЂР°РјРёСЂРѕРІР°РЅРёРµ\python\project\pythonProject1\programForTecher\admin\Log\appFileLog.log
2026-09-03 at 17:42:05 | INFO | T:\Рќ РїР°РїРєР°\РїСЂРѕРіСЂР°РјРёСЂРѕРІР°РЅРёРµ\python\project\pythonProject1\programForTecher\admin
2026-09-03 at 17:42:05 | INFO | T:\Рќ РїР°РїРєР°\РїСЂРѕРіСЂР°РјРёСЂРѕРІР°РЅРёРµ\python\project\pythonProject1\client\_internal
2026-09-03 at 17:42:05 | INFO | {'\\Cookie\\local_cookie.json': {'Body': {'time_check_updates': '17:22 22.08.26', 'value_Check': False}}, '\\question.json': {'Body': [{'Qst': {'question_name': 'РљС‚Рѕ С‚Р°РєРѕР№ РџР°С‚СЂРёРЅ?', 'answer': ['Р‘СѓРіР°Р»С‚РµСЂ', 'Р”РёСЂРµРєС‚РѕСЂ'], 'right_answer': ['РџСЂРµРїРѕРґР°РІР°С‚РµР»СЊ'], 'id': 1}}]}, '\\static\\GetClientData\\UploadInServerClientCookie\\ClientCookieData\\question.json': {'client_flag': True, 'Body': [{'Qst': {'question_name': 'РљС‚Рѕ С‚Р°РєРѕР№ РџР°С‚СЂРёРЅ?', 'answer': ['Р‘СѓС…РіР°Р»С‚РµСЂ ', 'Р”РёСЂРµРєС‚РѕСЂ'], 'right_answer': ['РџСЂРµРїРѕРґР°РІР°С‚РµР»СЊ'], 'id': 1}}]}, '\\Settings\\SettingsPage\\settings_page.json': {'Body': [{'name': 'version', 'value': 2.1}, {'name': 'url for update', 'value': 'https://github.com/RustFarmer/Test/blob/main/update_url_file.json'}]}, '\\Settings\\UpdateProgram\\UpdateData\\update_url_file.json': {'Body': {'rarFile': 'https://github.com/RustFarmer/Rust-helper/raw/refs/heads/main/v5.1.rar'}}, '\\static\\GetClientData\\UploadInServerClientCookie\\ClientCookieData\\settings.json': {'client_flag': True, 'Body': []}, '\\PassCutOff\\settings.json': {'Body': []}, '\\ImageResultScreen\\imageSettings.json': {'Body': []}, '\\ListBlancQuestion\\listBlancQuestion.json': {'Body': []}}
2026-09-03 at 17:42:05 | INFO | <class 'pathlib.WindowsPath'>
2026-09-03 at 17:42:05 | INFO | T:\Рќ РїР°РїРєР°\РїСЂРѕРіСЂР°РјРёСЂРѕРІР°РЅРёРµ\python\project\pythonProject1\programForTecher\admin
2026-09-03 at 17:42:05 | INFO | {'\\Cookie\\local_cookie.json': {'Body': {'time_check_updates': '17:22 22.08.26', 'value_Check': False}}, '\\question.json': {'Body': [{'Qst': {'question_name': 'РљС‚Рѕ С‚Р°РєРѕР№ РџР°С‚СЂРёРЅ?', 'answer': ['Р‘СѓРіР°Р»С‚РµСЂ', 'Р”РёСЂРµРєС‚РѕСЂ'], 'right_answer': ['РџСЂРµРїРѕРґР°РІР°С‚РµР»СЊ'], 'id': 1}}]}, '\\static\\GetClientData\\UploadInServerClientCookie\\ClientCookieData\\question.json': {'client_flag': True, 'Body': [{'Qst': {'question_name': 'РљС‚Рѕ С‚Р°РєРѕР№ РџР°С‚СЂРёРЅ?', 'answer': ['Р‘СѓС…РіР°Р»С‚РµСЂ ', 'Р”РёСЂРµРєС‚РѕСЂ'], 'right_answer': ['РџСЂРµРїРѕРґР°РІР°С‚РµР»СЊ'], 'id': 1}}]}, '\\Settings\\SettingsPage\\settings_page.json': {'Body': [{'name': 'version', 'value': 2.1}, {'name': 'url for update', 'value': 'https://github.com/RustFarmer/Test/blob/main/update_url_file.json'}]}, '\\Settings\\UpdateProgram\\UpdateData\\update_url_file.json': {'Body': {'rarFile': 'https://github.com/RustFarmer/Rust-helper/raw/refs/heads/main/v5.1.rar'}}, '\\static\\GetClientData\\UploadInServerClientCookie\\ClientCookieData\\settings.json': {'client_flag': True, 'Body': []}, '\\PassCutOff\\settings.json': {'Body': []}, '\\ImageResultScreen\\imageSettings.json': {'Body': []}, '\\ListBlancQuestion\\listBlancQuestion.json': {'Body': []}}
2026-09-03 at 17:42:05 | INFO | {'\\Cookie\\local_cookie.json': {'Body': {'time_check_updates': '17:22 22.08.26', 'value_Check': False}}, '\\question.json': {'Body': [{'Qst': {'question_name': 'РљС‚Рѕ С‚Р°РєРѕР№ РџР°С‚СЂРёРЅ?', 'answer': ['Р‘СѓРіР°Р»С‚РµСЂ', 'Р”РёСЂРµРєС‚РѕСЂ'], 'right_answer': ['РџСЂРµРїРѕРґР°РІР°С‚РµР»СЊ'], 'id': 1}}]}, '\\static\\GetClientData\\UploadInServerClientCookie\\ClientCookieData\\question.json': {'client_flag': True, 'Body': [{'Qst': {'question_name': 'РљС‚Рѕ С‚Р°РєРѕР№ РџР°С‚СЂРёРЅ?', 'answer': ['Р‘СѓС…РіР°Р»С‚РµСЂ ', 'Р”РёСЂРµРєС‚РѕСЂ'], 'right_answer': ['РџСЂРµРїРѕРґР°РІР°С‚РµР»СЊ'], 'id': 1}}]}, '\\Settings\\SettingsPage\\settings_page.json': {'Body': [{'name': 'version', 'value': 2.1}, {'name': 'url for update', 'value': 'https://github.com/RustFarmer/Test/blob/main/update_url_file.json'}]}, '\\Settings\\UpdateProgram\\UpdateData\\update_url_file.json': {'Body': {'rarFile': 'https://github.com/RustFarmer/Rust-helper/raw/refs/heads/main/v5.1.rar'}}, '\\static\\GetClientData\\UploadInServerClientCookie\\ClientCookieData\\settings.json': {'client_flag': True, 'Body': []}, '\\PassCutOff\\settings.json': {'Body': []}, '\\ImageResultScreen\\imageSettings.json': {'Body': []}, '\\ListBlancQuestion\\listBlancQuestion.json': {'Body': []}}
2026-09-03 at 17:42:05 | INFO | T:\Рќ РїР°РїРєР°\РїСЂРѕРіСЂР°РјРёСЂРѕРІР°РЅРёРµ\python\project\pythonProject1\programForTecher\admin\Cookie\local_cookie.json
2026-09-03 at 17:42:05 | INFO | \Cookie\local_cookie.json
2026-09-03 at 17:42:05 | INFO | {'Body': {'time_check_updates': '17:22 22.08.26', 'value_Check': False}}
2026-09-03 at 17:42:05 | INFO | T:\Рќ РїР°РїРєР°\РїСЂРѕРіСЂР°РјРёСЂРѕРІР°РЅРёРµ\python\project\pythonProject1\programForTecher\admin\question.json
2026-09-03 at 17:42:05 | INFO | \question.json
2026-09-03 at 17:42:05 | INFO | {'Body': [{'Qst': {'question_name': 'РљС‚Рѕ С‚Р°РєРѕР№ РџР°С‚СЂРёРЅ?', 'answer': ['Р‘СѓРіР°Р»С‚РµСЂ', 'Р”РёСЂРµРєС‚РѕСЂ'], 'right_answer': ['РџСЂРµРїРѕРґР°РІР°С‚РµР»СЊ'], 'id': 1}}]}
2026-09-03 at 17:42:05 | INFO | T:\Рќ РїР°РїРєР°\РїСЂРѕРіСЂР°РјРёСЂРѕРІР°РЅРёРµ\python\project\pythonProject1\programForTecher\admin\static\GetClientData\UploadInServerClientCookie\ClientCookieData\question.json
2026-09-03 at 17:42:05 | INFO | T:\Рќ РїР°РїРєР°\РїСЂРѕРіСЂР°РјРёСЂРѕРІР°РЅРёРµ\python\project\pythonProject1\client\_internal\static\GetClientData\UploadInServerClientCookie\ClientCookieData\question.json
2026-09-03 at 17:42:05 | CRITICAL | [Errno 2] No such file or directory: 'T:\\Рќ РїР°РїРєР°\\РїСЂРѕРіСЂР°РјРёСЂРѕРІР°РЅРёРµ\\python\\project\\pythonProject1\\client\\_internal\\static\\GetClientData\\UploadInServerClientCookie\\ClientCookieData\\question.json'
2026-09-03 at 17:42:33 | INFO | T:\Рќ РїР°РїРєР°\РїСЂРѕРіСЂР°РјРёСЂРѕРІР°РЅРёРµ\python\project\pythonProject1\programForTecher\admin\Log\appFileLog.log
2026-09-03 at 17:42:33 | INFO | T:\Рќ РїР°РїРєР°\РїСЂРѕРіСЂР°РјРёСЂРѕРІР°РЅРёРµ\python\project\pythonProject1\programForTecher\admin
2026-09-03 at 17:42:33 | INFO | T:\Рќ РїР°РїРєР°\РїСЂРѕРіСЂР°РјРёСЂРѕРІР°РЅРёРµ\python\project\pythonProject1\programForTecher\client
2026-09-03 at 17:42:33 | INFO | {'\\Cookie\\local_cookie.json': {'Body': {'time_check_updates': '17:22 22.08.26', 'value_Check': False}}, '\\question.json': {'Body': [{'Qst': {'question_name': 'РљС‚Рѕ С‚Р°РєРѕР№ РџР°С‚СЂРёРЅ?', 'answer': ['Р‘СѓРіР°Р»С‚РµСЂ', 'Р”РёСЂРµРєС‚РѕСЂ'], 'right_answer': ['РџСЂРµРїРѕРґР°РІР°С‚РµР»СЊ'], 'id': 1}}]}, '\\static\\GetClientData\\UploadInServerClientCookie\\ClientCookieData\\question.json': {'client_flag': True, 'Body': [{'Qst': {'question_name': 'РљС‚Рѕ С‚Р°РєРѕР№ РџР°С‚СЂРёРЅ?', 'answer': ['Р‘СѓС…РіР°Р»С‚РµСЂ ', 'Р”РёСЂРµРєС‚РѕСЂ'], 'right_answer': ['РџСЂРµРїРѕРґР°РІР°С‚РµР»СЊ'], 'id': 1}}]}, '\\Settings\\SettingsPage\\settings_page.json': {'Body': [{'name': 'version', 'value': 2.1}, {'name': 'url for update', 'value': 'https://github.com/RustFarmer/Test/blob/main/update_url_file.json'}]}, '\\Settings\\UpdateProgram\\UpdateData\\update_url_file.json': {'Body': {'rarFile': 'https://github.com/RustFarmer/Rust-helper/raw/refs/heads/main/v5.1.rar'}}, '\\static\\GetClientData\\UploadInServerClientCookie\\ClientCookieData\\settings.json': {'client_flag': True, 'Body': []}, '\\PassCutOff\\settings.json': {'Body': []}, '\\ImageResultScreen\\imageSettings.json': {'Body': []}, '\\ListBlancQuestion\\listBlancQuestion.json': {'Body': []}}
2026-09-03 at 17:42:33 | INFO | <class 'pathlib.WindowsPath'>
2026-09-03 at 17:42:33 | INFO | T:\Рќ РїР°РїРєР°\РїСЂРѕРіСЂР°РјРёСЂРѕРІР°РЅРёРµ\python\project\pythonProject1\programForTecher\admin
2026-09-03 at 17:42:33 | INFO | {'\\Cookie\\local_cookie.json': {'Body': {'time_check_updates': '17:22 22.08.26', 'value_Check': False}}, '\\question.json': {'Body': [{'Qst': {'question_name': 'РљС‚Рѕ С‚Р°РєРѕР№ РџР°С‚СЂРёРЅ?', 'answer': ['Р‘СѓРіР°Р»С‚РµСЂ', 'Р”РёСЂРµРєС‚РѕСЂ'], 'right_answer': ['РџСЂРµРїРѕРґР°РІР°С‚РµР»СЊ'], 'id': 1}}]}, '\\static\\GetClientData\\UploadInServerClientCookie\\ClientCookieData\\question.json': {'client_flag': True, 'Body': [{'Qst': {'question_name': 'РљС‚Рѕ С‚Р°РєРѕР№ РџР°С‚СЂРёРЅ?', 'answer': ['Р‘СѓС…РіР°Р»С‚РµСЂ ', 'Р”РёСЂРµРєС‚РѕСЂ'], 'right_answer': ['РџСЂРµРїРѕРґР°РІР°С‚РµР»СЊ'], 'id': 1}}]}, '\\Settings\\SettingsPage\\settings_page.json': {'Body': [{'name': 'version', 'value': 2.1}, {'name': 'url for update', 'value': 'https://github.com/RustFarmer/Test/blob/main/update_url_file.json'}]}, '\\Settings\\UpdateProgram\\UpdateData\\update_url_file.json': {'Body': {'rarFile': 'https://github.com/RustFarmer/Rust-helper/raw/refs/heads/main/v5.1.rar'}}, '\\static\\GetClientData\\UploadInServerClientCookie\\ClientCookieData\\settings.json': {'client_flag': True, 'Body': []}, '\\PassCutOff\\settings.json': {'Body': []}, '\\ImageResultScreen\\imageSettings.json': {'Body': []}, '\\ListBlancQuestion\\listBlancQuestion.json': {'Body': []}}
2026-09-03 at 17:42:33 | INFO | {'\\Cookie\\local_cookie.json': {'Body': {'time_check_updates': '17:22 22.08.26', 'value_Check': False}}, '\\question.json': {'Body': [{'Qst': {'question_name': 'РљС‚Рѕ С‚Р°РєРѕР№ РџР°С‚СЂРёРЅ?', 'answer': ['Р‘СѓРіР°Р»С‚РµСЂ', 'Р”РёСЂРµРєС‚РѕСЂ'], 'right_answer': ['РџСЂРµРїРѕРґР°РІР°С‚РµР»СЊ'], 'id': 1}}]}, '\\static\\GetClientData\\UploadInServerClientCookie\\ClientCookieData\\question.json': {'client_flag': True, 'Body': [{'Qst': {'question_name': 'РљС‚Рѕ С‚Р°РєРѕР№ РџР°С‚СЂРёРЅ?', 'answer': ['Р‘СѓС…РіР°Р»С‚РµСЂ ', 'Р”РёСЂРµРєС‚РѕСЂ'], 'right_answer': ['РџСЂРµРїРѕРґР°РІР°С‚РµР»СЊ'], 'id': 1}}]}, '\\Settings\\SettingsPage\\settings_page.json': {'Body': [{'name': 'version', 'value': 2.1}, {'name': 'url for update', 'value': 'https://github.com/RustFarmer/Test/blob/main/update_url_file.json'}]}, '\\Settings\\UpdateProgram\\UpdateData\\update_url_file.json': {'Body': {'rarFile': 'https://github.com/RustFarmer/Rust-helper/raw/refs/heads/main/v5.1.rar'}}, '\\static\\GetClientData\\UploadInServerClientCookie\\ClientCookieData\\settings.json': {'client_flag': True, 'Body': []}, '\\PassCutOff\\settings.json': {'Body': []}, '\\ImageResultScreen\\imageSettings.json': {'Body': []}, '\\ListBlancQuestion\\listBlancQuestion.json': {'Body': []}}
2026-09-03 at 17:42:33 | INFO | T:\Рќ РїР°РїРєР°\РїСЂРѕРіСЂР°РјРёСЂРѕРІР°РЅРёРµ\python\project\pythonProject1\programForTecher\admin\Cookie\local_cookie.json
2026-09-03 at 17:42:33 | INFO | \Cookie\local_cookie.json
2026-09-03 at 17:42:33 | INFO | {'Body': {'time_check_updates': '17:22 22.08.26', 'value_Check': False}}
2026-09-03 at 17:42:33 | INFO | T:\Рќ РїР°РїРєР°\РїСЂРѕРіСЂР°РјРёСЂРѕРІР°РЅРёРµ\python\project\pythonProject1\programForTecher\admin\question.json
2026-09-03 at 17:42:33 | INFO | \question.json
2026-09-03 at 17:42:33 | INFO | {'Body': [{'Qst': {'question_name': 'РљС‚Рѕ С‚Р°РєРѕР№ РџР°С‚СЂРёРЅ?', 'answer': ['Р‘СѓРіР°Р»С‚РµСЂ', 'Р”РёСЂРµРєС‚РѕСЂ'], 'right_answer': ['РџСЂРµРїРѕРґР°РІР°С‚РµР»СЊ'], 'id': 1}}]}
2026-09-03 at 17:42:33 | INFO | T:\Рќ РїР°РїРєР°\РїСЂРѕРіСЂР°РјРёСЂРѕРІР°РЅРёРµ\python\project\pythonProject1\programForTecher\admin\static\GetClientData\UploadInServerClientCookie\ClientCookieData\question.json
2026-09-03 at 17:42:33 | INFO | T:\Рќ РїР°РїРєР°\РїСЂРѕРіСЂР°РјРёСЂРѕРІР°РЅРёРµ\python\project\pythonProject1\programForTecher\client\static\GetClientData\UploadInServerClientCookie\ClientCookieData\question.json
2026-09-03 at 17:42:33 | INFO | \static\GetClientData\UploadInServerClientCookie\ClientCookieData\question.json
2026-09-03 at 17:42:33 | INFO | {'client_flag': True, 'Body': [{'Qst': {'question_name': 'РљС‚Рѕ С‚Р°РєРѕР№ РџР°С‚СЂРёРЅ?', 'answer': ['Р‘СѓС…РіР°Р»С‚РµСЂ ', 'Р”РёСЂРµРєС‚РѕСЂ'], 'right_answer': ['РџСЂРµРїРѕРґР°РІР°С‚РµР»СЊ'], 'id': 1}}]}
2026-09-03 at 17:42:33 | INFO | T:\Рќ РїР°РїРєР°\РїСЂРѕРіСЂР°РјРёСЂРѕРІР°РЅРёРµ\python\project\pythonProject1\programForTecher\admin\Settings\SettingsPage\settings_page.json
2026-09-03 at 17:42:33 | INFO | \Settings\SettingsPage\settings_page.json
2026-09-03 at 17:42:33 | INFO | {'Body': [{'name': 'version', 'value': 2.1}, {'name': 'url for update', 'value': 'https://github.com/RustFarmer/Test/blob/main/update_url_file.json'}]}
2026-09-03 at 17:42:33 | INFO | T:\Рќ РїР°РїРєР°\РїСЂРѕРіСЂР°РјРёСЂРѕРІР°РЅРёРµ\python\project\pythonProject1\programForTecher\admin\Settings\UpdateProgram\UpdateData\update_url_file.json
2026-09-03 at 17:42:33 | INFO | \Settings\UpdateProgram\UpdateData\update_url_file.json
2026-09-03 at 17:42:33 | INFO | {'Body': {'rarFile': 'https://github.com/RustFarmer/Rust-helper/raw/refs/heads/main/v5.1.rar'}}
2026-09-03 at 17:42:33 | INFO | T:\Рќ РїР°РїРєР°\РїСЂРѕРіСЂР°РјРёСЂРѕРІР°РЅРёРµ\python\project\pythonProject1\programForTecher\admin\static\GetClientData\UploadInServerClientCookie\ClientCookieData\settings.json
2026-09-03 at 17:42:33 | INFO | T:\Рќ РїР°РїРєР°\РїСЂРѕРіСЂР°РјРёСЂРѕРІР°РЅРёРµ\python\project\pythonProject1\programForTecher\client\static\GetClientData\UploadInServerClientCookie\ClientCookieData\settings.json
2026-09-03 at 17:42:33 | INFO | \static\GetClientData\UploadInServerClientCookie\ClientCookieData\settings.json
2026-09-03 at 17:42:33 | INFO | {'client_flag': True, 'Body': []}
2026-09-03 at 17:42:33 | INFO | T:\Рќ РїР°РїРєР°\РїСЂРѕРіСЂР°РјРёСЂРѕРІР°РЅРёРµ\python\project\pythonProject1\programForTecher\admin\PassCutOff\settings.json
2026-09-03 at 17:42:33 | INFO | \PassCutOff\settings.json
2026-09-03 at 17:42:33 | INFO | {'Body': []}
2026-09-03 at 17:42:33 | INFO | T:\Рќ РїР°РїРєР°\РїСЂРѕРіСЂР°РјРёСЂРѕРІР°РЅРёРµ\python\project\pythonProject1\programForTecher\admin\ImageResultScreen\imageSettings.json
2026-09-03 at 17:42:33 | INFO | \ImageResultScreen\imageSettings.json
2026-09-03 at 17:42:33 | INFO | {'Body': []}
2026-09-03 at 17:42:33 | INFO | T:\Рќ РїР°РїРєР°\РїСЂРѕРіСЂР°РјРёСЂРѕРІР°РЅРёРµ\python\project\pythonProject1\programForTecher\admin\ListBlancQuestion\listBlancQuestion.json
2026-09-03 at 17:42:33 | INFO | \ListBlancQuestion\listBlancQuestion.json
2026-09-03 at 17:42:33 | INFO | {'Body': []}
2026-09-03 at 17:42:34 | INFO | Time to re-check for updates.
2026-09-03 at 17:42:47 | INFO | Session saved: {'time_check_updates': '17:42 03.09.26', 'value_Check': False}
2026-09-03 at 17:42:47 | INFO | False
2026-09-03 at 17:42:47 | INFO | None
2026-09-03 at 17:42:47 | INFO | [{'Qst': {'question_name': 'РљС‚Рѕ С‚Р°РєРѕР№ РџР°С‚СЂРёРЅ?', 'answer': ['Р‘СѓРіР°Р»С‚РµСЂ', 'Р”РёСЂРµРєС‚РѕСЂ'], 'right_answer': ['РџСЂРµРїРѕРґР°РІР°С‚РµР»СЊ'], 'id': 1}}]
2026-09-03 at 17:44:12 | INFO | False
2026-09-03 at 17:44:12 | INFO | None
2026-09-03 at 17:44:12 | INFO | [{'Qst': {'question_name': 'РљС‚Рѕ С‚Р°РєРѕР№ РџР°С‚СЂРёРЅ?', 'answer': ['Р‘СѓРіР°Р»С‚РµСЂ', 'Р”РёСЂРµРєС‚РѕСЂ'], 'right_answer': ['РџСЂРµРїРѕРґР°РІР°С‚РµР»СЊ'], 'id': 1}}]
2026-09-03 at 17:44:38 | INFO | False
2026-09-03 at 17:44:38 | INFO | None
2026-09-03 at 17:44:38 | INFO | [{'Qst': {'question_name': 'РљС‚Рѕ С‚Р°РєРѕР№ РџР°С‚СЂРёРЅ?', 'answer': ['Р‘СѓРіР°Р»С‚РµСЂ', 'Р”РёСЂРµРєС‚РѕСЂ'], 'right_answer': ['РџСЂРµРїРѕРґР°РІР°С‚РµР»СЊ'], 'id': 1}}]
2026-09-03 at 17:44:42 | INFO | False
2026-09-03 at 17:44:42 | INFO | None
2026-09-03 at 17:44:42 | INFO | [{'Qst': {'question_name': 'РљС‚Рѕ С‚Р°РєРѕР№ РџР°С‚СЂРёРЅ?', 'answer': ['Р‘СѓРіР°Р»С‚РµСЂ', 'Р”РёСЂРµРєС‚РѕСЂ'], 'right_answer': ['РџСЂРµРїРѕРґР°РІР°С‚РµР»СЊ'], 'id': 1}}]
2026-09-03 at 17:44:42 | INFO | False
2026-09-03 at 17:44:42 | INFO | None
2026-09-03 at 17:44:42 | INFO | [{'Qst': {'question_name': 'РљС‚Рѕ С‚Р°РєРѕР№ РџР°С‚СЂРёРЅ?', 'answer': ['Р‘СѓРіР°Р»С‚РµСЂ', 'Р”РёСЂРµРєС‚РѕСЂ'], 'right_answer': ['РџСЂРµРїРѕРґР°РІР°С‚РµР»СЊ'], 'id': 1}}]
2026-09-03 at 17:44:42 | INFO | False
2026-09-03 at 17:44:42 | INFO | None
2026-09-03 at 17:44:42 | INFO | [{'Qst': {'question_name': 'РљС‚Рѕ С‚Р°РєРѕР№ РџР°С‚СЂРёРЅ?', 'answer': ['Р‘СѓРіР°Р»С‚РµСЂ', 'Р”РёСЂРµРєС‚РѕСЂ'], 'right_answer': ['РџСЂРµРїРѕРґР°РІР°С‚РµР»СЊ'], 'id': 1}}]
2026-09-03 at 17:44:43 | INFO | False
2026-09-03 at 17:44:43 | INFO | None
2026-09-03 at 17:44:43 | INFO | [{'Qst': {'question_name': 'РљС‚Рѕ С‚Р°РєРѕР№ РџР°С‚СЂРёРЅ?', 'answer': ['Р‘СѓРіР°Р»С‚РµСЂ', 'Р”РёСЂРµРєС‚РѕСЂ'], 'right_answer': ['РџСЂРµРїРѕРґР°РІР°С‚РµР»СЊ'], 'id': 1}}]
2026-09-03 at 17:44:43 | INFO | False
2026-09-03 at 17:44:43 | INFO | None
2026-09-03 at 17:44:43 | INFO | [{'Qst': {'question_name': 'РљС‚Рѕ С‚Р°РєРѕР№ РџР°С‚СЂРёРЅ?', 'answer': ['Р‘СѓРіР°Р»С‚РµСЂ', 'Р”РёСЂРµРєС‚РѕСЂ'], 'right_answer': ['РџСЂРµРїРѕРґР°РІР°С‚РµР»СЊ'], 'id': 1}}]
2026-09-03 at 17:44:43 | INFO | False
2026-09-03 at 17:44:43 | INFO | None
2026-09-03 at 17:44:43 | INFO | [{'Qst': {'question_name': 'РљС‚Рѕ С‚Р°РєРѕР№ РџР°С‚СЂРёРЅ?', 'answer': ['Р‘СѓРіР°Р»С‚РµСЂ', 'Р”РёСЂРµРєС‚РѕСЂ'], 'right_answer': ['РџСЂРµРїРѕРґР°РІР°С‚РµР»СЊ'], 'id': 1}}]
2026-09-03 at 17:45:22 | INFO | False
2026-09-03 at 17:45:22 | INFO | None
2026-09-03 at 17:45:22 | INFO | [{'Qst': {'question_name': 'РљС‚Рѕ С‚Р°РєРѕР№ РџР°С‚СЂРёРЅ?', 'answer': ['Р‘СѓРіР°Р»С‚РµСЂ', 'Р”РёСЂРµРєС‚РѕСЂ'], 'right_answer': ['РџСЂРµРїРѕРґР°РІР°С‚РµР»СЊ'], 'id': 1}}]
2026-09-03 at 17:45:23 | INFO | False
2026-09-03 at 17:45:23 | INFO | None
2026-09-03 at 17:45:23 | INFO | [{'Qst': {'question_name': 'РљС‚Рѕ С‚Р°РєРѕР№ РџР°С‚СЂРёРЅ?', 'answer': ['Р‘СѓРіР°Р»С‚РµСЂ', 'Р”РёСЂРµРєС‚РѕСЂ'], 'right_answer': ['РџСЂРµРїРѕРґР°РІР°С‚РµР»СЊ'], 'id': 1}}]
2026-09-03 at 17:45:23 | INFO | False
2026-09-03 at 17:45:23 | INFO | None
2026-09-03 at 17:45:23 | INFO | [{'Qst': {'question_name': 'РљС‚Рѕ С‚Р°РєРѕР№ РџР°С‚СЂРёРЅ?', 'answer': ['Р‘СѓРіР°Р»С‚РµСЂ', 'Р”РёСЂРµРєС‚РѕСЂ'], 'right_answer': ['РџСЂРµРїРѕРґР°РІР°С‚РµР»СЊ'], 'id': 1}}]
2026-09-03 at 17:45:57 | INFO | T:\Рќ РїР°РїРєР°\РїСЂРѕРіСЂР°РјРёСЂРѕРІР°РЅРёРµ\python\project\pythonProject1\programForTecher\admin\Log\appFileLog.log
2026-09-03 at 17:45:57 | INFO | T:\Рќ РїР°РїРєР°\РїСЂРѕРіСЂР°РјРёСЂРѕРІР°РЅРёРµ\python\project\pythonProject1\programForTecher\admin
2026-09-03 at 17:45:57 | INFO | T:\Рќ РїР°РїРєР°\РїСЂРѕРіСЂР°РјРёСЂРѕРІР°РЅРёРµ\python\project\pythonProject1\programForTecher\client
2026-09-03 at 17:45:57 | INFO | {'\\Cookie\\local_cookie.json': {'Body': {'time_check_updates': '17:22 22.08.26', 'value_Check': False}}, '\\question.json': {'Body': [{'Qst': {'question_name': 'РљС‚Рѕ С‚Р°РєРѕР№ РџР°С‚СЂРёРЅ?', 'answer': ['Р‘СѓРіР°Р»С‚РµСЂ', 'Р”РёСЂРµРєС‚РѕСЂ'], 'right_answer': ['РџСЂРµРїРѕРґР°РІР°С‚РµР»СЊ'], 'id': 1}}]}, '\\static\\GetClientData\\UploadInServerClientCookie\\ClientCookieData\\question.json': {'client_flag': True, 'Body': [{'Qst': {'question_name': 'РљС‚Рѕ С‚Р°РєРѕР№ РџР°С‚СЂРёРЅ?', 'answer': ['Р‘СѓС…РіР°Р»С‚РµСЂ ', 'Р”РёСЂРµРєС‚РѕСЂ'], 'right_answer': ['РџСЂРµРїРѕРґР°РІР°С‚РµР»СЊ'], 'id': 1}}]}, '\\Settings\\SettingsPage\\settings_page.json': {'Body': [{'name': 'version', 'value': 2.1}, {'name': 'url for update', 'value': 'https://github.com/RustFarmer/Test/blob/main/update_url_file.json'}]}, '\\Settings\\UpdateProgram\\UpdateData\\update_url_file.json': {'Body': {'rarFile': 'https://github.com/RustFarmer/Rust-helper/raw/refs/heads/main/v5.1.rar'}}, '\\static\\GetClientData\\UploadInServerClientCookie\\ClientCookieData\\settings.json': {'client_flag': True, 'Body': []}, '\\PassCutOff\\settings.json': {'Body': []}, '\\ImageResultScreen\\imageSettings.json': {'Body': []}, '\\ListBlancQuestion\\listBlancQuestion.json': {'Body': []}}
2026-09-03 at 17:45:57 | INFO | <class 'pathlib.WindowsPath'>
2026-09-03 at 17:45:57 | INFO | T:\Рќ РїР°РїРєР°\РїСЂРѕРіСЂР°РјРёСЂРѕРІР°РЅРёРµ\python\project\pythonProject1\programForTecher\admin
2026-09-03 at 17:45:57 | INFO | {'\\Cookie\\local_cookie.json': {'Body': {'time_check_updates': '17:22 22.08.26', 'value_Check': False}}, '\\question.json': {'Body': [{'Qst': {'question_name': 'РљС‚Рѕ С‚Р°РєРѕР№ РџР°С‚СЂРёРЅ?', 'answer': ['Р‘СѓРіР°Р»С‚РµСЂ', 'Р”РёСЂРµРєС‚РѕСЂ'], 'right_answer': ['РџСЂРµРїРѕРґР°РІР°С‚РµР»СЊ'], 'id': 1}}]}, '\\static\\GetClientData\\UploadInServerClientCookie\\ClientCookieData\\question.json': {'client_flag': True, 'Body': [{'Qst': {'question_name': 'РљС‚Рѕ С‚Р°РєРѕР№ РџР°С‚СЂРёРЅ?', 'answer': ['Р‘СѓС…РіР°Р»С‚РµСЂ ', 'Р”РёСЂРµРєС‚РѕСЂ'], 'right_answer': ['РџСЂРµРїРѕРґР°РІР°С‚РµР»СЊ'], 'id': 1}}]}, '\\Settings\\SettingsPage\\settings_page.json': {'Body': [{'name': 'version', 'value': 2.1}, {'name': 'url for update', 'value': 'https://github.com/RustFarmer/Test/blob/main/update_url_file.json'}]}, '\\Settings\\UpdateProgram\\UpdateData\\update_url_file.json': {'Body': {'rarFile': 'https://github.com/RustFarmer/Rust-helper/raw/refs/heads/main/v5.1.rar'}}, '\\static\\GetClientData\\UploadInServerClientCookie\\ClientCookieData\\settings.json': {'client_flag': True, 'Body': []}, '\\PassCutOff\\settings.json': {'Body': []}, '\\ImageResultScreen\\imageSettings.json': {'Body': []}, '\\ListBlancQuestion\\listBlancQuestion.json': {'Body': []}}
2026-09-03 at 17:45:57 | INFO | {'\\Cookie\\local_cookie.json': {'Body': {'time_check_updates': '17:22 22.08.26', 'value_Check': False}}, '\\question.json': {'Body': [{'Qst': {'question_name': 'РљС‚Рѕ С‚Р°РєРѕР№ РџР°С‚СЂРёРЅ?', 'answer': ['Р‘СѓРіР°Р»С‚РµСЂ', 'Р”РёСЂРµРєС‚РѕСЂ'], 'right_answer': ['РџСЂРµРїРѕРґР°РІР°С‚РµР»СЊ'], 'id': 1}}]}, '\\static\\GetClientData\\UploadInServerClientCookie\\ClientCookieData\\question.json': {'client_flag': True, 'Body': [{'Qst': {'question_name': 'РљС‚Рѕ С‚Р°РєРѕР№ РџР°С‚СЂРёРЅ?', 'answer': ['Р‘СѓС…РіР°Р»С‚РµСЂ ', 'Р”РёСЂРµРєС‚РѕСЂ'], 'right_answer': ['РџСЂРµРїРѕРґР°РІР°С‚РµР»СЊ'], 'id': 1}}]}, '\\Settings\\SettingsPage\\settings_page.json': {'Body': [{'name': 'version', 'value': 2.1}, {'name': 'url for update', 'value': 'https://github.com/RustFarmer/Test/blob/main/update_url_file.json'}]}, '\\Settings\\UpdateProgram\\UpdateData\\update_url_file.json': {'Body': {'rarFile': 'https://github.com/RustFarmer/Rust-helper/raw/refs/heads/main/v5.1.rar'}}, '\\static\\GetClientData\\UploadInServerClientCookie\\ClientCookieData\\settings.json': {'client_flag': True, 'Body': []}, '\\PassCutOff\\settings.json': {'Body': []}, '\\ImageResultScreen\\imageSettings.json': {'Body': []}, '\\ListBlancQuestion\\listBlancQuestion.json': {'Body': []}}
2026-09-03 at 17:45:57 | INFO | T:\Рќ РїР°РїРєР°\РїСЂРѕРіСЂР°РјРёСЂРѕРІР°РЅРёРµ\python\project\pythonProject1\programForTecher\admin\Cookie\local_cookie.json
2026-09-03 at 17:45:57 | INFO | \Cookie\local_cookie.json
2026-09-03 at 17:45:57 | INFO | {'Body': {'time_check_updates': '17:22 22.08.26', 'value_Check': False}}
2026-09-03 at 17:45:57 | INFO | T:\Рќ РїР°РїРєР°\РїСЂРѕРіСЂР°РјРёСЂРѕРІР°РЅРёРµ\python\project\pythonProject1\programForTecher\admin\question.json
2026-09-03 at 17:45:57 | INFO | \question.json
2026-09-03 at 17:45:57 | INFO | {'Body': [{'Qst': {'question_name': 'РљС‚Рѕ С‚Р°РєРѕР№ РџР°С‚СЂРёРЅ?', 'answer': ['Р‘СѓРіР°Р»С‚РµСЂ', 'Р”РёСЂРµРєС‚РѕСЂ'], 'right_answer': ['РџСЂРµРїРѕРґР°РІР°С‚РµР»СЊ'], 'id': 1}}]}
2026-09-03 at 17:45:57 | INFO | T:\Рќ РїР°РїРєР°\РїСЂРѕРіСЂР°РјРёСЂРѕРІР°РЅРёРµ\python\project\pythonProject1\programForTecher\admin\static\GetClientData\UploadInServerClientCookie\ClientCookieData\question.json
2026-09-03 at 17:45:57 | INFO | T:\Рќ РїР°РїРєР°\РїСЂРѕРіСЂР°РјРёСЂРѕРІР°РЅРёРµ\python\project\pythonProject1\programForTecher\client\static\GetClientData\UploadInServerClientCookie\ClientCookieData\question.json
2026-09-03 at 17:45:57 | INFO | \static\GetClientData\UploadInServerClientCookie\ClientCookieData\question.json
2026-09-03 at 17:45:57 | INFO | {'client_flag': True, 'Body': [{'Qst': {'question_name': 'РљС‚Рѕ С‚Р°РєРѕР№ РџР°С‚СЂРёРЅ?', 'answer': ['Р‘СѓС…РіР°Р»С‚РµСЂ ', 'Р”РёСЂРµРєС‚РѕСЂ'], 'right_answer': ['РџСЂРµРїРѕРґР°РІР°С‚РµР»СЊ'], 'id': 1}}]}
2026-09-03 at 17:45:57 | INFO | T:\Рќ РїР°РїРєР°\РїСЂРѕРіСЂР°РјРёСЂРѕРІР°РЅРёРµ\python\project\pythonProject1\programForTecher\admin\Settings\SettingsPage\settings_page.json
2026-09-03 at 17:45:57 | INFO | \Settings\SettingsPage\settings_page.json
2026-09-03 at 17:45:57 | INFO | {'Body': [{'name': 'version', 'value': 2.1}, {'name': 'url for update', 'value': 'https://github.com/RustFarmer/Test/blob/main/update_url_file.json'}]}
2026-09-03 at 17:45:57 | INFO | T:\Рќ РїР°РїРєР°\РїСЂРѕРіСЂР°РјРёСЂРѕРІР°РЅРёРµ\python\project\pythonProject1\programForTecher\admin\Settings\UpdateProgram\UpdateData\update_url_file.json
2026-09-03 at 17:45:57 | INFO | \Settings\UpdateProgram\UpdateData\update_url_file.json
2026-09-03 at 17:45:57 | INFO | {'Body': {'rarFile': 'https://github.com/RustFarmer/Rust-helper/raw/refs/heads/main/v5.1.rar'}}
2026-09-03 at 17:45:57 | INFO | T:\Рќ РїР°РїРєР°\РїСЂРѕРіСЂР°РјРёСЂРѕРІР°РЅРёРµ\python\project\pythonProject1\programForTecher\admin\static\GetClientData\UploadInServerClientCookie\ClientCookieData\settings.json
2026-09-03 at 17:45:57 | INFO | T:\Рќ РїР°РїРєР°\РїСЂРѕРіСЂР°РјРёСЂРѕРІР°РЅРёРµ\python\project\pythonProject1\programForTecher\client\static\GetClientData\UploadInServerClientCookie\ClientCookieData\settings.json
2026-09-03 at 17:45:57 | INFO | \static\GetClientData\UploadInServerClientCookie\ClientCookieData\settings.json
2026-09-03 at 17:45:57 | INFO | {'client_flag': True, 'Body': []}
2026-09-03 at 17:45:57 | INFO | T:\Рќ РїР°РїРєР°\РїСЂРѕРіСЂР°РјРёСЂРѕРІР°РЅРёРµ\python\project\pythonProject1\programForTecher\admin\PassCutOff\settings.json
2026-09-03 at 17:45:57 | INFO | \PassCutOff\settings.json
2026-09-03 at 17:45:57 | INFO | {'Body': []}
2026-09-03 at 17:45:57 | INFO | T:\Рќ РїР°РїРєР°\РїСЂРѕРіСЂР°РјРёСЂРѕРІР°РЅРёРµ\python\project\pythonProject1\programForTecher\admin\ImageResultScreen\imageSettings.json
2026-09-03 at 17:45:57 | INFO | \ImageResultScreen\imageSettings.json
2026-09-03 at 17:45:57 | INFO | {'Body': []}
2026-09-03 at 17:45:57 | INFO | T:\Рќ РїР°РїРєР°\РїСЂРѕРіСЂР°РјРёСЂРѕРІР°РЅРёРµ\python\project\pythonProject1\programForTecher\admin\ListBlancQuestion\listBlancQuestion.json
2026-09-03 at 17:45:57 | INFO | \ListBlancQuestion\listBlancQuestion.json
2026-09-03 at 17:45:57 | INFO | {'Body': []}
2026-09-03 at 17:45:58 | INFO | T:\Рќ РїР°РїРєР°\РїСЂРѕРіСЂР°РјРёСЂРѕРІР°РЅРёРµ\python\project\pythonProject1\programForTecher\admin\Log\appFileLog.log
2026-09-03 at 17:45:58 | INFO | T:\Рќ РїР°РїРєР°\РїСЂРѕРіСЂР°РјРёСЂРѕРІР°РЅРёРµ\python\project\pythonProject1\programForTecher\admin
2026-09-03 at 17:45:58 | INFO | T:\Рќ РїР°РїРєР°\РїСЂРѕРіСЂР°РјРёСЂРѕРІР°РЅРёРµ\python\project\pythonProject1\programForTecher\client
2026-09-03 at 17:45:58 | INFO | {'\\Cookie\\local_cookie.json': {'Body': {'time_check_updates': '17:22 22.08.26', 'value_Check': False}}, '\\question.json': {'Body': [{'Qst': {'question_name': 'РљС‚Рѕ С‚Р°РєРѕР№ РџР°С‚СЂРёРЅ?', 'answer': ['Р‘СѓРіР°Р»С‚РµСЂ', 'Р”РёСЂРµРєС‚РѕСЂ'], 'right_answer': ['РџСЂРµРїРѕРґР°РІР°С‚РµР»СЊ'], 'id': 1}}]}, '\\static\\GetClientData\\UploadInServerClientCookie\\ClientCookieData\\question.json': {'client_flag': True, 'Body': [{'Qst': {'question_name': 'РљС‚Рѕ С‚Р°РєРѕР№ РџР°С‚СЂРёРЅ?', 'answer': ['Р‘СѓС…РіР°Р»С‚РµСЂ ', 'Р”РёСЂРµРєС‚РѕСЂ'], 'right_answer': ['РџСЂРµРїРѕРґР°РІР°С‚РµР»СЊ'], 'id': 1}}]}, '\\Settings\\SettingsPage\\settings_page.json': {'Body': [{'name': 'version', 'value': 2.1}, {'name': 'url for update', 'value': 'https://github.com/RustFarmer/Test/blob/main/update_url_file.json'}]}, '\\Settings\\UpdateProgram\\UpdateData\\update_url_file.json': {'Body': {'rarFile': 'https://github.com/RustFarmer/Rust-helper/raw/refs/heads/main/v5.1.rar'}}, '\\static\\GetClientData\\UploadInServerClientCookie\\ClientCookieData\\settings.json': {'client_flag': True, 'Body': []}, '\\PassCutOff\\settings.json': {'Body': []}, '\\ImageResultScreen\\imageSettings.json': {'Body': []}, '\\ListBlancQuestion\\listBlancQuestion.json': {'Body': []}}
2026-09-03 at 17:45:58 | INFO | <class 'pathlib.WindowsPath'>
2026-09-03 at 17:45:58 | INFO | T:\Рќ РїР°РїРєР°\РїСЂРѕРіСЂР°РјРёСЂРѕРІР°РЅРёРµ\python\project\pythonProject1\programForTecher\admin
2026-09-03 at 17:45:58 | INFO | {'\\Cookie\\local_cookie.json': {'Body': {'time_check_updates': '17:22 22.08.26', 'value_Check': False}}, '\\question.json': {'Body': [{'Qst': {'question_name': 'РљС‚Рѕ С‚Р°РєРѕР№ РџР°С‚СЂРёРЅ?', 'answer': ['Р‘СѓРіР°Р»С‚РµСЂ', 'Р”РёСЂРµРєС‚РѕСЂ'], 'right_answer': ['РџСЂРµРїРѕРґР°РІР°С‚РµР»СЊ'], 'id': 1}}]}, '\\static\\GetClientData\\UploadInServerClientCookie\\ClientCookieData\\question.json': {'client_flag': True, 'Body': [{'Qst': {'question_name': 'РљС‚Рѕ С‚Р°РєРѕР№ РџР°С‚СЂРёРЅ?', 'answer': ['Р‘СѓС…РіР°Р»С‚РµСЂ ', 'Р”РёСЂРµРєС‚РѕСЂ'], 'right_answer': ['РџСЂРµРїРѕРґР°РІР°С‚РµР»СЊ'], 'id': 1}}]}, '\\Settings\\SettingsPage\\settings_page.json': {'Body': [{'name': 'version', 'value': 2.1}, {'name': 'url for update', 'value': 'https://github.com/RustFarmer/Test/blob/main/update_url_file.json'}]}, '\\Settings\\UpdateProgram\\UpdateData\\update_url_file.json': {'Body': {'rarFile': 'https://github.com/RustFarmer/Rust-helper/raw/refs/heads/main/v5.1.rar'}}, '\\static\\GetClientData\\UploadInServerClientCookie\\ClientCookieData\\settings.json': {'client_flag': True, 'Body': []}, '\\PassCutOff\\settings.json': {'Body': []}, '\\ImageResultScreen\\imageSettings.json': {'Body': []}, '\\ListBlancQuestion\\listBlancQuestion.json': {'Body': []}}
2026-09-03 at 17:45:58 | INFO | {'\\Cookie\\local_cookie.json': {'Body': {'time_check_updates': '17:22 22.08.26', 'value_Check': False}}, '\\question.json': {'Body': [{'Qst': {'question_name': 'РљС‚Рѕ С‚Р°РєРѕР№ РџР°С‚СЂРёРЅ?', 'answer': ['Р‘СѓРіР°Р»С‚РµСЂ', 'Р”РёСЂРµРєС‚РѕСЂ'], 'right_answer': ['РџСЂРµРїРѕРґР°РІР°С‚РµР»СЊ'], 'id': 1}}]}, '\\static\\GetClientData\\UploadInServerClientCookie\\ClientCookieData\\question.json': {'client_flag': True, 'Body': [{'Qst': {'question_name': 'РљС‚Рѕ С‚Р°РєРѕР№ РџР°С‚СЂРёРЅ?', 'answer': ['Р‘СѓС…РіР°Р»С‚РµСЂ ', 'Р”РёСЂРµРєС‚РѕСЂ'], 'right_answer': ['РџСЂРµРїРѕРґР°РІР°С‚РµР»СЊ'], 'id': 1}}]}, '\\Settings\\SettingsPage\\settings_page.json': {'Body': [{'name': 'version', 'value': 2.1}, {'name': 'url for update', 'value': 'https://github.com/RustFarmer/Test/blob/main/update_url_file.json'}]}, '\\Settings\\UpdateProgram\\UpdateData\\update_url_file.json': {'Body': {'rarFile': 'https://github.com/RustFarmer/Rust-helper/raw/refs/heads/main/v5.1.rar'}}, '\\static\\GetClientData\\UploadInServerClientCookie\\ClientCookieData\\settings.json': {'client_flag': True, 'Body': []}, '\\PassCutOff\\settings.json': {'Body': []}, '\\ImageResultScreen\\imageSettings.json': {'Body': []}, '\\ListBlancQuestion\\listBlancQuestion.json': {'Body': []}}
2026-09-03 at 17:45:58 | INFO | T:\Рќ РїР°РїРєР°\РїСЂРѕРіСЂР°РјРёСЂРѕРІР°РЅРёРµ\python\project\pythonProject1\programForTecher\admin\Cookie\local_cookie.json
2026-09-03 at 17:45:58 | INFO | \Cookie\local_cookie.json
2026-09-03 at 17:45:58 | INFO | {'Body': {'time_check_updates': '17:22 22.08.26', 'value_Check': False}}
2026-09-03 at 17:45:58 | INFO | T:\Рќ РїР°РїРєР°\РїСЂРѕРіСЂР°РјРёСЂРѕРІР°РЅРёРµ\python\project\pythonProject1\programForTecher\admin\question.json
2026-09-03 at 17:45:58 | INFO | \question.json
2026-09-03 at 17:45:58 | INFO | {'Body': [{'Qst': {'question_name': 'РљС‚Рѕ С‚Р°РєРѕР№ РџР°С‚СЂРёРЅ?', 'answer': ['Р‘СѓРіР°Р»С‚РµСЂ', 'Р”РёСЂРµРєС‚РѕСЂ'], 'right_answer': ['РџСЂРµРїРѕРґР°РІР°С‚РµР»СЊ'], 'id': 1}}]}
2026-09-03 at 17:45:58 | INFO | T:\Рќ РїР°РїРєР°\РїСЂРѕРіСЂР°РјРёСЂРѕРІР°РЅРёРµ\python\project\pythonProject1\programForTecher\admin\static\GetClientData\UploadInServerClientCookie\ClientCookieData\question.json
2026-09-03 at 17:45:58 | INFO | T:\Рќ РїР°РїРєР°\РїСЂРѕРіСЂР°РјРёСЂРѕРІР°РЅРёРµ\python\project\pythonProject1\programForTecher\client\static\GetClientData\UploadInServerClientCookie\ClientCookieData\question.json
2026-09-03 at 17:45:58 | INFO | \static\GetClientData\UploadInServerClientCookie\ClientCookieData\question.json
2026-09-03 at 17:45:58 | INFO | {'client_flag': True, 'Body': [{'Qst': {'question_name': 'РљС‚Рѕ С‚Р°РєРѕР№ РџР°С‚СЂРёРЅ?', 'answer': ['Р‘СѓС…РіР°Р»С‚РµСЂ ', 'Р”РёСЂРµРєС‚РѕСЂ'], 'right_answer': ['РџСЂРµРїРѕРґР°РІР°С‚РµР»СЊ'], 'id': 1}}]}
2026-09-03 at 17:45:58 | INFO | T:\Рќ РїР°РїРєР°\РїСЂРѕРіСЂР°РјРёСЂРѕРІР°РЅРёРµ\python\project\pythonProject1\programForTecher\admin\Settings\SettingsPage\settings_page.json
2026-09-03 at 17:45:58 | INFO | \Settings\SettingsPage\settings_page.json
2026-09-03 at 17:45:58 | INFO | {'Body': [{'name': 'version', 'value': 2.1}, {'name': 'url for update', 'value': 'https://github.com/RustFarmer/Test/blob/main/update_url_file.json'}]}
2026-09-03 at 17:45:58 | INFO | T:\Рќ РїР°РїРєР°\РїСЂРѕРіСЂР°РјРёСЂРѕРІР°РЅРёРµ\python\project\pythonProject1\programForTecher\admin\Settings\UpdateProgram\UpdateData\update_url_file.json
2026-09-03 at 17:45:58 | INFO | \Settings\UpdateProgram\UpdateData\update_url_file.json
2026-09-03 at 17:45:58 | INFO | {'Body': {'rarFile': 'https://github.com/RustFarmer/Rust-helper/raw/refs/heads/main/v5.1.rar'}}
2026-09-03 at 17:45:58 | INFO | T:\Рќ РїР°РїРєР°\РїСЂРѕРіСЂР°РјРёСЂРѕРІР°РЅРёРµ\python\project\pythonProject1\programForTecher\admin\static\GetClientData\UploadInServerClientCookie\ClientCookieData\settings.json
2026-09-03 at 17:45:58 | INFO | T:\Рќ РїР°РїРєР°\РїСЂРѕРіСЂР°РјРёСЂРѕРІР°РЅРёРµ\python\project\pythonProject1\programForTecher\client\static\GetClientData\UploadInServerClientCookie\ClientCookieData\settings.json
2026-09-03 at 17:45:58 | INFO | \static\GetClientData\UploadInServerClientCookie\ClientCookieData\settings.json
2026-09-03 at 17:45:58 | INFO | {'client_flag': True, 'Body': []}
2026-09-03 at 17:45:58 | INFO | T:\Рќ РїР°РїРєР°\РїСЂРѕРіСЂР°РјРёСЂРѕРІР°РЅРёРµ\python\project\pythonProject1\programForTecher\admin\PassCutOff\settings.json
2026-09-03 at 17:45:58 | INFO | \PassCutOff\settings.json
2026-09-03 at 17:45:58 | INFO | {'Body': []}
2026-09-03 at 17:45:58 | INFO | T:\Рќ РїР°РїРєР°\РїСЂРѕРіСЂР°РјРёСЂРѕРІР°РЅРёРµ\python\project\pythonProject1\programForTecher\admin\ImageResultScreen\imageSettings.json
2026-09-03 at 17:45:58 | INFO | \ImageResultScreen\imageSettings.json
2026-09-03 at 17:45:58 | INFO | {'Body': []}
2026-09-03 at 17:45:58 | INFO | T:\Рќ РїР°РїРєР°\РїСЂРѕРіСЂР°РјРёСЂРѕРІР°РЅРёРµ\python\project\pythonProject1\programForTecher\admin\ListBlancQuestion\listBlancQuestion.json
2026-09-03 at 17:45:58 | INFO | \ListBlancQuestion\listBlancQuestion.json
2026-09-03 at 17:45:58 | INFO | {'Body': []}
2026-09-03 at 17:45:59 | INFO | False
2026-09-03 at 17:45:59 | INFO | None
2026-09-03 at 17:45:59 | INFO | [{'Qst': {'question_name': 'РљС‚Рѕ С‚Р°РєРѕР№ РџР°С‚СЂРёРЅ?', 'answer': ['Р‘СѓРіР°Р»С‚РµСЂ', 'Р”РёСЂРµРєС‚РѕСЂ'], 'right_answer': ['РџСЂРµРїРѕРґР°РІР°С‚РµР»СЊ'], 'id': 1}}]
2026-09-03 at 17:48:16 | INFO | T:\Н папка\програмирование\python\project\pythonProject1\programForTecher\admin\Log\appFileLog.log
2026-09-03 at 17:48:16 | INFO | T:\Н папка\програмирование\python\project\pythonProject1\programForTecher\admin
2026-09-03 at 17:48:16 | INFO | T:\Н папка\програмирование\python\project\pythonProject1\programForTecher\client
2026-09-03 at 17:48:16 | INFO | {'\\Cookie\\local_cookie.json': {'Body': {'time_check_updates': '17:22 22.08.26', 'value_Check': False}}, '\\question.json': {'Body': [{'Qst': {'question_name': 'Кто такой Патрин?', 'answer': ['Бугалтер', 'Директор'], 'right_answer': ['Преподаватель'], 'id': 1}}]}, '\\static\\GetClientData\\UploadInServerClientCookie\\ClientCookieData\\question.json': {'client_flag': True, 'Body': [{'Qst': {'question_name': 'Кто такой Патрин?', 'answer': ['Бухгалтер ', 'Директор'], 'right_answer': ['Преподаватель'], 'id': 1}}]}, '\\Settings\\SettingsPage\\settings_page.json': {'Body': [{'name': 'version', 'value': 2.1}, {'name': 'url for update', 'value': 'https://github.com/RustFarmer/Test/blob/main/update_url_file.json'}]}, '\\Settings\\UpdateProgram\\UpdateData\\update_url_file.json': {'Body': {'rarFile': 'https://github.com/RustFarmer/Rust-helper/raw/refs/heads/main/v5.1.rar'}}, '\\static\\GetClientData\\UploadInServerClientCookie\\ClientCookieData\\settings.json': {'client_flag': True, 'Body': []}, '\\PassCutOff\\settings.json': {'Body': []}, '\\ImageResultScreen\\imageSettings.json': {'Body': []}, '\\ListBlancQuestion\\listBlancQuestion.json': {'Body': []}}
2026-09-03 at 17:48:16 | INFO | <class 'pathlib.WindowsPath'>
2026-09-03 at 17:48:16 | INFO | T:\Н папка\програмирование\python\project\pythonProject1\programForTecher\admin
2026-09-03 at 17:48:16 | INFO | {'\\Cookie\\local_cookie.json': {'Body': {'time_check_updates': '17:22 22.08.26', 'value_Check': False}}, '\\question.json': {'Body': [{'Qst': {'question_name': 'Кто такой Патрин?', 'answer': ['Бугалтер', 'Директор'], 'right_answer': ['Преподаватель'], 'id': 1}}]}, '\\static\\GetClientData\\UploadInServerClientCookie\\ClientCookieData\\question.json': {'client_flag': True, 'Body': [{'Qst': {'question_name': 'Кто такой Патрин?', 'answer': ['Бухгалтер ', 'Директор'], 'right_answer': ['Преподаватель'], 'id': 1}}]}, '\\Settings\\SettingsPage\\settings_page.json': {'Body': [{'name': 'version', 'value': 2.1}, {'name': 'url for update', 'value': 'https://github.com/RustFarmer/Test/blob/main/update_url_file.json'}]}, '\\Settings\\UpdateProgram\\UpdateData\\update_url_file.json': {'Body': {'rarFile': 'https://github.com/RustFarmer/Rust-helper/raw/refs/heads/main/v5.1.rar'}}, '\\static\\GetClientData\\UploadInServerClientCookie\\ClientCookieData\\settings.json': {'client_flag': True, 'Body': []}, '\\PassCutOff\\settings.json': {'Body': []}, '\\ImageResultScreen\\imageSettings.json': {'Body': []}, '\\ListBlancQuestion\\listBlancQuestion.json': {'Body': []}}
2026-09-03 at 17:48:16 | INFO | {'\\Cookie\\local_cookie.json': {'Body': {'time_check_updates': '17:22 22.08.26', 'value_Check': False}}, '\\question.json': {'Body': [{'Qst': {'question_name': 'Кто такой Патрин?', 'answer': ['Бугалтер', 'Директор'], 'right_answer': ['Преподаватель'], 'id': 1}}]}, '\\static\\GetClientData\\UploadInServerClientCookie\\ClientCookieData\\question.json': {'client_flag': True, 'Body': [{'Qst': {'question_name': 'Кто такой Патрин?', 'answer': ['Бухгалтер ', 'Директор'], 'right_answer': ['Преподаватель'], 'id': 1}}]}, '\\Settings\\SettingsPage\\settings_page.json': {'Body': [{'name': 'version', 'value': 2.1}, {'name': 'url for update', 'value': 'https://github.com/RustFarmer/Test/blob/main/update_url_file.json'}]}, '\\Settings\\UpdateProgram\\UpdateData\\update_url_file.json': {'Body': {'rarFile': 'https://github.com/RustFarmer/Rust-helper/raw/refs/heads/main/v5.1.rar'}}, '\\static\\GetClientData\\UploadInServerClientCookie\\ClientCookieData\\settings.json': {'client_flag': True, 'Body': []}, '\\PassCutOff\\settings.json': {'Body': []}, '\\ImageResultScreen\\imageSettings.json': {'Body': []}, '\\ListBlancQuestion\\listBlancQuestion.json': {'Body': []}}
2026-09-03 at 17:48:16 | INFO | T:\Н папка\програмирование\python\project\pythonProject1\programForTecher\admin\Cookie\local_cookie.json
2026-09-03 at 17:48:16 | INFO | \Cookie\local_cookie.json
2026-09-03 at 17:48:16 | INFO | {'Body': {'time_check_updates': '17:22 22.08.26', 'value_Check': False}}
2026-09-03 at 17:48:16 | INFO | T:\Н папка\програмирование\python\project\pythonProject1\programForTecher\admin\question.json
2026-09-03 at 17:48:16 | INFO | \question.json
2026-09-03 at 17:48:16 | INFO | {'Body': [{'Qst': {'question_name': 'Кто такой Патрин?', 'answer': ['Бугалтер', 'Директор'], 'right_answer': ['Преподаватель'], 'id': 1}}]}
2026-09-03 at 17:48:16 | INFO | T:\Н папка\програмирование\python\project\pythonProject1\programForTecher\admin\static\GetClientData\UploadInServerClientCookie\ClientCookieData\question.json
2026-09-03 at 17:48:16 | INFO | T:\Н папка\програмирование\python\project\pythonProject1\programForTecher\client\static\GetClientData\UploadInServerClientCookie\ClientCookieData\question.json
2026-09-03 at 17:48:16 | INFO | \static\GetClientData\UploadInServerClientCookie\ClientCookieData\question.json
2026-09-03 at 17:48:16 | INFO | {'client_flag': True, 'Body': [{'Qst': {'question_name': 'Кто такой Патрин?', 'answer': ['Бухгалтер ', 'Директор'], 'right_answer': ['Преподаватель'], 'id': 1}}]}
2026-09-03 at 17:48:16 | INFO | T:\Н папка\програмирование\python\project\pythonProject1\programForTecher\admin\Settings\SettingsPage\settings_page.json
2026-09-03 at 17:48:16 | INFO | \Settings\SettingsPage\settings_page.json
2026-09-03 at 17:48:16 | INFO | {'Body': [{'name': 'version', 'value': 2.1}, {'name': 'url for update', 'value': 'https://github.com/RustFarmer/Test/blob/main/update_url_file.json'}]}
2026-09-03 at 17:48:16 | INFO | T:\Н папка\програмирование\python\project\pythonProject1\programForTecher\admin\Settings\UpdateProgram\UpdateData\update_url_file.json
2026-09-03 at 17:48:16 | INFO | \Settings\UpdateProgram\UpdateData\update_url_file.json
2026-09-03 at 17:48:16 | INFO | {'Body': {'rarFile': 'https://github.com/RustFarmer/Rust-helper/raw/refs/heads/main/v5.1.rar'}}
2026-09-03 at 17:48:16 | INFO | T:\Н папка\програмирование\python\project\pythonProject1\programForTecher\admin\static\GetClientData\UploadInServerClientCookie\ClientCookieData\settings.json
2026-09-03 at 17:48:16 | INFO | T:\Н папка\програмирование\python\project\pythonProject1\programForTecher\client\static\GetClientData\UploadInServerClientCookie\ClientCookieData\settings.json
2026-09-03 at 17:48:16 | INFO | \static\GetClientData\UploadInServerClientCookie\ClientCookieData\settings.json
2026-09-03 at 17:48:16 | INFO | {'client_flag': True, 'Body': []}
2026-09-03 at 17:48:16 | INFO | T:\Н папка\програмирование\python\project\pythonProject1\programForTecher\admin\PassCutOff\settings.json
2026-09-03 at 17:48:16 | INFO | \PassCutOff\settings.json
2026-09-03 at 17:48:16 | INFO | {'Body': []}
2026-09-03 at 17:48:16 | INFO | T:\Н папка\програмирование\python\project\pythonProject1\programForTecher\admin\ImageResultScreen\imageSettings.json
2026-09-03 at 17:48:16 | INFO | \ImageResultScreen\imageSettings.json
2026-09-03 at 17:48:16 | INFO | {'Body': []}
2026-09-03 at 17:48:16 | INFO | T:\Н папка\програмирование\python\project\pythonProject1\programForTecher\admin\ListBlancQuestion\listBlancQuestion.json
2026-09-03 at 17:48:16 | INFO | \ListBlancQuestion\listBlancQuestion.json
2026-09-03 at 17:48:16 | INFO | {'Body': []}
2026-09-03 at 17:48:17 | INFO | T:\Н папка\програмирование\python\project\pythonProject1\programForTecher\admin\Log\appFileLog.log
2026-09-03 at 17:48:17 | INFO | T:\Н папка\програмирование\python\project\pythonProject1\programForTecher\admin
2026-09-03 at 17:48:17 | INFO | T:\Н папка\програмирование\python\project\pythonProject1\programForTecher\client
2026-09-03 at 17:48:17 | INFO | {'\\Cookie\\local_cookie.json': {'Body': {'time_check_updates': '17:22 22.08.26', 'value_Check': False}}, '\\question.json': {'Body': [{'Qst': {'question_name': 'Кто такой Патрин?', 'answer': ['Бугалтер', 'Директор'], 'right_answer': ['Преподаватель'], 'id': 1}}]}, '\\static\\GetClientData\\UploadInServerClientCookie\\ClientCookieData\\question.json': {'client_flag': True, 'Body': [{'Qst': {'question_name': 'Кто такой Патрин?', 'answer': ['Бухгалтер ', 'Директор'], 'right_answer': ['Преподаватель'], 'id': 1}}]}, '\\Settings\\SettingsPage\\settings_page.json': {'Body': [{'name': 'version', 'value': 2.1}, {'name': 'url for update', 'value': 'https://github.com/RustFarmer/Test/blob/main/update_url_file.json'}]}, '\\Settings\\UpdateProgram\\UpdateData\\update_url_file.json': {'Body': {'rarFile': 'https://github.com/RustFarmer/Rust-helper/raw/refs/heads/main/v5.1.rar'}}, '\\static\\GetClientData\\UploadInServerClientCookie\\ClientCookieData\\settings.json': {'client_flag': True, 'Body': []}, '\\PassCutOff\\settings.json': {'Body': []}, '\\ImageResultScreen\\imageSettings.json': {'Body': []}, '\\ListBlancQuestion\\listBlancQuestion.json': {'Body': []}}
2026-09-03 at 17:48:17 | INFO | <class 'pathlib.WindowsPath'>
2026-09-03 at 17:48:17 | INFO | T:\Н папка\програмирование\python\project\pythonProject1\programForTecher\admin
2026-09-03 at 17:48:17 | INFO | {'\\Cookie\\local_cookie.json': {'Body': {'time_check_updates': '17:22 22.08.26', 'value_Check': False}}, '\\question.json': {'Body': [{'Qst': {'question_name': 'Кто такой Патрин?', 'answer': ['Бугалтер', 'Директор'], 'right_answer': ['Преподаватель'], 'id': 1}}]}, '\\static\\GetClientData\\UploadInServerClientCookie\\ClientCookieData\\question.json': {'client_flag': True, 'Body': [{'Qst': {'question_name': 'Кто такой Патрин?', 'answer': ['Бухгалтер ', 'Директор'], 'right_answer': ['Преподаватель'], 'id': 1}}]}, '\\Settings\\SettingsPage\\settings_page.json': {'Body': [{'name': 'version', 'value': 2.1}, {'name': 'url for update', 'value': 'https://github.com/RustFarmer/Test/blob/main/update_url_file.json'}]}, '\\Settings\\UpdateProgram\\UpdateData\\update_url_file.json': {'Body': {'rarFile': 'https://github.com/RustFarmer/Rust-helper/raw/refs/heads/main/v5.1.rar'}}, '\\static\\GetClientData\\UploadInServerClientCookie\\ClientCookieData\\settings.json': {'client_flag': True, 'Body': []}, '\\PassCutOff\\settings.json': {'Body': []}, '\\ImageResultScreen\\imageSettings.json': {'Body': []}, '\\ListBlancQuestion\\listBlancQuestion.json': {'Body': []}}
2026-09-03 at 17:48:17 | INFO | {'\\Cookie\\local_cookie.json': {'Body': {'time_check_updates': '17:22 22.08.26', 'value_Check': False}}, '\\question.json': {'Body': [{'Qst': {'question_name': 'Кто такой Патрин?', 'answer': ['Бугалтер', 'Директор'], 'right_answer': ['Преподаватель'], 'id': 1}}]}, '\\static\\GetClientData\\UploadInServerClientCookie\\ClientCookieData\\question.json': {'client_flag': True, 'Body': [{'Qst': {'question_name': 'Кто такой Патрин?', 'answer': ['Бухгалтер ', 'Директор'], 'right_answer': ['Преподаватель'], 'id': 1}}]}, '\\Settings\\SettingsPage\\settings_page.json': {'Body': [{'name': 'version', 'value': 2.1}, {'name': 'url for update', 'value': 'https://github.com/RustFarmer/Test/blob/main/update_url_file.json'}]}, '\\Settings\\UpdateProgram\\UpdateData\\update_url_file.json': {'Body': {'rarFile': 'https://github.com/RustFarmer/Rust-helper/raw/refs/heads/main/v5.1.rar'}}, '\\static\\GetClientData\\UploadInServerClientCookie\\ClientCookieData\\settings.json': {'client_flag': True, 'Body': []}, '\\PassCutOff\\settings.json': {'Body': []}, '\\ImageResultScreen\\imageSettings.json': {'Body': []}, '\\ListBlancQuestion\\listBlancQuestion.json': {'Body': []}}
2026-09-03 at 17:48:17 | INFO | T:\Н папка\програмирование\python\project\pythonProject1\programForTecher\admin\Cookie\local_cookie.json
2026-09-03 at 17:48:17 | INFO | \Cookie\local_cookie.json
2026-09-03 at 17:48:17 | INFO | {'Body': {'time_check_updates': '17:22 22.08.26', 'value_Check': False}}
2026-09-03 at 17:48:17 | INFO | T:\Н папка\програмирование\python\project\pythonProject1\programForTecher\admin\question.json
2026-09-03 at 17:48:17 | INFO | \question.json
2026-09-03 at 17:48:17 | INFO | {'Body': [{'Qst': {'question_name': 'Кто такой Патрин?', 'answer': ['Бугалтер', 'Директор'], 'right_answer': ['Преподаватель'], 'id': 1}}]}
2026-09-03 at 17:48:17 | INFO | T:\Н папка\програмирование\python\project\pythonProject1\programForTecher\admin\static\GetClientData\UploadInServerClientCookie\ClientCookieData\question.json
2026-09-03 at 17:48:17 | INFO | T:\Н папка\програмирование\python\project\pythonProject1\programForTecher\client\static\GetClientData\UploadInServerClientCookie\ClientCookieData\question.json
2026-09-03 at 17:48:17 | INFO | \static\GetClientData\UploadInServerClientCookie\ClientCookieData\question.json
2026-09-03 at 17:48:17 | INFO | {'client_flag': True, 'Body': [{'Qst': {'question_name': 'Кто такой Патрин?', 'answer': ['Бухгалтер ', 'Директор'], 'right_answer': ['Преподаватель'], 'id': 1}}]}
2026-09-03 at 17:48:17 | INFO | T:\Н папка\програмирование\python\project\pythonProject1\programForTecher\admin\Settings\SettingsPage\settings_page.json
2026-09-03 at 17:48:17 | INFO | \Settings\SettingsPage\settings_page.json
2026-09-03 at 17:48:17 | INFO | {'Body': [{'name': 'version', 'value': 2.1}, {'name': 'url for update', 'value': 'https://github.com/RustFarmer/Test/blob/main/update_url_file.json'}]}
2026-09-03 at 17:48:17 | INFO | T:\Н папка\програмирование\python\project\pythonProject1\programForTecher\admin\Settings\UpdateProgram\UpdateData\update_url_file.json
2026-09-03 at 17:48:17 | INFO | \Settings\UpdateProgram\UpdateData\update_url_file.json
2026-09-03 at 17:48:17 | INFO | {'Body': {'rarFile': 'https://github.com/RustFarmer/Rust-helper/raw/refs/heads/main/v5.1.rar'}}
2026-09-03 at 17:48:17 | INFO | T:\Н папка\програмирование\python\project\pythonProject1\programForTecher\admin\static\GetClientData\UploadInServerClientCookie\ClientCookieData\settings.json
2026-09-03 at 17:48:17 | INFO | T:\Н папка\програмирование\python\project\pythonProject1\programForTecher\client\static\GetClientData\UploadInServerClientCookie\ClientCookieData\settings.json
2026-09-03 at 17:48:17 | INFO | \static\GetClientData\UploadInServerClientCookie\ClientCookieData\settings.json
2026-09-03 at 17:48:17 | INFO | {'client_flag': True, 'Body': []}
2026-09-03 at 17:48:17 | INFO | T:\Н папка\програмирование\python\project\pythonProject1\programForTecher\admin\PassCutOff\settings.json
2026-09-03 at 17:48:17 | INFO | \PassCutOff\settings.json
2026-09-03 at 17:48:17 | INFO | {'Body': []}
2026-09-03 at 17:48:17 | INFO | T:\Н папка\програмирование\python\project\pythonProject1\programForTecher\admin\ImageResultScreen\imageSettings.json
2026-09-03 at 17:48:17 | INFO | \ImageResultScreen\imageSettings.json
2026-09-03 at 17:48:17 | INFO | {'Body': []}
2026-09-03 at 17:48:17 | INFO | T:\Н папка\програмирование\python\project\pythonProject1\programForTecher\admin\ListBlancQuestion\listBlancQuestion.json
2026-09-03 at 17:48:17 | INFO | \ListBlancQuestion\listBlancQuestion.json
2026-09-03 at 17:48:17 | INFO | {'Body': []}
2026-09-03 at 17:48:17 | INFO | False
2026-09-03 at 17:48:17 | INFO | None
2026-09-03 at 17:48:17 | INFO | [{'Qst': {'question_name': 'Кто такой Патрин?', 'answer': ['Бугалтер', 'Директор'], 'right_answer': ['Преподаватель'], 'id': 1}}]
2026-09-03 at 17:54:15 | INFO | False
2026-09-03 at 17:54:15 | INFO | None
2026-09-03 at 17:54:15 | INFO | [{'Qst': {'question_name': 'Кто такой Патрин?', 'answer': ['Бугалтер', 'Директор'], 'right_answer': ['Преподаватель'], 'id': 1}}]
2026-09-03 at 17:54:17 | INFO | T:\Н папка\програмирование\python\project\pythonProject1\programForTecher\admin\Log\appFileLog.log
2026-09-03 at 17:54:17 | INFO | T:\Н папка\програмирование\python\project\pythonProject1\programForTecher\admin
2026-09-03 at 17:54:17 | INFO | T:\Н папка\програмирование\python\project\pythonProject1\programForTecher\client
2026-09-03 at 17:54:17 | INFO | {'\\Cookie\\local_cookie.json': {'Body': {'time_check_updates': '17:22 22.08.26', 'value_Check': False}}, '\\question.json': {'Body': [{'Qst': {'question_name': 'Кто такой Патрин?', 'answer': ['Бугалтер', 'Директор'], 'right_answer': ['Преподаватель'], 'id': 1}}]}, '\\static\\GetClientData\\UploadInServerClientCookie\\ClientCookieData\\question.json': {'client_flag': True, 'Body': [{'Qst': {'question_name': 'Кто такой Патрин?', 'answer': ['Бухгалтер ', 'Директор'], 'right_answer': ['Преподаватель'], 'id': 1}}]}, '\\Settings\\SettingsPage\\settings_page.json': {'Body': [{'name': 'version', 'value': 2.1}, {'name': 'url for update', 'value': 'https://github.com/RustFarmer/Test/blob/main/update_url_file.json'}]}, '\\Settings\\UpdateProgram\\UpdateData\\update_url_file.json': {'Body': {'rarFile': 'https://github.com/RustFarmer/Rust-helper/raw/refs/heads/main/v5.1.rar'}}, '\\static\\GetClientData\\UploadInServerClientCookie\\ClientCookieData\\settings.json': {'client_flag': True, 'Body': []}, '\\PassCutOff\\settings.json': {'Body': []}, '\\ImageResultScreen\\imageSettings.json': {'Body': []}, '\\ListBlancQuestion\\listBlancQuestion.json': {'Body': []}}
2026-09-03 at 17:54:17 | INFO | <class 'pathlib.WindowsPath'>
2026-09-03 at 17:54:17 | INFO | T:\Н папка\програмирование\python\project\pythonProject1\programForTecher\admin
2026-09-03 at 17:54:17 | INFO | {'\\Cookie\\local_cookie.json': {'Body': {'time_check_updates': '17:22 22.08.26', 'value_Check': False}}, '\\question.json': {'Body': [{'Qst': {'question_name': 'Кто такой Патрин?', 'answer': ['Бугалтер', 'Директор'], 'right_answer': ['Преподаватель'], 'id': 1}}]}, '\\static\\GetClientData\\UploadInServerClientCookie\\ClientCookieData\\question.json': {'client_flag': True, 'Body': [{'Qst': {'question_name': 'Кто такой Патрин?', 'answer': ['Бухгалтер ', 'Директор'], 'right_answer': ['Преподаватель'], 'id': 1}}]}, '\\Settings\\SettingsPage\\settings_page.json': {'Body': [{'name': 'version', 'value': 2.1}, {'name': 'url for update', 'value': 'https://github.com/RustFarmer/Test/blob/main/update_url_file.json'}]}, '\\Settings\\UpdateProgram\\UpdateData\\update_url_file.json': {'Body': {'rarFile': 'https://github.com/RustFarmer/Rust-helper/raw/refs/heads/main/v5.1.rar'}}, '\\static\\GetClientData\\UploadInServerClientCookie\\ClientCookieData\\settings.json': {'client_flag': True, 'Body': []}, '\\PassCutOff\\settings.json': {'Body': []}, '\\ImageResultScreen\\imageSettings.json': {'Body': []}, '\\ListBlancQuestion\\listBlancQuestion.json': {'Body': []}}
2026-09-03 at 17:54:17 | INFO | {'\\Cookie\\local_cookie.json': {'Body': {'time_check_updates': '17:22 22.08.26', 'value_Check': False}}, '\\question.json': {'Body': [{'Qst': {'question_name': 'Кто такой Патрин?', 'answer': ['Бугалтер', 'Директор'], 'right_answer': ['Преподаватель'], 'id': 1}}]}, '\\static\\GetClientData\\UploadInServerClientCookie\\ClientCookieData\\question.json': {'client_flag': True, 'Body': [{'Qst': {'question_name': 'Кто такой Патрин?', 'answer': ['Бухгалтер ', 'Директор'], 'right_answer': ['Преподаватель'], 'id': 1}}]}, '\\Settings\\SettingsPage\\settings_page.json': {'Body': [{'name': 'version', 'value': 2.1}, {'name': 'url for update', 'value': 'https://github.com/RustFarmer/Test/blob/main/update_url_file.json'}]}, '\\Settings\\UpdateProgram\\UpdateData\\update_url_file.json': {'Body': {'rarFile': 'https://github.com/RustFarmer/Rust-helper/raw/refs/heads/main/v5.1.rar'}}, '\\static\\GetClientData\\UploadInServerClientCookie\\ClientCookieData\\settings.json': {'client_flag': True, 'Body': []}, '\\PassCutOff\\settings.json': {'Body': []}, '\\ImageResultScreen\\imageSettings.json': {'Body': []}, '\\ListBlancQuestion\\listBlancQuestion.json': {'Body': []}}
2026-09-03 at 17:54:17 | INFO | T:\Н папка\програмирование\python\project\pythonProject1\programForTecher\admin\Cookie\local_cookie.json
2026-09-03 at 17:54:17 | INFO | \Cookie\local_cookie.json
2026-09-03 at 17:54:17 | INFO | {'Body': {'time_check_updates': '17:22 22.08.26', 'value_Check': False}}
2026-09-03 at 17:54:17 | INFO | T:\Н папка\програмирование\python\project\pythonProject1\programForTecher\admin\question.json
2026-09-03 at 17:54:17 | INFO | \question.json
2026-09-03 at 17:54:17 | INFO | {'Body': [{'Qst': {'question_name': 'Кто такой Патрин?', 'answer': ['Бугалтер', 'Директор'], 'right_answer': ['Преподаватель'], 'id': 1}}]}
2026-09-03 at 17:54:17 | INFO | T:\Н папка\програмирование\python\project\pythonProject1\programForTecher\admin\static\GetClientData\UploadInServerClientCookie\ClientCookieData\question.json
2026-09-03 at 17:54:17 | INFO | T:\Н папка\програмирование\python\project\pythonProject1\programForTecher\client\static\GetClientData\UploadInServerClientCookie\ClientCookieData\question.json
2026-09-03 at 17:54:17 | INFO | \static\GetClientData\UploadInServerClientCookie\ClientCookieData\question.json
2026-09-03 at 17:54:17 | INFO | {'client_flag': True, 'Body': [{'Qst': {'question_name': 'Кто такой Патрин?', 'answer': ['Бухгалтер ', 'Директор'], 'right_answer': ['Преподаватель'], 'id': 1}}]}
2026-09-03 at 17:54:17 | INFO | T:\Н папка\програмирование\python\project\pythonProject1\programForTecher\admin\Settings\SettingsPage\settings_page.json
2026-09-03 at 17:54:17 | INFO | \Settings\SettingsPage\settings_page.json
2026-09-03 at 17:54:17 | INFO | {'Body': [{'name': 'version', 'value': 2.1}, {'name': 'url for update', 'value': 'https://github.com/RustFarmer/Test/blob/main/update_url_file.json'}]}
2026-09-03 at 17:54:17 | INFO | T:\Н папка\програмирование\python\project\pythonProject1\programForTecher\admin\Settings\UpdateProgram\UpdateData\update_url_file.json
2026-09-03 at 17:54:17 | INFO | \Settings\UpdateProgram\UpdateData\update_url_file.json
2026-09-03 at 17:54:17 | INFO | {'Body': {'rarFile': 'https://github.com/RustFarmer/Rust-helper/raw/refs/heads/main/v5.1.rar'}}
2026-09-03 at 17:54:17 | INFO | T:\Н папка\програмирование\python\project\pythonProject1\programForTecher\admin\static\GetClientData\UploadInServerClientCookie\ClientCookieData\settings.json
2026-09-03 at 17:54:17 | INFO | T:\Н папка\програмирование\python\project\pythonProject1\programForTecher\client\static\GetClientData\UploadInServerClientCookie\ClientCookieData\settings.json
2026-09-03 at 17:54:17 | INFO | \static\GetClientData\UploadInServerClientCookie\ClientCookieData\settings.json
2026-09-03 at 17:54:17 | INFO | {'client_flag': True, 'Body': []}
2026-09-03 at 17:54:17 | INFO | T:\Н папка\програмирование\python\project\pythonProject1\programForTecher\admin\PassCutOff\settings.json
2026-09-03 at 17:54:17 | INFO | \PassCutOff\settings.json
2026-09-03 at 17:54:17 | INFO | {'Body': []}
2026-09-03 at 17:54:17 | INFO | T:\Н папка\програмирование\python\project\pythonProject1\programForTecher\admin\ImageResultScreen\imageSettings.json
2026-09-03 at 17:54:17 | INFO | \ImageResultScreen\imageSettings.json
2026-09-03 at 17:54:17 | INFO | {'Body': []}
2026-09-03 at 17:54:17 | INFO | T:\Н папка\програмирование\python\project\pythonProject1\programForTecher\admin\ListBlancQuestion\listBlancQuestion.json
2026-09-03 at 17:54:17 | INFO | \ListBlancQuestion\listBlancQuestion.json
2026-09-03 at 17:54:17 | INFO | {'Body': []}
2026-09-03 at 17:54:30 | INFO | False
2026-09-03 at 17:54:30 | INFO | None
2026-09-03 at 17:54:30 | INFO | [{'Qst': {'question_name': 'Кто такой Патрин?', 'answer': ['Бугалтер', 'Директор'], 'right_answer': ['Преподаватель'], 'id': 1}}]
2026-09-03 at 17:54:55 | INFO | False
2026-09-03 at 17:54:55 | INFO | None
2026-09-03 at 17:54:55 | INFO | [{'Qst': {'question_name': 'Кто такой Патрин?', 'answer': ['Бугалтер', 'Директор'], 'right_answer': ['Преподаватель'], 'id': 1}}]
2026-09-03 at 17:58:51 | INFO | False
2026-09-03 at 17:58:51 | INFO | None
2026-09-03 at 17:58:51 | INFO | [{'Qst': {'question_name': 'Кто такой Патрин?', 'answer': ['Бугалтер', 'Директор'], 'right_answer': ['Преподаватель'], 'id': 1}}]
2026-09-03 at 18:01:29 | INFO | False
2026-09-03 at 18:01:29 | INFO | None
2026-09-03 at 18:01:29 | INFO | [{'Qst': {'question_name': 'Кто такой Патрин?', 'answer': ['Бугалтер', 'Директор'], 'right_answer': ['Преподаватель'], 'id': 1}}]
2026-09-03 at 18:02:55 | INFO | False
2026-09-03 at 18:02:55 | INFO | None
2026-09-03 at 18:02:55 | INFO | [{'Qst': {'question_name': 'Кто такой Патрин?', 'answer': ['Бугалтер', 'Директор'], 'right_answer': ['Преподаватель'], 'id': 1}}]
2026-09-03 at 18:03:20 | INFO | False
2026-09-03 at 18:03:20 | INFO | None
2026-09-03 at 18:03:20 | INFO | [{'Qst': {'question_name': 'Кто такой Патрин?', 'answer': ['Бугалтер', 'Директор'], 'right_answer': ['Преподаватель'], 'id': 1}}]
2026-09-03 at 18:12:21 | INFO | Time to re-check for updates.
2026-09-03 at 18:12:22 | INFO | <Response [200]>
2026-09-03 at 18:12:23 | INFO | https://raw.githubusercontent.com/RustFarmer/Test/main/settingsProgram.json
2026-09-03 at 18:12:23 | INFO | T:\Н папка\програмирование\python\project\pythonProject1\programForTecher\admin\Settings\UpdateProgram\UpdateData\settingsProgram.json
2026-09-03 at 18:12:23 | INFO | 2.2
2026-09-03 at 18:12:23 | INFO | <Response [200]>
2026-09-03 at 18:12:23 | INFO | 2.1
2026-09-03 at 18:12:23 | INFO | 2.2
2026-09-03 at 18:12:23 | INFO | True
2026-09-03 at 18:12:23 | INFO | Session saved: {'time_check_updates': '18:12 03.09.26', 'value_Check': True}
2026-09-03 at 18:12:23 | INFO | https://raw.githubusercontent.com/RustFarmer/Test/main/update_url_file.json
2026-09-03 at 18:12:23 | INFO | {'rarFile': 'https://disk.yandex.ru/d/lQZ7yrzul_fpjg'}
2026-09-03 at 18:12:23 | INFO | {'rarFile': 'https://disk.yandex.ru/d/lQZ7yrzul_fpjg'}
2026-09-03 at 18:12:23 | INFO | True
2026-09-03 at 18:12:23 | INFO | https://disk.yandex.ru/d/lQZ7yrzul_fpjg
2026-09-03 at 18:12:23 | INFO | [{'Qst': {'question_name': 'Кто такой Патрин?', 'answer': ['Бугалтер', 'Директор'], 'right_answer': ['Преподаватель'], 'id': 1}}]
2026-09-03 at 18:12:24 | INFO | https://raw.githubusercontent.com/RustFarmer/Test/main/update_url_file.json
2026-09-03 at 18:12:24 | INFO | {'rarFile': 'https://disk.yandex.ru/d/lQZ7yrzul_fpjg'}
2026-09-03 at 18:12:24 | INFO | {'rarFile': 'https://disk.yandex.ru/d/lQZ7yrzul_fpjg'}
2026-09-03 at 18:12:24 | INFO | True
2026-09-03 at 18:12:24 | INFO | https://disk.yandex.ru/d/lQZ7yrzul_fpjg
2026-09-03 at 18:12:24 | INFO | [{'Qst': {'question_name': 'Кто такой Патрин?', 'answer': ['Бугалтер', 'Директор'], 'right_answer': ['Преподаватель'], 'id': 1}}]
2026-09-03 at 18:21:36 | INFO | https://raw.githubusercontent.com/RustFarmer/Test/main/update_url_file.json
2026-09-03 at 18:21:36 | INFO | {'rarFile': 'https://disk.yandex.ru/d/lQZ7yrzul_fpjg'}
2026-09-03 at 18:21:36 | INFO | {'rarFile': 'https://disk.yandex.ru/d/lQZ7yrzul_fpjg'}
2026-09-03 at 18:21:36 | INFO | True
2026-09-03 at 18:21:36 | INFO | https://disk.yandex.ru/d/lQZ7yrzul_fpjg
2026-09-03 at 18:21:36 | INFO | [{'Qst': {'question_name': 'Кто такой Патрин?', 'answer': ['Бугалтер', 'Директор'], 'right_answer': ['Преподаватель'], 'id': 1}}]
2026-09-03 at 18:28:01 | INFO | https://raw.githubusercontent.com/RustFarmer/Test/main/update_url_file.json
2026-09-03 at 18:28:01 | INFO | {'rarFile': 'https://disk.yandex.ru/d/lQZ7yrzul_fpjg'}
2026-09-03 at 18:28:01 | INFO | {'rarFile': 'https://disk.yandex.ru/d/lQZ7yrzul_fpjg'}
2026-09-03 at 18:28:01 | INFO | True
2026-09-03 at 18:28:01 | INFO | https://disk.yandex.ru/d/lQZ7yrzul_fpjg
2026-09-03 at 18:28:01 | INFO | [{'Qst': {'question_name': 'Кто такой Патрин?', 'answer': ['Бугалтер', 'Директор'], 'right_answer': ['Преподаватель'], 'id': 1}}]
2026-09-03 at 18:28:26 | INFO | https://raw.githubusercontent.com/RustFarmer/Test/main/update_url_file.json
2026-09-03 at 18:28:26 | INFO | {'rarFile': 'https://disk.yandex.ru/d/lQZ7yrzul_fpjg'}
2026-09-03 at 18:28:26 | INFO | {'rarFile': 'https://disk.yandex.ru/d/lQZ7yrzul_fpjg'}
2026-09-03 at 18:28:26 | INFO | True
2026-09-03 at 18:28:26 | INFO | https://disk.yandex.ru/d/lQZ7yrzul_fpjg
2026-09-03 at 18:28:26 | INFO | [{'Qst': {'question_name': 'Кто такой Патрин?', 'answer': ['Бугалтер', 'Директор'], 'right_answer': ['Преподаватель'], 'id': 1}}]
2026-09-03 at 18:29:00 | INFO | https://raw.githubusercontent.com/RustFarmer/Test/main/update_url_file.json
2026-09-03 at 18:29:00 | INFO | {'rarFile': 'https://disk.yandex.ru/d/lQZ7yrzul_fpjg'}
2026-09-03 at 18:29:01 | INFO | {'rarFile': 'https://disk.yandex.ru/d/lQZ7yrzul_fpjg'}
2026-09-03 at 18:29:01 | INFO | True
2026-09-03 at 18:29:01 | INFO | https://disk.yandex.ru/d/lQZ7yrzul_fpjg
2026-09-03 at 18:29:01 | INFO | [{'Qst': {'question_name': 'Кто такой Патрин?', 'answer': ['Бугалтер', 'Директор'], 'right_answer': ['Преподаватель'], 'id': 1}}]
2026-09-03 at 18:53:03 | INFO | Time to re-check for updates.
2026-09-03 at 18:53:04 | INFO | <Response [200]>
2026-09-03 at 18:53:04 | INFO | https://raw.githubusercontent.com/RustFarmer/Test/main/settingsProgram.json
2026-09-03 at 18:53:04 | INFO | T:\Н папка\програмирование\python\project\pythonProject1\programForTecher\admin\Settings\UpdateProgram\UpdateData\settingsProgram.json
2026-09-03 at 18:53:04 | INFO | 2.2
2026-09-03 at 18:53:04 | INFO | <Response [200]>
2026-09-03 at 18:53:04 | INFO | 2.1
2026-09-03 at 18:53:04 | INFO | 2.2
2026-09-03 at 18:53:04 | INFO | True
2026-09-03 at 18:53:04 | INFO | Session saved: {'time_check_updates': '18:53 03.09.26', 'value_Check': True}
2026-09-03 at 18:53:05 | INFO | https://raw.githubusercontent.com/RustFarmer/Test/main/update_url_file.json
2026-09-03 at 18:53:05 | INFO | {'rarFile': 'https://disk.yandex.ru/d/lQZ7yrzul_fpjg'}
2026-09-03 at 18:53:05 | INFO | {'rarFile': 'https://disk.yandex.ru/d/lQZ7yrzul_fpjg'}
2026-09-03 at 18:53:05 | INFO | True
2026-09-03 at 18:53:05 | INFO | https://disk.yandex.ru/d/lQZ7yrzul_fpjg
2026-09-03 at 18:53:05 | INFO | [{'Qst': {'question_name': 'Кто такой Патрин?', 'answer': ['Бугалтер', 'Директор'], 'right_answer': ['Преподаватель'], 'id': 1}}]
2026-09-03 at 18:53:11 | INFO | https://raw.githubusercontent.com/RustFarmer/Test/main/update_url_file.json
2026-09-03 at 18:53:11 | INFO | {'rarFile': 'https://disk.yandex.ru/d/lQZ7yrzul_fpjg'}
2026-09-03 at 18:53:11 | INFO | {'rarFile': 'https://disk.yandex.ru/d/lQZ7yrzul_fpjg'}
2026-09-03 at 18:53:11 | INFO | True
2026-09-03 at 18:53:11 | INFO | https://disk.yandex.ru/d/lQZ7yrzul_fpjg
2026-09-03 at 18:53:11 | INFO | [{'Qst': {'question_name': 'Кто такой Патрин?', 'answer': ['Бугалтер', 'Директор'], 'right_answer': ['Преподаватель'], 'id': 1}}]
2026-09-03 at 18:53:25 | INFO | https://raw.githubusercontent.com/RustFarmer/Test/main/update_url_file.json
2026-09-03 at 18:53:25 | INFO | {'rarFile': 'https://disk.yandex.ru/d/lQZ7yrzul_fpjg'}
2026-09-03 at 18:53:26 | INFO | {'rarFile': 'https://disk.yandex.ru/d/lQZ7yrzul_fpjg'}
2026-09-03 at 18:53:26 | INFO | True
2026-09-03 at 18:53:26 | INFO | https://disk.yandex.ru/d/lQZ7yrzul_fpjg
2026-09-03 at 18:53:26 | INFO | [{'Qst': {'question_name': 'Кто такой Патрин?', 'answer': ['Бугалтер', 'Директор'], 'right_answer': ['Преподаватель'], 'id': 1}}]
2026-09-03 at 18:54:06 | INFO | T:\Н папка\програмирование\python\project\pythonProject1\programForTecher\admin\Log\appFileLog.log
2026-09-03 at 18:54:06 | INFO | T:\Н папка\програмирование\python\project\pythonProject1\programForTecher\admin
2026-09-03 at 18:54:06 | INFO | T:\Н папка\програмирование\python\project\pythonProject1\programForTecher\client
2026-09-03 at 18:54:06 | INFO | {'\\Cookie\\local_cookie.json': {'Body': {'time_check_updates': '17:22 22.08.26', 'value_Check': False}}, '\\question.json': {'Body': [{'Qst': {'question_name': 'Кто такой Патрин?', 'answer': ['Бугалтер', 'Директор'], 'right_answer': ['Преподаватель'], 'id': 1}}]}, '\\static\\GetClientData\\UploadInServerClientCookie\\ClientCookieData\\question.json': {'client_flag': True, 'Body': [{'Qst': {'question_name': 'Кто такой Патрин?', 'answer': ['Бухгалтер ', 'Директор'], 'right_answer': ['Преподаватель'], 'id': 1}}]}, '\\Settings\\SettingsPage\\settings_page.json': {'Body': [{'name': 'version', 'value': 2.1}, {'name': 'url for update', 'value': 'https://github.com/RustFarmer/Test/blob/main/update_url_file.json'}]}, '\\Settings\\UpdateProgram\\UpdateData\\update_url_file.json': {'Body': {'rarFile': 'https://github.com/RustFarmer/Rust-helper/raw/refs/heads/main/v5.1.rar'}}, '\\static\\GetClientData\\UploadInServerClientCookie\\ClientCookieData\\settings.json': {'client_flag': True, 'Body': []}, '\\PassCutOff\\settings.json': {'Body': []}, '\\ImageResultScreen\\imageSettings.json': {'Body': []}, '\\ListBlancQuestion\\listBlancQuestion.json': {'Body': []}}
2026-09-03 at 18:54:06 | INFO | <class 'pathlib.WindowsPath'>
2026-09-03 at 18:54:06 | INFO | T:\Н папка\програмирование\python\project\pythonProject1\programForTecher\admin
2026-09-03 at 18:54:06 | INFO | {'\\Cookie\\local_cookie.json': {'Body': {'time_check_updates': '17:22 22.08.26', 'value_Check': False}}, '\\question.json': {'Body': [{'Qst': {'question_name': 'Кто такой Патрин?', 'answer': ['Бугалтер', 'Директор'], 'right_answer': ['Преподаватель'], 'id': 1}}]}, '\\static\\GetClientData\\UploadInServerClientCookie\\ClientCookieData\\question.json': {'client_flag': True, 'Body': [{'Qst': {'question_name': 'Кто такой Патрин?', 'answer': ['Бухгалтер ', 'Директор'], 'right_answer': ['Преподаватель'], 'id': 1}}]}, '\\Settings\\SettingsPage\\settings_page.json': {'Body': [{'name': 'version', 'value': 2.1}, {'name': 'url for update', 'value': 'https://github.com/RustFarmer/Test/blob/main/update_url_file.json'}]}, '\\Settings\\UpdateProgram\\UpdateData\\update_url_file.json': {'Body': {'rarFile': 'https://github.com/RustFarmer/Rust-helper/raw/refs/heads/main/v5.1.rar'}}, '\\static\\GetClientData\\UploadInServerClientCookie\\ClientCookieData\\settings.json': {'client_flag': True, 'Body': []}, '\\PassCutOff\\settings.json': {'Body': []}, '\\ImageResultScreen\\imageSettings.json': {'Body': []}, '\\ListBlancQuestion\\listBlancQuestion.json': {'Body': []}}
2026-09-03 at 18:54:06 | INFO | {'\\Cookie\\local_cookie.json': {'Body': {'time_check_updates': '17:22 22.08.26', 'value_Check': False}}, '\\question.json': {'Body': [{'Qst': {'question_name': 'Кто такой Патрин?', 'answer': ['Бугалтер', 'Директор'], 'right_answer': ['Преподаватель'], 'id': 1}}]}, '\\static\\GetClientData\\UploadInServerClientCookie\\ClientCookieData\\question.json': {'client_flag': True, 'Body': [{'Qst': {'question_name': 'Кто такой Патрин?', 'answer': ['Бухгалтер ', 'Директор'], 'right_answer': ['Преподаватель'], 'id': 1}}]}, '\\Settings\\SettingsPage\\settings_page.json': {'Body': [{'name': 'version', 'value': 2.1}, {'name': 'url for update', 'value': 'https://github.com/RustFarmer/Test/blob/main/update_url_file.json'}]}, '\\Settings\\UpdateProgram\\UpdateData\\update_url_file.json': {'Body': {'rarFile': 'https://github.com/RustFarmer/Rust-helper/raw/refs/heads/main/v5.1.rar'}}, '\\static\\GetClientData\\UploadInServerClientCookie\\ClientCookieData\\settings.json': {'client_flag': True, 'Body': []}, '\\PassCutOff\\settings.json': {'Body': []}, '\\ImageResultScreen\\imageSettings.json': {'Body': []}, '\\ListBlancQuestion\\listBlancQuestion.json': {'Body': []}}
2026-09-03 at 18:54:06 | INFO | T:\Н папка\програмирование\python\project\pythonProject1\programForTecher\admin\Cookie\local_cookie.json
2026-09-03 at 18:54:06 | INFO | \Cookie\local_cookie.json
2026-09-03 at 18:54:06 | INFO | {'Body': {'time_check_updates': '17:22 22.08.26', 'value_Check': False}}
2026-09-03 at 18:54:06 | INFO | T:\Н папка\програмирование\python\project\pythonProject1\programForTecher\admin\question.json
2026-09-03 at 18:54:06 | INFO | \question.json
2026-09-03 at 18:54:06 | INFO | {'Body': [{'Qst': {'question_name': 'Кто такой Патрин?', 'answer': ['Бугалтер', 'Директор'], 'right_answer': ['Преподаватель'], 'id': 1}}]}
2026-09-03 at 18:54:06 | INFO | T:\Н папка\програмирование\python\project\pythonProject1\programForTecher\admin\static\GetClientData\UploadInServerClientCookie\ClientCookieData\question.json
2026-09-03 at 18:54:06 | INFO | T:\Н папка\програмирование\python\project\pythonProject1\programForTecher\client\static\GetClientData\UploadInServerClientCookie\ClientCookieData\question.json
2026-09-03 at 18:54:06 | INFO | \static\GetClientData\UploadInServerClientCookie\ClientCookieData\question.json
2026-09-03 at 18:54:06 | INFO | {'client_flag': True, 'Body': [{'Qst': {'question_name': 'Кто такой Патрин?', 'answer': ['Бухгалтер ', 'Директор'], 'right_answer': ['Преподаватель'], 'id': 1}}]}
2026-09-03 at 18:54:06 | INFO | T:\Н папка\програмирование\python\project\pythonProject1\programForTecher\admin\Settings\SettingsPage\settings_page.json
2026-09-03 at 18:54:06 | INFO | \Settings\SettingsPage\settings_page.json
2026-09-03 at 18:54:06 | INFO | {'Body': [{'name': 'version', 'value': 2.1}, {'name': 'url for update', 'value': 'https://github.com/RustFarmer/Test/blob/main/update_url_file.json'}]}
2026-09-03 at 18:54:06 | INFO | T:\Н папка\програмирование\python\project\pythonProject1\programForTecher\admin\Settings\UpdateProgram\UpdateData\update_url_file.json
2026-09-03 at 18:54:06 | INFO | \Settings\UpdateProgram\UpdateData\update_url_file.json
2026-09-03 at 18:54:06 | INFO | {'Body': {'rarFile': 'https://github.com/RustFarmer/Rust-helper/raw/refs/heads/main/v5.1.rar'}}
2026-09-03 at 18:54:06 | INFO | T:\Н папка\програмирование\python\project\pythonProject1\programForTecher\admin\static\GetClientData\UploadInServerClientCookie\ClientCookieData\settings.json
2026-09-03 at 18:54:06 | INFO | T:\Н папка\програмирование\python\project\pythonProject1\programForTecher\client\static\GetClientData\UploadInServerClientCookie\ClientCookieData\settings.json
2026-09-03 at 18:54:06 | INFO | \static\GetClientData\UploadInServerClientCookie\ClientCookieData\settings.json
2026-09-03 at 18:54:06 | INFO | {'client_flag': True, 'Body': []}
2026-09-03 at 18:54:06 | INFO | T:\Н папка\програмирование\python\project\pythonProject1\programForTecher\admin\PassCutOff\settings.json
2026-09-03 at 18:54:06 | INFO | \PassCutOff\settings.json
2026-09-03 at 18:54:06 | INFO | {'Body': []}
2026-09-03 at 18:54:06 | INFO | T:\Н папка\програмирование\python\project\pythonProject1\programForTecher\admin\ImageResultScreen\imageSettings.json
2026-09-03 at 18:54:06 | INFO | \ImageResultScreen\imageSettings.json
2026-09-03 at 18:54:06 | INFO | {'Body': []}
2026-09-03 at 18:54:06 | INFO | T:\Н папка\програмирование\python\project\pythonProject1\programForTecher\admin\ListBlancQuestion\listBlancQuestion.json
2026-09-03 at 18:54:06 | INFO | \ListBlancQuestion\listBlancQuestion.json
2026-09-03 at 18:54:06 | INFO | {'Body': []}
2026-09-19 at 17:27:13 | INFO | W:\program\hrmlWeivProgramForTeacher\admin\Log\appFileLog.log
2026-09-19 at 17:27:13 | INFO | W:\program\hrmlWeivProgramForTeacher\admin
2026-09-19 at 17:27:13 | INFO | W:\program\hrmlWeivProgramForTeacher\client
2026-09-19 at 17:27:13 | INFO | {'\\Cookie\\local_cookie.json': {'Body': {'time_check_updates': '17:22 22.08.26', 'value_Check': False}}, '\\question.json': {'Body': [{'Qst': {'question_name': 'РљС‚Рѕ С‚Р°РєРѕР№ РџР°С‚СЂРёРЅ?', 'answer': ['Р‘СѓРіР°Р»С‚РµСЂ', 'Р”РёСЂРµРєС‚РѕСЂ'], 'right_answer': ['РџСЂРµРїРѕРґР°РІР°С‚РµР»СЊ'], 'id': 1}}]}, '\\static\\GetClientData\\UploadInServerClientCookie\\ClientCookieData\\question.json': {'client_flag': True, 'Body': [{'Qst': {'question_name': 'РљС‚Рѕ С‚Р°РєРѕР№ РџР°С‚СЂРёРЅ?', 'answer': ['Р‘СѓС…РіР°Р»С‚РµСЂ ', 'Р”РёСЂРµРєС‚РѕСЂ'], 'right_answer': ['РџСЂРµРїРѕРґР°РІР°С‚РµР»СЊ'], 'id': 1}}]}, '\\Settings\\SettingsPage\\settings_page.json': {'Body': [{'name': 'version', 'value': 2.1}, {'name': 'url for update', 'value': 'https://github.com/RustFarmer/Test/blob/main/update_url_file.json'}]}, '\\Settings\\UpdateProgram\\UpdateData\\update_url_file.json': {'Body': {'rarFile': 'https://github.com/RustFarmer/Rust-helper/raw/refs/heads/main/v5.1.rar'}}, '\\static\\GetClientData\\UploadInServerClientCookie\\ClientCookieData\\settings.json': {'client_flag': True, 'Body': []}, '\\PassCutOff\\settings.json': {'Body': []}, '\\ImageResultScreen\\imageSettings.json': {'Body': []}, '\\ListBlancQuestion\\listBlancQuestion.json': {'Body': []}}
2026-09-19 at 17:27:13 | INFO | <class 'pathlib.WindowsPath'>
2026-09-19 at 17:27:13 | INFO | W:\program\hrmlWeivProgramForTeacher\admin
2026-09-19 at 17:27:13 | INFO | {'\\Cookie\\local_cookie.json': {'Body': {'time_check_updates': '17:22 22.08.26', 'value_Check': False}}, '\\question.json': {'Body': [{'Qst': {'question_name': 'РљС‚Рѕ С‚Р°РєРѕР№ РџР°С‚СЂРёРЅ?', 'answer': ['Р‘СѓРіР°Р»С‚РµСЂ', 'Р”РёСЂРµРєС‚РѕСЂ'], 'right_answer': ['РџСЂРµРїРѕРґР°РІР°С‚РµР»СЊ'], 'id': 1}}]}, '\\static\\GetClientData\\UploadInServerClientCookie\\ClientCookieData\\question.json': {'client_flag': True, 'Body': [{'Qst': {'question_name': 'РљС‚Рѕ С‚Р°РєРѕР№ РџР°С‚СЂРёРЅ?', 'answer': ['Р‘СѓС…РіР°Р»С‚РµСЂ ', 'Р”РёСЂРµРєС‚РѕСЂ'], 'right_answer': ['РџСЂРµРїРѕРґР°РІР°С‚РµР»СЊ'], 'id': 1}}]}, '\\Settings\\SettingsPage\\settings_page.json': {'Body': [{'name': 'version', 'value': 2.1}, {'name': 'url for update', 'value': 'https://github.com/RustFarmer/Test/blob/main/update_url_file.json'}]}, '\\Settings\\UpdateProgram\\UpdateData\\update_url_file.json': {'Body': {'rarFile': 'https://github.com/RustFarmer/Rust-helper/raw/refs/heads/main/v5.1.rar'}}, '\\static\\GetClientData\\UploadInServerClientCookie\\ClientCookieData\\settings.json': {'client_flag': True, 'Body': []}, '\\PassCutOff\\settings.json': {'Body': []}, '\\ImageResultScreen\\imageSettings.json': {'Body': []}, '\\ListBlancQuestion\\listBlancQuestion.json': {'Body': []}}
2026-09-19 at 17:27:13 | INFO | {'\\Cookie\\local_cookie.json': {'Body': {'time_check_updates': '17:22 22.08.26', 'value_Check': False}}, '\\question.json': {'Body': [{'Qst': {'question_name': 'РљС‚Рѕ С‚Р°РєРѕР№ РџР°С‚СЂРёРЅ?', 'answer': ['Р‘СѓРіР°Р»С‚РµСЂ', 'Р”РёСЂРµРєС‚РѕСЂ'], 'right_answer': ['РџСЂРµРїРѕРґР°РІР°С‚РµР»СЊ'], 'id': 1}}]}, '\\static\\GetClientData\\UploadInServerClientCookie\\ClientCookieData\\question.json': {'client_flag': True, 'Body': [{'Qst': {'question_name': 'РљС‚Рѕ С‚Р°РєРѕР№ РџР°С‚СЂРёРЅ?', 'answer': ['Р‘СѓС…РіР°Р»С‚РµСЂ ', 'Р”РёСЂРµРєС‚РѕСЂ'], 'right_answer': ['РџСЂРµРїРѕРґР°РІР°С‚РµР»СЊ'], 'id': 1}}]}, '\\Settings\\SettingsPage\\settings_page.json': {'Body': [{'name': 'version', 'value': 2.1}, {'name': 'url for update', 'value': 'https://github.com/RustFarmer/Test/blob/main/update_url_file.json'}]}, '\\Settings\\UpdateProgram\\UpdateData\\update_url_file.json': {'Body': {'rarFile': 'https://github.com/RustFarmer/Rust-helper/raw/refs/heads/main/v5.1.rar'}}, '\\static\\GetClientData\\UploadInServerClientCookie\\ClientCookieData\\settings.json': {'client_flag': True, 'Body': []}, '\\PassCutOff\\settings.json': {'Body': []}, '\\ImageResultScreen\\imageSettings.json': {'Body': []}, '\\ListBlancQuestion\\listBlancQuestion.json': {'Body': []}}
2026-09-19 at 17:27:13 | INFO | W:\program\hrmlWeivProgramForTeacher\admin\Cookie\local_cookie.json
2026-09-19 at 17:27:13 | INFO | \Cookie\local_cookie.json
2026-09-19 at 17:27:13 | INFO | {'Body': {'time_check_updates': '17:22 22.08.26', 'value_Check': False}}
2026-09-19 at 17:27:13 | INFO | W:\program\hrmlWeivProgramForTeacher\admin\question.json
2026-09-19 at 17:27:14 | INFO | \question.json
2026-09-19 at 17:27:14 | INFO | {'Body': [{'Qst': {'question_name': 'РљС‚Рѕ С‚Р°РєРѕР№ РџР°С‚СЂРёРЅ?', 'answer': ['Р‘СѓРіР°Р»С‚РµСЂ', 'Р”РёСЂРµРєС‚РѕСЂ'], 'right_answer': ['РџСЂРµРїРѕРґР°РІР°С‚РµР»СЊ'], 'id': 1}}]}
2026-09-19 at 17:27:14 | INFO | W:\program\hrmlWeivProgramForTeacher\admin\static\GetClientData\UploadInServerClientCookie\ClientCookieData\question.json
2026-09-19 at 17:27:14 | INFO | W:\program\hrmlWeivProgramForTeacher\client\static\GetClientData\UploadInServerClientCookie\ClientCookieData\question.json
2026-09-19 at 17:27:14 | INFO | \static\GetClientData\UploadInServerClientCookie\ClientCookieData\question.json
2026-09-19 at 17:27:14 | INFO | {'client_flag': True, 'Body': [{'Qst': {'question_name': 'РљС‚Рѕ С‚Р°РєРѕР№ РџР°С‚СЂРёРЅ?', 'answer': ['Р‘СѓС…РіР°Р»С‚РµСЂ ', 'Р”РёСЂРµРєС‚РѕСЂ'], 'right_answer': ['РџСЂРµРїРѕРґР°РІР°С‚РµР»СЊ'], 'id': 1}}]}
2026-09-19 at 17:27:14 | INFO | W:\program\hrmlWeivProgramForTeacher\admin\Settings\SettingsPage\settings_page.json
2026-09-19 at 17:27:14 | INFO | \Settings\SettingsPage\settings_page.json
2026-09-19 at 17:27:14 | INFO | {'Body': [{'name': 'version', 'value': 2.1}, {'name': 'url for update', 'value': 'https://github.com/RustFarmer/Test/blob/main/update_url_file.json'}]}
2026-09-19 at 17:27:14 | INFO | W:\program\hrmlWeivProgramForTeacher\admin\Settings\UpdateProgram\UpdateData\update_url_file.json
2026-09-19 at 17:27:14 | INFO | \Settings\UpdateProgram\UpdateData\update_url_file.json
2026-09-19 at 17:27:14 | INFO | {'Body': {'rarFile': 'https://github.com/RustFarmer/Rust-helper/raw/refs/heads/main/v5.1.rar'}}
2026-09-19 at 17:27:14 | INFO | W:\program\hrmlWeivProgramForTeacher\admin\static\GetClientData\UploadInServerClientCookie\ClientCookieData\settings.json
2026-09-19 at 17:27:14 | INFO | W:\program\hrmlWeivProgramForTeacher\client\static\GetClientData\UploadInServerClientCookie\ClientCookieData\settings.json
2026-09-19 at 17:27:14 | INFO | \static\GetClientData\UploadInServerClientCookie\ClientCookieData\settings.json
2026-09-19 at 17:27:14 | INFO | {'client_flag': True, 'Body': []}
2026-09-19 at 17:27:14 | INFO | W:\program\hrmlWeivProgramForTeacher\admin\PassCutOff\settings.json
2026-09-19 at 17:27:14 | INFO | \PassCutOff\settings.json
2026-09-19 at 17:27:14 | INFO | {'Body': []}
2026-09-19 at 17:27:14 | INFO | W:\program\hrmlWeivProgramForTeacher\admin\ImageResultScreen\imageSettings.json
2026-09-19 at 17:27:14 | INFO | \ImageResultScreen\imageSettings.json
2026-09-19 at 17:27:14 | INFO | {'Body': []}
2026-09-19 at 17:27:14 | INFO | W:\program\hrmlWeivProgramForTeacher\admin\ListBlancQuestion\listBlancQuestion.json
2026-09-19 at 17:27:14 | INFO | \ListBlancQuestion\listBlancQuestion.json
2026-09-19 at 17:27:14 | INFO | {'Body': []}
2026-09-19 at 17:27:41 | INFO | W:\program\hrmlWeivProgramForTeacher\admin\Log\appFileLog.log
2026-09-19 at 17:27:41 | INFO | W:\program\hrmlWeivProgramForTeacher\admin
2026-09-19 at 17:27:41 | INFO | W:\program\hrmlWeivProgramForTeacher\client
2026-09-19 at 17:27:41 | INFO | {'\\Cookie\\local_cookie.json': {'Body': {'time_check_updates': '17:22 22.08.26', 'value_Check': False}}, '\\question.json': {'Body': [{'Qst': {'question_name': 'РљС‚Рѕ С‚Р°РєРѕР№ РџР°С‚СЂРёРЅ?', 'answer': ['Р‘СѓРіР°Р»С‚РµСЂ', 'Р”РёСЂРµРєС‚РѕСЂ'], 'right_answer': ['РџСЂРµРїРѕРґР°РІР°С‚РµР»СЊ'], 'id': 1}}]}, '\\static\\GetClientData\\UploadInServerClientCookie\\ClientCookieData\\question.json': {'client_flag': True, 'Body': [{'Qst': {'question_name': 'РљС‚Рѕ С‚Р°РєРѕР№ РџР°С‚СЂРёРЅ?', 'answer': ['Р‘СѓС…РіР°Р»С‚РµСЂ ', 'Р”РёСЂРµРєС‚РѕСЂ'], 'right_answer': ['РџСЂРµРїРѕРґР°РІР°С‚РµР»СЊ'], 'id': 1}}]}, '\\Settings\\SettingsPage\\settings_page.json': {'Body': [{'name': 'version', 'value': 2.1}, {'name': 'url for update', 'value': 'https://github.com/RustFarmer/Test/blob/main/update_url_file.json'}]}, '\\Settings\\UpdateProgram\\UpdateData\\update_url_file.json': {'Body': {'rarFile': 'https://github.com/RustFarmer/Rust-helper/raw/refs/heads/main/v5.1.rar'}}, '\\static\\GetClientData\\UploadInServerClientCookie\\ClientCookieData\\settings.json': {'client_flag': True, 'Body': []}, '\\PassCutOff\\settings.json': {'Body': []}, '\\ImageResultScreen\\imageSettings.json': {'Body': []}, '\\ListBlancQuestion\\listBlancQuestion.json': {'Body': []}}
2026-09-19 at 17:27:41 | INFO | <class 'pathlib.WindowsPath'>
2026-09-19 at 17:27:41 | INFO | W:\program\hrmlWeivProgramForTeacher\admin
2026-09-19 at 17:27:41 | INFO | {'\\Cookie\\local_cookie.json': {'Body': {'time_check_updates': '17:22 22.08.26', 'value_Check': False}}, '\\question.json': {'Body': [{'Qst': {'question_name': 'РљС‚Рѕ С‚Р°РєРѕР№ РџР°С‚СЂРёРЅ?', 'answer': ['Р‘СѓРіР°Р»С‚РµСЂ', 'Р”РёСЂРµРєС‚РѕСЂ'], 'right_answer': ['РџСЂРµРїРѕРґР°РІР°С‚РµР»СЊ'], 'id': 1}}]}, '\\static\\GetClientData\\UploadInServerClientCookie\\ClientCookieData\\question.json': {'client_flag': True, 'Body': [{'Qst': {'question_name': 'РљС‚Рѕ С‚Р°РєРѕР№ РџР°С‚СЂРёРЅ?', 'answer': ['Р‘СѓС…РіР°Р»С‚РµСЂ ', 'Р”РёСЂРµРєС‚РѕСЂ'], 'right_answer': ['РџСЂРµРїРѕРґР°РІР°С‚РµР»СЊ'], 'id': 1}}]}, '\\Settings\\SettingsPage\\settings_page.json': {'Body': [{'name': 'version', 'value': 2.1}, {'name': 'url for update', 'value': 'https://github.com/RustFarmer/Test/blob/main/update_url_file.json'}]}, '\\Settings\\UpdateProgram\\UpdateData\\update_url_file.json': {'Body': {'rarFile': 'https://github.com/RustFarmer/Rust-helper/raw/refs/heads/main/v5.1.rar'}}, '\\static\\GetClientData\\UploadInServerClientCookie\\ClientCookieData\\settings.json': {'client_flag': True, 'Body': []}, '\\PassCutOff\\settings.json': {'Body': []}, '\\ImageResultScreen\\imageSettings.json': {'Body': []}, '\\ListBlancQuestion\\listBlancQuestion.json': {'Body': []}}
2026-09-19 at 17:27:41 | INFO | {'\\Cookie\\local_cookie.json': {'Body': {'time_check_updates': '17:22 22.08.26', 'value_Check': False}}, '\\question.json': {'Body': [{'Qst': {'question_name': 'РљС‚Рѕ С‚Р°РєРѕР№ РџР°С‚СЂРёРЅ?', 'answer': ['Р‘СѓРіР°Р»С‚РµСЂ', 'Р”РёСЂРµРєС‚РѕСЂ'], 'right_answer': ['РџСЂРµРїРѕРґР°РІР°С‚РµР»СЊ'], 'id': 1}}]}, '\\static\\GetClientData\\UploadInServerClientCookie\\ClientCookieData\\question.json': {'client_flag': True, 'Body': [{'Qst': {'question_name': 'РљС‚Рѕ С‚Р°РєРѕР№ РџР°С‚СЂРёРЅ?', 'answer': ['Р‘СѓС…РіР°Р»С‚РµСЂ ', 'Р”РёСЂРµРєС‚РѕСЂ'], 'right_answer': ['РџСЂРµРїРѕРґР°РІР°С‚РµР»СЊ'], 'id': 1}}]}, '\\Settings\\SettingsPage\\settings_page.json': {'Body': [{'name': 'version', 'value': 2.1}, {'name': 'url for update', 'value': 'https://github.com/RustFarmer/Test/blob/main/update_url_file.json'}]}, '\\Settings\\UpdateProgram\\UpdateData\\update_url_file.json': {'Body': {'rarFile': 'https://github.com/RustFarmer/Rust-helper/raw/refs/heads/main/v5.1.rar'}}, '\\static\\GetClientData\\UploadInServerClientCookie\\ClientCookieData\\settings.json': {'client_flag': True, 'Body': []}, '\\PassCutOff\\settings.json': {'Body': []}, '\\ImageResultScreen\\imageSettings.json': {'Body': []}, '\\ListBlancQuestion\\listBlancQuestion.json': {'Body': []}}
2026-09-19 at 17:27:41 | INFO | W:\program\hrmlWeivProgramForTeacher\admin\Cookie\local_cookie.json
2026-09-19 at 17:27:41 | INFO | \Cookie\local_cookie.json
2026-09-19 at 17:27:41 | INFO | {'Body': {'time_check_updates': '17:22 22.08.26', 'value_Check': False}}
2026-09-19 at 17:27:41 | INFO | W:\program\hrmlWeivProgramForTeacher\admin\question.json
2026-09-19 at 17:27:41 | INFO | \question.json
2026-09-19 at 17:27:41 | INFO | {'Body': [{'Qst': {'question_name': 'РљС‚Рѕ С‚Р°РєРѕР№ РџР°С‚СЂРёРЅ?', 'answer': ['Р‘СѓРіР°Р»С‚РµСЂ', 'Р”РёСЂРµРєС‚РѕСЂ'], 'right_answer': ['РџСЂРµРїРѕРґР°РІР°С‚РµР»СЊ'], 'id': 1}}]}
2026-09-19 at 17:27:41 | INFO | W:\program\hrmlWeivProgramForTeacher\admin\static\GetClientData\UploadInServerClientCookie\ClientCookieData\question.json
2026-09-19 at 17:27:41 | INFO | W:\program\hrmlWeivProgramForTeacher\client\static\GetClientData\UploadInServerClientCookie\ClientCookieData\question.json
2026-09-19 at 17:27:41 | INFO | \static\GetClientData\UploadInServerClientCookie\ClientCookieData\question.json
2026-09-19 at 17:27:41 | INFO | {'client_flag': True, 'Body': [{'Qst': {'question_name': 'РљС‚Рѕ С‚Р°РєРѕР№ РџР°С‚СЂРёРЅ?', 'answer': ['Р‘СѓС…РіР°Р»С‚РµСЂ ', 'Р”РёСЂРµРєС‚РѕСЂ'], 'right_answer': ['РџСЂРµРїРѕРґР°РІР°С‚РµР»СЊ'], 'id': 1}}]}
2026-09-19 at 17:27:41 | INFO | W:\program\hrmlWeivProgramForTeacher\admin\Settings\SettingsPage\settings_page.json
2026-09-19 at 17:27:41 | INFO | \Settings\SettingsPage\settings_page.json
2026-09-19 at 17:27:41 | INFO | {'Body': [{'name': 'version', 'value': 2.1}, {'name': 'url for update', 'value': 'https://github.com/RustFarmer/Test/blob/main/update_url_file.json'}]}
2026-09-19 at 17:27:41 | INFO | W:\program\hrmlWeivProgramForTeacher\admin\Settings\UpdateProgram\UpdateData\update_url_file.json
2026-09-19 at 17:27:41 | INFO | \Settings\UpdateProgram\UpdateData\update_url_file.json
2026-09-19 at 17:27:41 | INFO | {'Body': {'rarFile': 'https://github.com/RustFarmer/Rust-helper/raw/refs/heads/main/v5.1.rar'}}
2026-09-19 at 17:27:41 | INFO | W:\program\hrmlWeivProgramForTeacher\admin\static\GetClientData\UploadInServerClientCookie\ClientCookieData\settings.json
2026-09-19 at 17:27:41 | INFO | W:\program\hrmlWeivProgramForTeacher\client\static\GetClientData\UploadInServerClientCookie\ClientCookieData\settings.json
2026-09-19 at 17:27:41 | INFO | \static\GetClientData\UploadInServerClientCookie\ClientCookieData\settings.json
2026-09-19 at 17:27:41 | INFO | {'client_flag': True, 'Body': []}
2026-09-19 at 17:27:41 | INFO | W:\program\hrmlWeivProgramForTeacher\admin\PassCutOff\settings.json
2026-09-19 at 17:27:41 | INFO | \PassCutOff\settings.json
2026-09-19 at 17:27:41 | INFO | {'Body': []}
2026-09-19 at 17:27:41 | INFO | W:\program\hrmlWeivProgramForTeacher\admin\ImageResultScreen\imageSettings.json
2026-09-19 at 17:27:41 | INFO | \ImageResultScreen\imageSettings.json
2026-09-19 at 17:27:41 | INFO | {'Body': []}
2026-09-19 at 17:27:41 | INFO | W:\program\hrmlWeivProgramForTeacher\admin\ListBlancQuestion\listBlancQuestion.json
2026-09-19 at 17:27:41 | INFO | \ListBlancQuestion\listBlancQuestion.json
2026-09-19 at 17:27:41 | INFO | {'Body': []}
2026-09-19 at 17:27:42 | INFO | Time to re-check for updates.
2026-09-19 at 17:27:44 | INFO | <Response [200]>
2026-09-19 at 17:27:44 | INFO | https://raw.githubusercontent.com/RustFarmer/Test/main/settingsProgram.json
2026-09-19 at 17:27:44 | INFO | W:\program\hrmlWeivProgramForTeacher\admin\Settings\UpdateProgram\UpdateData\settingsProgram.json
2026-09-19 at 17:27:44 | INFO | 2.2
2026-09-19 at 17:27:45 | INFO | <Response [200]>
2026-09-19 at 17:27:45 | INFO | 2.1
2026-09-19 at 17:27:45 | INFO | 2.2
2026-09-19 at 17:27:45 | INFO | True
2026-09-19 at 17:27:45 | INFO | Session saved: {'time_check_updates': '17:27 19.09.26', 'value_Check': True}
2026-09-19 at 17:27:45 | INFO | https://raw.githubusercontent.com/RustFarmer/Test/main/update_url_file.json
2026-09-19 at 17:27:45 | INFO | {'rarFile': 'https://disk.yandex.ru/d/lQZ7yrzul_fpjg'}
2026-09-19 at 17:27:45 | INFO | {'rarFile': 'https://disk.yandex.ru/d/lQZ7yrzul_fpjg'}
2026-09-19 at 17:27:45 | INFO | True
2026-09-19 at 17:27:45 | INFO | https://disk.yandex.ru/d/lQZ7yrzul_fpjg
2026-09-19 at 17:27:45 | INFO | [{'Qst': {'question_name': 'РљС‚Рѕ С‚Р°РєРѕР№ РџР°С‚СЂРёРЅ?', 'answer': ['Р‘СѓРіР°Р»С‚РµСЂ', 'Р”РёСЂРµРєС‚РѕСЂ'], 'right_answer': ['РџСЂРµРїРѕРґР°РІР°С‚РµР»СЊ'], 'id': 1}}]
2026-09-19 at 17:28:10 | INFO | W:\program\hrmlWeivProgramForTeacher\admin\Log\appFileLog.log
2026-09-19 at 17:28:10 | INFO | W:\program\hrmlWeivProgramForTeacher\admin
2026-09-19 at 17:28:10 | INFO | W:\program\hrmlWeivProgramForTeacher\client
2026-09-19 at 17:28:10 | INFO | {'\\Cookie\\local_cookie.json': {'Body': {'time_check_updates': '17:22 22.08.26', 'value_Check': False}}, '\\question.json': {'Body': [{'Qst': {'question_name': 'РљС‚Рѕ С‚Р°РєРѕР№ РџР°С‚СЂРёРЅ?', 'answer': ['Р‘СѓРіР°Р»С‚РµСЂ', 'Р”РёСЂРµРєС‚РѕСЂ'], 'right_answer': ['РџСЂРµРїРѕРґР°РІР°С‚РµР»СЊ'], 'id': 1}}]}, '\\static\\GetClientData\\UploadInServerClientCookie\\ClientCookieData\\question.json': {'client_flag': True, 'Body': [{'Qst': {'question_name': 'РљС‚Рѕ С‚Р°РєРѕР№ РџР°С‚СЂРёРЅ?', 'answer': ['Р‘СѓС…РіР°Р»С‚РµСЂ ', 'Р”РёСЂРµРєС‚РѕСЂ'], 'right_answer': ['РџСЂРµРїРѕРґР°РІР°С‚РµР»СЊ'], 'id': 1}}]}, '\\Settings\\SettingsPage\\settings_page.json': {'Body': [{'name': 'version', 'value': 2.1}, {'name': 'url for update', 'value': 'https://github.com/RustFarmer/Test/blob/main/update_url_file.json'}]}, '\\Settings\\UpdateProgram\\UpdateData\\update_url_file.json': {'Body': {'rarFile': 'https://github.com/RustFarmer/Rust-helper/raw/refs/heads/main/v5.1.rar'}}, '\\static\\GetClientData\\UploadInServerClientCookie\\ClientCookieData\\settings.json': {'client_flag': True, 'Body': []}, '\\PassCutOff\\settings.json': {'Body': []}, '\\ImageResultScreen\\imageSettings.json': {'Body': []}, '\\ListBlancQuestion\\listBlancQuestion.json': {'Body': []}}
2026-09-19 at 17:28:10 | INFO | <class 'pathlib.WindowsPath'>
2026-09-19 at 17:28:10 | INFO | W:\program\hrmlWeivProgramForTeacher\admin
2026-09-19 at 17:28:10 | INFO | {'\\Cookie\\local_cookie.json': {'Body': {'time_check_updates': '17:22 22.08.26', 'value_Check': False}}, '\\question.json': {'Body': [{'Qst': {'question_name': 'РљС‚Рѕ С‚Р°РєРѕР№ РџР°С‚СЂРёРЅ?', 'answer': ['Р‘СѓРіР°Р»С‚РµСЂ', 'Р”РёСЂРµРєС‚РѕСЂ'], 'right_answer': ['РџСЂРµРїРѕРґР°РІР°С‚РµР»СЊ'], 'id': 1}}]}, '\\static\\GetClientData\\UploadInServerClientCookie\\ClientCookieData\\question.json': {'client_flag': True, 'Body': [{'Qst': {'question_name': 'РљС‚Рѕ С‚Р°РєРѕР№ РџР°С‚СЂРёРЅ?', 'answer': ['Р‘СѓС…РіР°Р»С‚РµСЂ ', 'Р”РёСЂРµРєС‚РѕСЂ'], 'right_answer': ['РџСЂРµРїРѕРґР°РІР°С‚РµР»СЊ'], 'id': 1}}]}, '\\Settings\\SettingsPage\\settings_page.json': {'Body': [{'name': 'version', 'value': 2.1}, {'name': 'url for update', 'value': 'https://github.com/RustFarmer/Test/blob/main/update_url_file.json'}]}, '\\Settings\\UpdateProgram\\UpdateData\\update_url_file.json': {'Body': {'rarFile': 'https://github.com/RustFarmer/Rust-helper/raw/refs/heads/main/v5.1.rar'}}, '\\static\\GetClientData\\UploadInServerClientCookie\\ClientCookieData\\settings.json': {'client_flag': True, 'Body': []}, '\\PassCutOff\\settings.json': {'Body': []}, '\\ImageResultScreen\\imageSettings.json': {'Body': []}, '\\ListBlancQuestion\\listBlancQuestion.json': {'Body': []}}
2026-09-19 at 17:28:10 | INFO | {'\\Cookie\\local_cookie.json': {'Body': {'time_check_updates': '17:22 22.08.26', 'value_Check': False}}, '\\question.json': {'Body': [{'Qst': {'question_name': 'РљС‚Рѕ С‚Р°РєРѕР№ РџР°С‚СЂРёРЅ?', 'answer': ['Р‘СѓРіР°Р»С‚РµСЂ', 'Р”РёСЂРµРєС‚РѕСЂ'], 'right_answer': ['РџСЂРµРїРѕРґР°РІР°С‚РµР»СЊ'], 'id': 1}}]}, '\\static\\GetClientData\\UploadInServerClientCookie\\ClientCookieData\\question.json': {'client_flag': True, 'Body': [{'Qst': {'question_name': 'РљС‚Рѕ С‚Р°РєРѕР№ РџР°С‚СЂРёРЅ?', 'answer': ['Р‘СѓС…РіР°Р»С‚РµСЂ ', 'Р”РёСЂРµРєС‚РѕСЂ'], 'right_answer': ['РџСЂРµРїРѕРґР°РІР°С‚РµР»СЊ'], 'id': 1}}]}, '\\Settings\\SettingsPage\\settings_page.json': {'Body': [{'name': 'version', 'value': 2.1}, {'name': 'url for update', 'value': 'https://github.com/RustFarmer/Test/blob/main/update_url_file.json'}]}, '\\Settings\\UpdateProgram\\UpdateData\\update_url_file.json': {'Body': {'rarFile': 'https://github.com/RustFarmer/Rust-helper/raw/refs/heads/main/v5.1.rar'}}, '\\static\\GetClientData\\UploadInServerClientCookie\\ClientCookieData\\settings.json': {'client_flag': True, 'Body': []}, '\\PassCutOff\\settings.json': {'Body': []}, '\\ImageResultScreen\\imageSettings.json': {'Body': []}, '\\ListBlancQuestion\\listBlancQuestion.json': {'Body': []}}
2026-09-19 at 17:28:10 | INFO | W:\program\hrmlWeivProgramForTeacher\admin\Cookie\local_cookie.json
2026-09-19 at 17:28:10 | INFO | \Cookie\local_cookie.json
2026-09-19 at 17:28:10 | INFO | {'Body': {'time_check_updates': '17:22 22.08.26', 'value_Check': False}}
2026-09-19 at 17:28:10 | INFO | W:\program\hrmlWeivProgramForTeacher\admin\question.json
2026-09-19 at 17:28:10 | INFO | \question.json
2026-09-19 at 17:28:10 | INFO | {'Body': [{'Qst': {'question_name': 'РљС‚Рѕ С‚Р°РєРѕР№ РџР°С‚СЂРёРЅ?', 'answer': ['Р‘СѓРіР°Р»С‚РµСЂ', 'Р”РёСЂРµРєС‚РѕСЂ'], 'right_answer': ['РџСЂРµРїРѕРґР°РІР°С‚РµР»СЊ'], 'id': 1}}]}
2026-09-19 at 17:28:10 | INFO | W:\program\hrmlWeivProgramForTeacher\admin\static\GetClientData\UploadInServerClientCookie\ClientCookieData\question.json
2026-09-19 at 17:28:10 | INFO | W:\program\hrmlWeivProgramForTeacher\client\static\GetClientData\UploadInServerClientCookie\ClientCookieData\question.json
2026-09-19 at 17:28:10 | INFO | \static\GetClientData\UploadInServerClientCookie\ClientCookieData\question.json
2026-09-19 at 17:28:10 | INFO | {'client_flag': True, 'Body': [{'Qst': {'question_name': 'РљС‚Рѕ С‚Р°РєРѕР№ РџР°С‚СЂРёРЅ?', 'answer': ['Р‘СѓС…РіР°Р»С‚РµСЂ ', 'Р”РёСЂРµРєС‚РѕСЂ'], 'right_answer': ['РџСЂРµРїРѕРґР°РІР°С‚РµР»СЊ'], 'id': 1}}]}
2026-09-19 at 17:28:10 | INFO | W:\program\hrmlWeivProgramForTeacher\admin\Settings\SettingsPage\settings_page.json
2026-09-19 at 17:28:10 | INFO | \Settings\SettingsPage\settings_page.json
2026-09-19 at 17:28:10 | INFO | {'Body': [{'name': 'version', 'value': 2.1}, {'name': 'url for update', 'value': 'https://github.com/RustFarmer/Test/blob/main/update_url_file.json'}]}
2026-09-19 at 17:28:10 | INFO | W:\program\hrmlWeivProgramForTeacher\admin\Settings\UpdateProgram\UpdateData\update_url_file.json
2026-09-19 at 17:28:10 | INFO | \Settings\UpdateProgram\UpdateData\update_url_file.json
2026-09-19 at 17:28:10 | INFO | {'Body': {'rarFile': 'https://github.com/RustFarmer/Rust-helper/raw/refs/heads/main/v5.1.rar'}}
2026-09-19 at 17:28:10 | INFO | W:\program\hrmlWeivProgramForTeacher\admin\static\GetClientData\UploadInServerClientCookie\ClientCookieData\settings.json
2026-09-19 at 17:28:10 | INFO | W:\program\hrmlWeivProgramForTeacher\client\static\GetClientData\UploadInServerClientCookie\ClientCookieData\settings.json
2026-09-19 at 17:28:10 | INFO | \static\GetClientData\UploadInServerClientCookie\ClientCookieData\settings.json
2026-09-19 at 17:28:10 | INFO | {'client_flag': True, 'Body': []}
2026-09-19 at 17:28:10 | INFO | W:\program\hrmlWeivProgramForTeacher\admin\PassCutOff\settings.json
2026-09-19 at 17:28:10 | INFO | \PassCutOff\settings.json
2026-09-19 at 17:28:10 | INFO | {'Body': []}
2026-09-19 at 17:28:10 | INFO | W:\program\hrmlWeivProgramForTeacher\admin\ImageResultScreen\imageSettings.json
2026-09-19 at 17:28:10 | INFO | \ImageResultScreen\imageSettings.json
2026-09-19 at 17:28:10 | INFO | {'Body': []}
2026-09-19 at 17:28:10 | INFO | W:\program\hrmlWeivProgramForTeacher\admin\ListBlancQuestion\listBlancQuestion.json
2026-09-19 at 17:28:10 | INFO | \ListBlancQuestion\listBlancQuestion.json
2026-09-19 at 17:28:10 | INFO | {'Body': []}
2026-09-19 at 17:28:12 | INFO | https://raw.githubusercontent.com/RustFarmer/Test/main/update_url_file.json
2026-09-19 at 17:28:12 | INFO | {'rarFile': 'https://disk.yandex.ru/d/lQZ7yrzul_fpjg'}
2026-09-19 at 17:28:12 | INFO | {'rarFile': 'https://disk.yandex.ru/d/lQZ7yrzul_fpjg'}
2026-09-19 at 17:28:12 | INFO | True
2026-09-19 at 17:28:12 | INFO | https://disk.yandex.ru/d/lQZ7yrzul_fpjg
2026-09-19 at 17:28:12 | INFO | [{'Qst': {'question_name': 'РљС‚Рѕ С‚Р°РєРѕР№ РџР°С‚СЂРёРЅ?', 'answer': ['Р‘СѓРіР°Р»С‚РµСЂ', 'Р”РёСЂРµРєС‚РѕСЂ'], 'right_answer': ['РџСЂРµРїРѕРґР°РІР°С‚РµР»СЊ'], 'id': 1}}]
2026-09-19 at 17:28:22 | INFO | https://raw.githubusercontent.com/RustFarmer/Test/main/update_url_file.json
2026-09-19 at 17:28:22 | INFO | {'rarFile': 'https://disk.yandex.ru/d/lQZ7yrzul_fpjg'}
2026-09-19 at 17:28:22 | INFO | {'rarFile': 'https://disk.yandex.ru/d/lQZ7yrzul_fpjg'}
2026-09-19 at 17:28:22 | INFO | True
2026-09-19 at 17:28:22 | INFO | https://disk.yandex.ru/d/lQZ7yrzul_fpjg
2026-09-19 at 17:28:22 | INFO | [{'Qst': {'question_name': 'РљС‚Рѕ С‚Р°РєРѕР№ РџР°С‚СЂРёРЅ?', 'answer': ['Р‘СѓРіР°Р»С‚РµСЂ', 'Р”РёСЂРµРєС‚РѕСЂ'], 'right_answer': ['РџСЂРµРїРѕРґР°РІР°С‚РµР»СЊ'], 'id': 1}}]
2026-09-19 at 17:28:26 | INFO | https://raw.githubusercontent.com/RustFarmer/Test/main/update_url_file.json
2026-09-19 at 17:28:26 | INFO | {'rarFile': 'https://disk.yandex.ru/d/lQZ7yrzul_fpjg'}
2026-09-19 at 17:28:27 | INFO | {'rarFile': 'https://disk.yandex.ru/d/lQZ7yrzul_fpjg'}
2026-09-19 at 17:28:27 | INFO | True
2026-09-19 at 17:28:27 | INFO | https://disk.yandex.ru/d/lQZ7yrzul_fpjg
2026-09-19 at 17:28:27 | INFO | [{'Qst': {'question_name': 'РљС‚Рѕ С‚Р°РєРѕР№ РџР°С‚СЂРёРЅ?', 'answer': ['Р‘СѓРіР°Р»С‚РµСЂ', 'Р”РёСЂРµРєС‚РѕСЂ'], 'right_answer': ['РџСЂРµРїРѕРґР°РІР°С‚РµР»СЊ'], 'id': 1}}]
2026-09-19 at 17:34:35 | INFO | W:\program\hrmlWeivProgramForTeacher\admin\Log\appFileLog.log
2026-09-19 at 17:34:35 | INFO | W:\program\hrmlWeivProgramForTeacher\admin
2026-09-19 at 17:34:35 | INFO | W:\program\hrmlWeivProgramForTeacher\client
2026-09-19 at 17:34:35 | INFO | {'\\Cookie\\local_cookie.json': {'Body': {'time_check_updates': '17:22 22.08.26', 'value_Check': False}}, '\\question.json': {'Body': [{'Qst': {'question_name': 'РљС‚Рѕ С‚Р°РєРѕР№ РџР°С‚СЂРёРЅ?', 'answer': ['Р‘СѓРіР°Р»С‚РµСЂ', 'Р”РёСЂРµРєС‚РѕСЂ'], 'right_answer': ['РџСЂРµРїРѕРґР°РІР°С‚РµР»СЊ'], 'id': 1}}]}, '\\static\\GetClientData\\UploadInServerClientCookie\\ClientCookieData\\question.json': {'client_flag': True, 'Body': [{'Qst': {'question_name': 'РљС‚Рѕ С‚Р°РєРѕР№ РџР°С‚СЂРёРЅ?', 'answer': ['Р‘СѓС…РіР°Р»С‚РµСЂ ', 'Р”РёСЂРµРєС‚РѕСЂ'], 'right_answer': ['РџСЂРµРїРѕРґР°РІР°С‚РµР»СЊ'], 'id': 1}}]}, '\\Settings\\SettingsPage\\settings_page.json': {'Body': [{'name': 'version', 'value': 2.1}, {'name': 'url for update', 'value': 'https://github.com/RustFarmer/Test/blob/main/update_url_file.json'}]}, '\\Settings\\UpdateProgram\\UpdateData\\update_url_file.json': {'Body': {'rarFile': 'https://github.com/RustFarmer/Rust-helper/raw/refs/heads/main/v5.1.rar'}}, '\\static\\GetClientData\\UploadInServerClientCookie\\ClientCookieData\\settings.json': {'client_flag': True, 'Body': []}, '\\PassCutOff\\settings.json': {'Body': []}, '\\ImageResultScreen\\imageSettings.json': {'Body': []}, '\\ListBlancQuestion\\listBlancQuestion.json': {'Body': []}}
2026-09-19 at 17:34:35 | INFO | <class 'pathlib.WindowsPath'>
2026-09-19 at 17:34:35 | INFO | W:\program\hrmlWeivProgramForTeacher\admin
2026-09-19 at 17:34:35 | INFO | {'\\Cookie\\local_cookie.json': {'Body': {'time_check_updates': '17:22 22.08.26', 'value_Check': False}}, '\\question.json': {'Body': [{'Qst': {'question_name': 'РљС‚Рѕ С‚Р°РєРѕР№ РџР°С‚СЂРёРЅ?', 'answer': ['Р‘СѓРіР°Р»С‚РµСЂ', 'Р”РёСЂРµРєС‚РѕСЂ'], 'right_answer': ['РџСЂРµРїРѕРґР°РІР°С‚РµР»СЊ'], 'id': 1}}]}, '\\static\\GetClientData\\UploadInServerClientCookie\\ClientCookieData\\question.json': {'client_flag': True, 'Body': [{'Qst': {'question_name': 'РљС‚Рѕ С‚Р°РєРѕР№ РџР°С‚СЂРёРЅ?', 'answer': ['Р‘СѓС…РіР°Р»С‚РµСЂ ', 'Р”РёСЂРµРєС‚РѕСЂ'], 'right_answer': ['РџСЂРµРїРѕРґР°РІР°С‚РµР»СЊ'], 'id': 1}}]}, '\\Settings\\SettingsPage\\settings_page.json': {'Body': [{'name': 'version', 'value': 2.1}, {'name': 'url for update', 'value': 'https://github.com/RustFarmer/Test/blob/main/update_url_file.json'}]}, '\\Settings\\UpdateProgram\\UpdateData\\update_url_file.json': {'Body': {'rarFile': 'https://github.com/RustFarmer/Rust-helper/raw/refs/heads/main/v5.1.rar'}}, '\\static\\GetClientData\\UploadInServerClientCookie\\ClientCookieData\\settings.json': {'client_flag': True, 'Body': []}, '\\PassCutOff\\settings.json': {'Body': []}, '\\ImageResultScreen\\imageSettings.json': {'Body': []}, '\\ListBlancQuestion\\listBlancQuestion.json': {'Body': []}}
2026-09-19 at 17:34:35 | INFO | {'\\Cookie\\local_cookie.json': {'Body': {'time_check_updates': '17:22 22.08.26', 'value_Check': False}}, '\\question.json': {'Body': [{'Qst': {'question_name': 'РљС‚Рѕ С‚Р°РєРѕР№ РџР°С‚СЂРёРЅ?', 'answer': ['Р‘СѓРіР°Р»С‚РµСЂ', 'Р”РёСЂРµРєС‚РѕСЂ'], 'right_answer': ['РџСЂРµРїРѕРґР°РІР°С‚РµР»СЊ'], 'id': 1}}]}, '\\static\\GetClientData\\UploadInServerClientCookie\\ClientCookieData\\question.json': {'client_flag': True, 'Body': [{'Qst': {'question_name': 'РљС‚Рѕ С‚Р°РєРѕР№ РџР°С‚СЂРёРЅ?', 'answer': ['Р‘СѓС…РіР°Р»С‚РµСЂ ', 'Р”РёСЂРµРєС‚РѕСЂ'], 'right_answer': ['РџСЂРµРїРѕРґР°РІР°С‚РµР»СЊ'], 'id': 1}}]}, '\\Settings\\SettingsPage\\settings_page.json': {'Body': [{'name': 'version', 'value': 2.1}, {'name': 'url for update', 'value': 'https://github.com/RustFarmer/Test/blob/main/update_url_file.json'}]}, '\\Settings\\UpdateProgram\\UpdateData\\update_url_file.json': {'Body': {'rarFile': 'https://github.com/RustFarmer/Rust-helper/raw/refs/heads/main/v5.1.rar'}}, '\\static\\GetClientData\\UploadInServerClientCookie\\ClientCookieData\\settings.json': {'client_flag': True, 'Body': []}, '\\PassCutOff\\settings.json': {'Body': []}, '\\ImageResultScreen\\imageSettings.json': {'Body': []}, '\\ListBlancQuestion\\listBlancQuestion.json': {'Body': []}}
2026-09-19 at 17:34:35 | INFO | W:\program\hrmlWeivProgramForTeacher\admin\Cookie\local_cookie.json
2026-09-19 at 17:34:35 | INFO | \Cookie\local_cookie.json
2026-09-19 at 17:34:35 | INFO | {'Body': {'time_check_updates': '17:22 22.08.26', 'value_Check': False}}
2026-09-19 at 17:34:35 | INFO | W:\program\hrmlWeivProgramForTeacher\admin\question.json
2026-09-19 at 17:34:35 | INFO | \question.json
2026-09-19 at 17:34:35 | INFO | {'Body': [{'Qst': {'question_name': 'РљС‚Рѕ С‚Р°РєРѕР№ РџР°С‚СЂРёРЅ?', 'answer': ['Р‘СѓРіР°Р»С‚РµСЂ', 'Р”РёСЂРµРєС‚РѕСЂ'], 'right_answer': ['РџСЂРµРїРѕРґР°РІР°С‚РµР»СЊ'], 'id': 1}}]}
2026-09-19 at 17:34:35 | INFO | W:\program\hrmlWeivProgramForTeacher\admin\static\GetClientData\UploadInServerClientCookie\ClientCookieData\question.json
2026-09-19 at 17:34:35 | INFO | W:\program\hrmlWeivProgramForTeacher\client\static\GetClientData\UploadInServerClientCookie\ClientCookieData\question.json
2026-09-19 at 17:34:35 | INFO | \static\GetClientData\UploadInServerClientCookie\ClientCookieData\question.json
2026-09-19 at 17:34:35 | INFO | {'client_flag': True, 'Body': [{'Qst': {'question_name': 'РљС‚Рѕ С‚Р°РєРѕР№ РџР°С‚СЂРёРЅ?', 'answer': ['Р‘СѓС…РіР°Р»С‚РµСЂ ', 'Р”РёСЂРµРєС‚РѕСЂ'], 'right_answer': ['РџСЂРµРїРѕРґР°РІР°С‚РµР»СЊ'], 'id': 1}}]}
2026-09-19 at 17:34:35 | INFO | W:\program\hrmlWeivProgramForTeacher\admin\Settings\SettingsPage\settings_page.json
2026-09-19 at 17:34:35 | INFO | \Settings\SettingsPage\settings_page.json
2026-09-19 at 17:34:35 | INFO | {'Body': [{'name': 'version', 'value': 2.1}, {'name': 'url for update', 'value': 'https://github.com/RustFarmer/Test/blob/main/update_url_file.json'}]}
2026-09-19 at 17:34:35 | INFO | W:\program\hrmlWeivProgramForTeacher\admin\Settings\UpdateProgram\UpdateData\update_url_file.json
2026-09-19 at 17:34:35 | INFO | \Settings\UpdateProgram\UpdateData\update_url_file.json
2026-09-19 at 17:34:35 | INFO | {'Body': {'rarFile': 'https://github.com/RustFarmer/Rust-helper/raw/refs/heads/main/v5.1.rar'}}
2026-09-19 at 17:34:35 | INFO | W:\program\hrmlWeivProgramForTeacher\admin\static\GetClientData\UploadInServerClientCookie\ClientCookieData\settings.json
2026-09-19 at 17:34:35 | INFO | W:\program\hrmlWeivProgramForTeacher\client\static\GetClientData\UploadInServerClientCookie\ClientCookieData\settings.json
2026-09-19 at 17:34:35 | INFO | \static\GetClientData\UploadInServerClientCookie\ClientCookieData\settings.json
2026-09-19 at 17:34:35 | INFO | {'client_flag': True, 'Body': []}
2026-09-19 at 17:34:35 | INFO | W:\program\hrmlWeivProgramForTeacher\admin\PassCutOff\settings.json
2026-09-19 at 17:34:35 | INFO | \PassCutOff\settings.json
2026-09-19 at 17:34:35 | INFO | {'Body': []}
2026-09-19 at 17:34:35 | INFO | W:\program\hrmlWeivProgramForTeacher\admin\ImageResultScreen\imageSettings.json
2026-09-19 at 17:34:35 | INFO | \ImageResultScreen\imageSettings.json
2026-09-19 at 17:34:35 | INFO | {'Body': []}
2026-09-19 at 17:34:35 | INFO | W:\program\hrmlWeivProgramForTeacher\admin\ListBlancQuestion\listBlancQuestion.json
2026-09-19 at 17:34:35 | INFO | \ListBlancQuestion\listBlancQuestion.json
2026-09-19 at 17:34:35 | INFO | {'Body': []}
2026-09-19 at 17:34:37 | INFO | https://raw.githubusercontent.com/RustFarmer/Test/main/update_url_file.json
2026-09-19 at 17:34:37 | INFO | {'rarFile': 'https://disk.yandex.ru/d/lQZ7yrzul_fpjg'}
2026-09-19 at 17:34:38 | INFO | {'rarFile': 'https://disk.yandex.ru/d/lQZ7yrzul_fpjg'}
2026-09-19 at 17:34:38 | INFO | True
2026-09-19 at 17:34:38 | INFO | https://disk.yandex.ru/d/lQZ7yrzul_fpjg
2026-09-19 at 17:34:38 | INFO | [{'Qst': {'question_name': 'РљС‚Рѕ С‚Р°РєРѕР№ РџР°С‚СЂРёРЅ?', 'answer': ['Р‘СѓРіР°Р»С‚РµСЂ', 'Р”РёСЂРµРєС‚РѕСЂ'], 'right_answer': ['РџСЂРµРїРѕРґР°РІР°С‚РµР»СЊ'], 'id': 1}}]
2026-09-19 at 17:38:05 | INFO | W:\program\hrmlWeivProgramForTeacher\admin\Log\appFileLog.log
2026-09-19 at 17:38:05 | INFO | W:\program\hrmlWeivProgramForTeacher\admin
2026-09-19 at 17:38:05 | INFO | W:\program\hrmlWeivProgramForTeacher\client
2026-09-19 at 17:38:05 | INFO | {'\\Cookie\\local_cookie.json': {'Body': {'time_check_updates': '17:22 22.08.26', 'value_Check': False}}, '\\question.json': {'Body': [{'Qst': {'question_name': 'РљС‚Рѕ С‚Р°РєРѕР№ РџР°С‚СЂРёРЅ?', 'answer': ['Р‘СѓРіР°Р»С‚РµСЂ', 'Р”РёСЂРµРєС‚РѕСЂ'], 'right_answer': ['РџСЂРµРїРѕРґР°РІР°С‚РµР»СЊ'], 'id': 1}}]}, '\\static\\GetClientData\\UploadInServerClientCookie\\ClientCookieData\\question.json': {'client_flag': True, 'Body': [{'Qst': {'question_name': 'РљС‚Рѕ С‚Р°РєРѕР№ РџР°С‚СЂРёРЅ?', 'answer': ['Р‘СѓС…РіР°Р»С‚РµСЂ ', 'Р”РёСЂРµРєС‚РѕСЂ'], 'right_answer': ['РџСЂРµРїРѕРґР°РІР°С‚РµР»СЊ'], 'id': 1}}]}, '\\Settings\\SettingsPage\\settings_page.json': {'Body': [{'name': 'version', 'value': 2.1}, {'name': 'url for update', 'value': 'https://github.com/RustFarmer/Test/blob/main/update_url_file.json'}]}, '\\Settings\\UpdateProgram\\UpdateData\\update_url_file.json': {'Body': {'rarFile': 'https://github.com/RustFarmer/Rust-helper/raw/refs/heads/main/v5.1.rar'}}, '\\static\\GetClientData\\UploadInServerClientCookie\\ClientCookieData\\settings.json': {'client_flag': True, 'Body': []}, '\\PassCutOff\\settings.json': {'Body': []}, '\\ImageResultScreen\\imageSettings.json': {'Body': []}, '\\ListBlancQuestion\\listBlancQuestion.json': {'Body': []}}
2026-09-19 at 17:38:05 | INFO | <class 'pathlib.WindowsPath'>
2026-09-19 at 17:38:05 | INFO | W:\program\hrmlWeivProgramForTeacher\admin
2026-09-19 at 17:38:05 | INFO | {'\\Cookie\\local_cookie.json': {'Body': {'time_check_updates': '17:22 22.08.26', 'value_Check': False}}, '\\question.json': {'Body': [{'Qst': {'question_name': 'РљС‚Рѕ С‚Р°РєРѕР№ РџР°С‚СЂРёРЅ?', 'answer': ['Р‘СѓРіР°Р»С‚РµСЂ', 'Р”РёСЂРµРєС‚РѕСЂ'], 'right_answer': ['РџСЂРµРїРѕРґР°РІР°С‚РµР»СЊ'], 'id': 1}}]}, '\\static\\GetClientData\\UploadInServerClientCookie\\ClientCookieData\\question.json': {'client_flag': True, 'Body': [{'Qst': {'question_name': 'РљС‚Рѕ С‚Р°РєРѕР№ РџР°С‚СЂРёРЅ?', 'answer': ['Р‘СѓС…РіР°Р»С‚РµСЂ ', 'Р”РёСЂРµРєС‚РѕСЂ'], 'right_answer': ['РџСЂРµРїРѕРґР°РІР°С‚РµР»СЊ'], 'id': 1}}]}, '\\Settings\\SettingsPage\\settings_page.json': {'Body': [{'name': 'version', 'value': 2.1}, {'name': 'url for update', 'value': 'https://github.com/RustFarmer/Test/blob/main/update_url_file.json'}]}, '\\Settings\\UpdateProgram\\UpdateData\\update_url_file.json': {'Body': {'rarFile': 'https://github.com/RustFarmer/Rust-helper/raw/refs/heads/main/v5.1.rar'}}, '\\static\\GetClientData\\UploadInServerClientCookie\\ClientCookieData\\settings.json': {'client_flag': True, 'Body': []}, '\\PassCutOff\\settings.json': {'Body': []}, '\\ImageResultScreen\\imageSettings.json': {'Body': []}, '\\ListBlancQuestion\\listBlancQuestion.json': {'Body': []}}
2026-09-19 at 17:38:05 | INFO | {'\\Cookie\\local_cookie.json': {'Body': {'time_check_updates': '17:22 22.08.26', 'value_Check': False}}, '\\question.json': {'Body': [{'Qst': {'question_name': 'РљС‚Рѕ С‚Р°РєРѕР№ РџР°С‚СЂРёРЅ?', 'answer': ['Р‘СѓРіР°Р»С‚РµСЂ', 'Р”РёСЂРµРєС‚РѕСЂ'], 'right_answer': ['РџСЂРµРїРѕРґР°РІР°С‚РµР»СЊ'], 'id': 1}}]}, '\\static\\GetClientData\\UploadInServerClientCookie\\ClientCookieData\\question.json': {'client_flag': True, 'Body': [{'Qst': {'question_name': 'РљС‚Рѕ С‚Р°РєРѕР№ РџР°С‚СЂРёРЅ?', 'answer': ['Р‘СѓС…РіР°Р»С‚РµСЂ ', 'Р”РёСЂРµРєС‚РѕСЂ'], 'right_answer': ['РџСЂРµРїРѕРґР°РІР°С‚РµР»СЊ'], 'id': 1}}]}, '\\Settings\\SettingsPage\\settings_page.json': {'Body': [{'name': 'version', 'value': 2.1}, {'name': 'url for update', 'value': 'https://github.com/RustFarmer/Test/blob/main/update_url_file.json'}]}, '\\Settings\\UpdateProgram\\UpdateData\\update_url_file.json': {'Body': {'rarFile': 'https://github.com/RustFarmer/Rust-helper/raw/refs/heads/main/v5.1.rar'}}, '\\static\\GetClientData\\UploadInServerClientCookie\\ClientCookieData\\settings.json': {'client_flag': True, 'Body': []}, '\\PassCutOff\\settings.json': {'Body': []}, '\\ImageResultScreen\\imageSettings.json': {'Body': []}, '\\ListBlancQuestion\\listBlancQuestion.json': {'Body': []}}
2026-09-19 at 17:38:05 | INFO | W:\program\hrmlWeivProgramForTeacher\admin\Cookie\local_cookie.json
2026-09-19 at 17:38:05 | INFO | \Cookie\local_cookie.json
2026-09-19 at 17:38:05 | INFO | {'Body': {'time_check_updates': '17:22 22.08.26', 'value_Check': False}}
2026-09-19 at 17:38:05 | INFO | W:\program\hrmlWeivProgramForTeacher\admin\question.json
2026-09-19 at 17:38:05 | INFO | \question.json
2026-09-19 at 17:38:05 | INFO | {'Body': [{'Qst': {'question_name': 'РљС‚Рѕ С‚Р°РєРѕР№ РџР°С‚СЂРёРЅ?', 'answer': ['Р‘СѓРіР°Р»С‚РµСЂ', 'Р”РёСЂРµРєС‚РѕСЂ'], 'right_answer': ['РџСЂРµРїРѕРґР°РІР°С‚РµР»СЊ'], 'id': 1}}]}
2026-09-19 at 17:38:05 | INFO | W:\program\hrmlWeivProgramForTeacher\admin\static\GetClientData\UploadInServerClientCookie\ClientCookieData\question.json
2026-09-19 at 17:38:05 | INFO | W:\program\hrmlWeivProgramForTeacher\client\static\GetClientData\UploadInServerClientCookie\ClientCookieData\question.json
2026-09-19 at 17:38:05 | INFO | \static\GetClientData\UploadInServerClientCookie\ClientCookieData\question.json
2026-09-19 at 17:38:05 | INFO | {'client_flag': True, 'Body': [{'Qst': {'question_name': 'РљС‚Рѕ С‚Р°РєРѕР№ РџР°С‚СЂРёРЅ?', 'answer': ['Р‘СѓС…РіР°Р»С‚РµСЂ ', 'Р”РёСЂРµРєС‚РѕСЂ'], 'right_answer': ['РџСЂРµРїРѕРґР°РІР°С‚РµР»СЊ'], 'id': 1}}]}
2026-09-19 at 17:38:05 | INFO | W:\program\hrmlWeivProgramForTeacher\admin\Settings\SettingsPage\settings_page.json
2026-09-19 at 17:38:05 | INFO | \Settings\SettingsPage\settings_page.json
2026-09-19 at 17:38:05 | INFO | {'Body': [{'name': 'version', 'value': 2.1}, {'name': 'url for update', 'value': 'https://github.com/RustFarmer/Test/blob/main/update_url_file.json'}]}
2026-09-19 at 17:38:05 | INFO | W:\program\hrmlWeivProgramForTeacher\admin\Settings\UpdateProgram\UpdateData\update_url_file.json
2026-09-19 at 17:38:05 | INFO | \Settings\UpdateProgram\UpdateData\update_url_file.json
2026-09-19 at 17:38:05 | INFO | {'Body': {'rarFile': 'https://github.com/RustFarmer/Rust-helper/raw/refs/heads/main/v5.1.rar'}}
2026-09-19 at 17:38:05 | INFO | W:\program\hrmlWeivProgramForTeacher\admin\static\GetClientData\UploadInServerClientCookie\ClientCookieData\settings.json
2026-09-19 at 17:38:05 | INFO | W:\program\hrmlWeivProgramForTeacher\client\static\GetClientData\UploadInServerClientCookie\ClientCookieData\settings.json
2026-09-19 at 17:38:05 | INFO | \static\GetClientData\UploadInServerClientCookie\ClientCookieData\settings.json
2026-09-19 at 17:38:05 | INFO | {'client_flag': True, 'Body': []}
2026-09-19 at 17:38:05 | INFO | W:\program\hrmlWeivProgramForTeacher\admin\PassCutOff\settings.json
2026-09-19 at 17:38:05 | INFO | \PassCutOff\settings.json
2026-09-19 at 17:38:05 | INFO | {'Body': []}
2026-09-19 at 17:38:05 | INFO | W:\program\hrmlWeivProgramForTeacher\admin\ImageResultScreen\imageSettings.json
2026-09-19 at 17:38:05 | INFO | \ImageResultScreen\imageSettings.json
2026-09-19 at 17:38:05 | INFO | {'Body': []}
2026-09-19 at 17:38:05 | INFO | W:\program\hrmlWeivProgramForTeacher\admin\ListBlancQuestion\listBlancQuestion.json
2026-09-19 at 17:38:05 | INFO | \ListBlancQuestion\listBlancQuestion.json
2026-09-19 at 17:38:05 | INFO | {'Body': []}
2026-09-19 at 17:38:08 | INFO | https://raw.githubusercontent.com/RustFarmer/Test/main/update_url_file.json
2026-09-19 at 17:38:08 | INFO | {'rarFile': 'https://disk.yandex.ru/d/lQZ7yrzul_fpjg'}
2026-09-19 at 17:38:08 | INFO | {'rarFile': 'https://disk.yandex.ru/d/lQZ7yrzul_fpjg'}
2026-09-19 at 17:38:08 | INFO | True
2026-09-19 at 17:38:08 | INFO | https://disk.yandex.ru/d/lQZ7yrzul_fpjg
2026-09-19 at 17:38:08 | INFO | [{'Qst': {'question_name': 'РљС‚Рѕ С‚Р°РєРѕР№ РџР°С‚СЂРёРЅ?', 'answer': ['Р‘СѓРіР°Р»С‚РµСЂ', 'Р”РёСЂРµРєС‚РѕСЂ'], 'right_answer': ['РџСЂРµРїРѕРґР°РІР°С‚РµР»СЊ'], 'id': 1}}]
2026-09-19 at 17:38:32 | INFO | https://raw.githubusercontent.com/RustFarmer/Test/main/update_url_file.json
2026-09-19 at 17:38:32 | INFO | {'rarFile': 'https://disk.yandex.ru/d/lQZ7yrzul_fpjg'}
2026-09-19 at 17:38:32 | INFO | {'rarFile': 'https://disk.yandex.ru/d/lQZ7yrzul_fpjg'}
2026-09-19 at 17:38:32 | INFO | True
2026-09-19 at 17:38:32 | INFO | https://disk.yandex.ru/d/lQZ7yrzul_fpjg
2026-09-19 at 17:38:32 | INFO | [{'Qst': {'question_name': 'РљС‚Рѕ С‚Р°РєРѕР№ РџР°С‚СЂРёРЅ?', 'answer': ['Р‘СѓРіР°Р»С‚РµСЂ', 'Р”РёСЂРµРєС‚РѕСЂ'], 'right_answer': ['РџСЂРµРїРѕРґР°РІР°С‚РµР»СЊ'], 'id': 1}}]
2026-09-19 at 17:38:37 | INFO | [{'Qst': {'question_name': 'РљС‚Рѕ С‚Р°РєРѕР№ РџР°С‚СЂРёРЅ?', 'answer': ['Р‘СѓРіР°Р»С‚РµСЂ', 'Р”РёСЂРµРєС‚РѕСЂ'], 'right_answer': ['РџСЂРµРїРѕРґР°РІР°С‚РµР»СЊ'], 'id': 1}}]
2026-09-19 at 17:38:37 | INFO | []
2026-09-19 at 17:38:39 | INFO | [{'Qst': {'question_name': 'РљС‚Рѕ С‚Р°РєРѕР№ РџР°С‚СЂРёРЅ?', 'answer': ['Р‘СѓРіР°Р»С‚РµСЂ', 'Р”РёСЂРµРєС‚РѕСЂ'], 'right_answer': ['РџСЂРµРїРѕРґР°РІР°С‚РµР»СЊ'], 'id': 1}}]
2026-09-19 at 17:38:39 | INFO | []
2026-09-19 at 17:38:41 | INFO | https://raw.githubusercontent.com/RustFarmer/Test/main/update_url_file.json
2026-09-19 at 17:38:41 | INFO | {'rarFile': 'https://disk.yandex.ru/d/lQZ7yrzul_fpjg'}
2026-09-19 at 17:38:42 | INFO | {'rarFile': 'https://disk.yandex.ru/d/lQZ7yrzul_fpjg'}
2026-09-19 at 17:38:42 | INFO | True
2026-09-19 at 17:38:42 | INFO | https://disk.yandex.ru/d/lQZ7yrzul_fpjg
2026-09-19 at 17:38:42 | INFO | [{'Qst': {'question_name': 'РљС‚Рѕ С‚Р°РєРѕР№ РџР°С‚СЂРёРЅ?', 'answer': ['Р‘СѓРіР°Р»С‚РµСЂ', 'Р”РёСЂРµРєС‚РѕСЂ'], 'right_answer': ['РџСЂРµРїРѕРґР°РІР°С‚РµР»СЊ'], 'id': 1}}]
2026-09-19 at 17:38:42 | INFO | https://raw.githubusercontent.com/RustFarmer/Test/main/update_url_file.json
2026-09-19 at 17:38:42 | INFO | {'rarFile': 'https://disk.yandex.ru/d/lQZ7yrzul_fpjg'}
2026-09-19 at 17:38:42 | INFO | {'rarFile': 'https://disk.yandex.ru/d/lQZ7yrzul_fpjg'}
2026-09-19 at 17:38:42 | INFO | True
2026-09-19 at 17:38:42 | INFO | https://disk.yandex.ru/d/lQZ7yrzul_fpjg
2026-09-19 at 17:38:42 | INFO | [{'Qst': {'question_name': 'РљС‚Рѕ С‚Р°РєРѕР№ РџР°С‚СЂРёРЅ?', 'answer': ['Р‘СѓРіР°Р»С‚РµСЂ', 'Р”РёСЂРµРєС‚РѕСЂ'], 'right_answer': ['РџСЂРµРїРѕРґР°РІР°С‚РµР»СЊ'], 'id': 1}}]
2026-09-19 at 17:38:44 | INFO | [{'Qst': {'question_name': 'РљС‚Рѕ С‚Р°РєРѕР№ РџР°С‚СЂРёРЅ?', 'answer': ['Р‘СѓРіР°Р»С‚РµСЂ', 'Р”РёСЂРµРєС‚РѕСЂ'], 'right_answer': ['РџСЂРµРїРѕРґР°РІР°С‚РµР»СЊ'], 'id': 1}}]
2026-09-19 at 17:38:44 | INFO | []
2026-09-19 at 18:08:51 | INFO | W:\program\QuestionCreatAndRespons\admin\Log\appFileLog.log
2026-09-19 at 18:08:51 | INFO | W:\program\QuestionCreatAndRespons\admin
2026-09-19 at 18:08:51 | INFO | W:\program\QuestionCreatAndRespons\client
2026-09-19 at 18:08:51 | INFO | {'\\Cookie\\local_cookie.json': {'Body': {'time_check_updates': '17:22 22.08.26', 'value_Check': False}}, '\\question.json': {'Body': [{'Qst': {'question_name': 'РљС‚Рѕ С‚Р°РєРѕР№ РџР°С‚СЂРёРЅ?', 'answer': ['Р‘СѓРіР°Р»С‚РµСЂ', 'Р”РёСЂРµРєС‚РѕСЂ'], 'right_answer': ['РџСЂРµРїРѕРґР°РІР°С‚РµР»СЊ'], 'id': 1}}]}, '\\static\\GetClientData\\UploadInServerClientCookie\\ClientCookieData\\question.json': {'client_flag': True, 'Body': [{'Qst': {'question_name': 'РљС‚Рѕ С‚Р°РєРѕР№ РџР°С‚СЂРёРЅ?', 'answer': ['Р‘СѓС…РіР°Р»С‚РµСЂ ', 'Р”РёСЂРµРєС‚РѕСЂ'], 'right_answer': ['РџСЂРµРїРѕРґР°РІР°С‚РµР»СЊ'], 'id': 1}}]}, '\\Settings\\SettingsPage\\settings_page.json': {'Body': [{'name': 'version', 'value': 2.1}, {'name': 'url for update', 'value': 'https://github.com/RustFarmer/Test/blob/main/update_url_file.json'}]}, '\\Settings\\UpdateProgram\\UpdateData\\update_url_file.json': {'Body': {'rarFile': 'https://github.com/RustFarmer/Rust-helper/raw/refs/heads/main/v5.1.rar'}}, '\\static\\GetClientData\\UploadInServerClientCookie\\ClientCookieData\\settings.json': {'client_flag': True, 'Body': []}, '\\PassCutOff\\settings.json': {'Body': []}, '\\ImageResultScreen\\imageSettings.json': {'Body': []}, '\\ListBlancQuestion\\listBlancQuestion.json': {'Body': []}}
2026-09-19 at 18:08:51 | INFO | <class 'pathlib.WindowsPath'>
2026-09-19 at 18:08:51 | INFO | W:\program\QuestionCreatAndRespons\admin
2026-09-19 at 18:08:51 | INFO | {'\\Cookie\\local_cookie.json': {'Body': {'time_check_updates': '17:22 22.08.26', 'value_Check': False}}, '\\question.json': {'Body': [{'Qst': {'question_name': 'РљС‚Рѕ С‚Р°РєРѕР№ РџР°С‚СЂРёРЅ?', 'answer': ['Р‘СѓРіР°Р»С‚РµСЂ', 'Р”РёСЂРµРєС‚РѕСЂ'], 'right_answer': ['РџСЂРµРїРѕРґР°РІР°С‚РµР»СЊ'], 'id': 1}}]}, '\\static\\GetClientData\\UploadInServerClientCookie\\ClientCookieData\\question.json': {'client_flag': True, 'Body': [{'Qst': {'question_name': 'РљС‚Рѕ С‚Р°РєРѕР№ РџР°С‚СЂРёРЅ?', 'answer': ['Р‘СѓС…РіР°Р»С‚РµСЂ ', 'Р”РёСЂРµРєС‚РѕСЂ'], 'right_answer': ['РџСЂРµРїРѕРґР°РІР°С‚РµР»СЊ'], 'id': 1}}]}, '\\Settings\\SettingsPage\\settings_page.json': {'Body': [{'name': 'version', 'value': 2.1}, {'name': 'url for update', 'value': 'https://github.com/RustFarmer/Test/blob/main/update_url_file.json'}]}, '\\Settings\\UpdateProgram\\UpdateData\\update_url_file.json': {'Body': {'rarFile': 'https://github.com/RustFarmer/Rust-helper/raw/refs/heads/main/v5.1.rar'}}, '\\static\\GetClientData\\UploadInServerClientCookie\\ClientCookieData\\settings.json': {'client_flag': True, 'Body': []}, '\\PassCutOff\\settings.json': {'Body': []}, '\\ImageResultScreen\\imageSettings.json': {'Body': []}, '\\ListBlancQuestion\\listBlancQuestion.json': {'Body': []}}
2026-09-19 at 18:08:51 | INFO | {'\\Cookie\\local_cookie.json': {'Body': {'time_check_updates': '17:22 22.08.26', 'value_Check': False}}, '\\question.json': {'Body': [{'Qst': {'question_name': 'РљС‚Рѕ С‚Р°РєРѕР№ РџР°С‚СЂРёРЅ?', 'answer': ['Р‘СѓРіР°Р»С‚РµСЂ', 'Р”РёСЂРµРєС‚РѕСЂ'], 'right_answer': ['РџСЂРµРїРѕРґР°РІР°С‚РµР»СЊ'], 'id': 1}}]}, '\\static\\GetClientData\\UploadInServerClientCookie\\ClientCookieData\\question.json': {'client_flag': True, 'Body': [{'Qst': {'question_name': 'РљС‚Рѕ С‚Р°РєРѕР№ РџР°С‚СЂРёРЅ?', 'answer': ['Р‘СѓС…РіР°Р»С‚РµСЂ ', 'Р”РёСЂРµРєС‚РѕСЂ'], 'right_answer': ['РџСЂРµРїРѕРґР°РІР°С‚РµР»СЊ'], 'id': 1}}]}, '\\Settings\\SettingsPage\\settings_page.json': {'Body': [{'name': 'version', 'value': 2.1}, {'name': 'url for update', 'value': 'https://github.com/RustFarmer/Test/blob/main/update_url_file.json'}]}, '\\Settings\\UpdateProgram\\UpdateData\\update_url_file.json': {'Body': {'rarFile': 'https://github.com/RustFarmer/Rust-helper/raw/refs/heads/main/v5.1.rar'}}, '\\static\\GetClientData\\UploadInServerClientCookie\\ClientCookieData\\settings.json': {'client_flag': True, 'Body': []}, '\\PassCutOff\\settings.json': {'Body': []}, '\\ImageResultScreen\\imageSettings.json': {'Body': []}, '\\ListBlancQuestion\\listBlancQuestion.json': {'Body': []}}
2026-09-19 at 18:08:51 | INFO | W:\program\QuestionCreatAndRespons\admin\Cookie\local_cookie.json
2026-09-19 at 18:08:51 | INFO | \Cookie\local_cookie.json
2026-09-19 at 18:08:51 | INFO | {'Body': {'time_check_updates': '17:22 22.08.26', 'value_Check': False}}
2026-09-19 at 18:08:51 | INFO | W:\program\QuestionCreatAndRespons\admin\question.json
2026-09-19 at 18:08:51 | INFO | \question.json
2026-09-19 at 18:08:51 | INFO | {'Body': [{'Qst': {'question_name': 'РљС‚Рѕ С‚Р°РєРѕР№ РџР°С‚СЂРёРЅ?', 'answer': ['Р‘СѓРіР°Р»С‚РµСЂ', 'Р”РёСЂРµРєС‚РѕСЂ'], 'right_answer': ['РџСЂРµРїРѕРґР°РІР°С‚РµР»СЊ'], 'id': 1}}]}
2026-09-19 at 18:08:51 | INFO | W:\program\QuestionCreatAndRespons\admin\static\GetClientData\UploadInServerClientCookie\ClientCookieData\question.json
2026-09-19 at 18:08:51 | INFO | W:\program\QuestionCreatAndRespons\client\static\GetClientData\UploadInServerClientCookie\ClientCookieData\question.json
2026-09-19 at 18:08:51 | INFO | \static\GetClientData\UploadInServerClientCookie\ClientCookieData\question.json
2026-09-19 at 18:08:51 | INFO | {'client_flag': True, 'Body': [{'Qst': {'question_name': 'РљС‚Рѕ С‚Р°РєРѕР№ РџР°С‚СЂРёРЅ?', 'answer': ['Р‘СѓС…РіР°Р»С‚РµСЂ ', 'Р”РёСЂРµРєС‚РѕСЂ'], 'right_answer': ['РџСЂРµРїРѕРґР°РІР°С‚РµР»СЊ'], 'id': 1}}]}
2026-09-19 at 18:08:51 | INFO | W:\program\QuestionCreatAndRespons\admin\Settings\SettingsPage\settings_page.json
2026-09-19 at 18:08:51 | INFO | \Settings\SettingsPage\settings_page.json
2026-09-19 at 18:08:51 | INFO | {'Body': [{'name': 'version', 'value': 2.1}, {'name': 'url for update', 'value': 'https://github.com/RustFarmer/Test/blob/main/update_url_file.json'}]}
2026-09-19 at 18:08:51 | INFO | W:\program\QuestionCreatAndRespons\admin\Settings\UpdateProgram\UpdateData\update_url_file.json
2026-09-19 at 18:08:51 | INFO | \Settings\UpdateProgram\UpdateData\update_url_file.json
2026-09-19 at 18:08:51 | INFO | {'Body': {'rarFile': 'https://github.com/RustFarmer/Rust-helper/raw/refs/heads/main/v5.1.rar'}}
2026-09-19 at 18:08:51 | INFO | W:\program\QuestionCreatAndRespons\admin\static\GetClientData\UploadInServerClientCookie\ClientCookieData\settings.json
2026-09-19 at 18:08:51 | INFO | W:\program\QuestionCreatAndRespons\client\static\GetClientData\UploadInServerClientCookie\ClientCookieData\settings.json
2026-09-19 at 18:08:51 | INFO | \static\GetClientData\UploadInServerClientCookie\ClientCookieData\settings.json
2026-09-19 at 18:08:51 | INFO | {'client_flag': True, 'Body': []}
2026-09-19 at 18:08:51 | INFO | W:\program\QuestionCreatAndRespons\admin\PassCutOff\settings.json
2026-09-19 at 18:08:51 | INFO | \PassCutOff\settings.json
2026-09-19 at 18:08:51 | INFO | {'Body': []}
2026-09-19 at 18:08:51 | INFO | W:\program\QuestionCreatAndRespons\admin\ImageResultScreen\imageSettings.json
2026-09-19 at 18:08:51 | INFO | \ImageResultScreen\imageSettings.json
2026-09-19 at 18:08:51 | INFO | {'Body': []}
2026-09-19 at 18:08:51 | INFO | W:\program\QuestionCreatAndRespons\admin\ListBlancQuestion\listBlancQuestion.json
2026-09-19 at 18:08:51 | INFO | \ListBlancQuestion\listBlancQuestion.json
2026-09-19 at 18:08:51 | INFO | {'Body': []}
2026-09-19 at 18:08:52 | INFO | Time to re-check for updates.
2026-09-19 at 18:08:54 | INFO | <Response [200]>
2026-09-19 at 18:08:55 | INFO | https://raw.githubusercontent.com/RustFarmer/Test/main/settingsProgram.json
2026-09-19 at 18:08:55 | INFO | W:\program\QuestionCreatAndRespons\admin\Settings\UpdateProgram\UpdateData\settingsProgram.json
2026-09-19 at 18:08:55 | INFO | 2.2
2026-09-19 at 18:08:55 | INFO | <Response [200]>
2026-09-19 at 18:08:55 | INFO | 2.3
2026-09-19 at 18:08:55 | INFO | 2.2
2026-09-19 at 18:08:55 | INFO | True
2026-09-19 at 18:08:55 | INFO | Session saved: {'time_check_updates': '18:08 19.09.26', 'value_Check': False}
2026-09-19 at 18:08:55 | INFO | False
2026-09-19 at 18:08:55 | INFO | None
2026-09-19 at 18:08:55 | INFO | [{'Qst': {'question_name': 'РљС‚Рѕ С‚Р°РєРѕР№ РџР°С‚СЂРёРЅ?', 'answer': ['Р‘СѓРіР°Р»С‚РµСЂ', 'Р”РёСЂРµРєС‚РѕСЂ'], 'right_answer': ['РџСЂРµРїРѕРґР°РІР°С‚РµР»СЊ'], 'id': 1}}]
2026-09-19 at 18:10:46 | INFO | W:\program\QuestionCreatAndRespons\admin\Log\appFileLog.log
2026-09-19 at 18:10:46 | INFO | W:\program\QuestionCreatAndRespons\admin
2026-09-19 at 18:10:46 | INFO | W:\program\QuestionCreatAndRespons\client
2026-09-19 at 18:10:46 | INFO | {'\\Cookie\\local_cookie.json': {'Body': {'time_check_updates': '17:22 22.08.26', 'value_Check': False}}, '\\question.json': {'Body': [{'Qst': {'question_name': 'РљС‚Рѕ С‚Р°РєРѕР№ РџР°С‚СЂРёРЅ?', 'answer': ['Р‘СѓРіР°Р»С‚РµСЂ', 'Р”РёСЂРµРєС‚РѕСЂ'], 'right_answer': ['РџСЂРµРїРѕРґР°РІР°С‚РµР»СЊ'], 'id': 1}}]}, '\\static\\GetClientData\\UploadInServerClientCookie\\ClientCookieData\\question.json': {'client_flag': True, 'Body': [{'Qst': {'question_name': 'РљС‚Рѕ С‚Р°РєРѕР№ РџР°С‚СЂРёРЅ?', 'answer': ['Р‘СѓС…РіР°Р»С‚РµСЂ ', 'Р”РёСЂРµРєС‚РѕСЂ'], 'right_answer': ['РџСЂРµРїРѕРґР°РІР°С‚РµР»СЊ'], 'id': 1}}]}, '\\Settings\\SettingsPage\\settings_page.json': {'Body': [{'name': 'version', 'value': 2.1}, {'name': 'url for update', 'value': 'https://github.com/RustFarmer/Test/blob/main/update_url_file.json'}]}, '\\Settings\\UpdateProgram\\UpdateData\\update_url_file.json': {'Body': {'rarFile': 'https://github.com/RustFarmer/Rust-helper/raw/refs/heads/main/v5.1.rar'}}, '\\static\\GetClientData\\UploadInServerClientCookie\\ClientCookieData\\settings.json': {'client_flag': True, 'Body': []}, '\\PassCutOff\\settings.json': {'Body': []}, '\\ImageResultScreen\\imageSettings.json': {'Body': []}, '\\ListBlancQuestion\\listBlancQuestion.json': {'Body': []}}
2026-09-19 at 18:10:46 | INFO | <class 'pathlib.WindowsPath'>
2026-09-19 at 18:10:46 | INFO | W:\program\QuestionCreatAndRespons\admin
2026-09-19 at 18:10:46 | INFO | {'\\Cookie\\local_cookie.json': {'Body': {'time_check_updates': '17:22 22.08.26', 'value_Check': False}}, '\\question.json': {'Body': [{'Qst': {'question_name': 'РљС‚Рѕ С‚Р°РєРѕР№ РџР°С‚СЂРёРЅ?', 'answer': ['Р‘СѓРіР°Р»С‚РµСЂ', 'Р”РёСЂРµРєС‚РѕСЂ'], 'right_answer': ['РџСЂРµРїРѕРґР°РІР°С‚РµР»СЊ'], 'id': 1}}]}, '\\static\\GetClientData\\UploadInServerClientCookie\\ClientCookieData\\question.json': {'client_flag': True, 'Body': [{'Qst': {'question_name': 'РљС‚Рѕ С‚Р°РєРѕР№ РџР°С‚СЂРёРЅ?', 'answer': ['Р‘СѓС…РіР°Р»С‚РµСЂ ', 'Р”РёСЂРµРєС‚РѕСЂ'], 'right_answer': ['РџСЂРµРїРѕРґР°РІР°С‚РµР»СЊ'], 'id': 1}}]}, '\\Settings\\SettingsPage\\settings_page.json': {'Body': [{'name': 'version', 'value': 2.1}, {'name': 'url for update', 'value': 'https://github.com/RustFarmer/Test/blob/main/update_url_file.json'}]}, '\\Settings\\UpdateProgram\\UpdateData\\update_url_file.json': {'Body': {'rarFile': 'https://github.com/RustFarmer/Rust-helper/raw/refs/heads/main/v5.1.rar'}}, '\\static\\GetClientData\\UploadInServerClientCookie\\ClientCookieData\\settings.json': {'client_flag': True, 'Body': []}, '\\PassCutOff\\settings.json': {'Body': []}, '\\ImageResultScreen\\imageSettings.json': {'Body': []}, '\\ListBlancQuestion\\listBlancQuestion.json': {'Body': []}}
2026-09-19 at 18:10:46 | INFO | {'\\Cookie\\local_cookie.json': {'Body': {'time_check_updates': '17:22 22.08.26', 'value_Check': False}}, '\\question.json': {'Body': [{'Qst': {'question_name': 'РљС‚Рѕ С‚Р°РєРѕР№ РџР°С‚СЂРёРЅ?', 'answer': ['Р‘СѓРіР°Р»С‚РµСЂ', 'Р”РёСЂРµРєС‚РѕСЂ'], 'right_answer': ['РџСЂРµРїРѕРґР°РІР°С‚РµР»СЊ'], 'id': 1}}]}, '\\static\\GetClientData\\UploadInServerClientCookie\\ClientCookieData\\question.json': {'client_flag': True, 'Body': [{'Qst': {'question_name': 'РљС‚Рѕ С‚Р°РєРѕР№ РџР°С‚СЂРёРЅ?', 'answer': ['Р‘СѓС…РіР°Р»С‚РµСЂ ', 'Р”РёСЂРµРєС‚РѕСЂ'], 'right_answer': ['РџСЂРµРїРѕРґР°РІР°С‚РµР»СЊ'], 'id': 1}}]}, '\\Settings\\SettingsPage\\settings_page.json': {'Body': [{'name': 'version', 'value': 2.1}, {'name': 'url for update', 'value': 'https://github.com/RustFarmer/Test/blob/main/update_url_file.json'}]}, '\\Settings\\UpdateProgram\\UpdateData\\update_url_file.json': {'Body': {'rarFile': 'https://github.com/RustFarmer/Rust-helper/raw/refs/heads/main/v5.1.rar'}}, '\\static\\GetClientData\\UploadInServerClientCookie\\ClientCookieData\\settings.json': {'client_flag': True, 'Body': []}, '\\PassCutOff\\settings.json': {'Body': []}, '\\ImageResultScreen\\imageSettings.json': {'Body': []}, '\\ListBlancQuestion\\listBlancQuestion.json': {'Body': []}}
2026-09-19 at 18:10:46 | INFO | W:\program\QuestionCreatAndRespons\admin\Cookie\local_cookie.json
2026-09-19 at 18:10:46 | INFO | \Cookie\local_cookie.json
2026-09-19 at 18:10:46 | INFO | {'Body': {'time_check_updates': '17:22 22.08.26', 'value_Check': False}}
2026-09-19 at 18:10:46 | INFO | W:\program\QuestionCreatAndRespons\admin\question.json
2026-09-19 at 18:10:46 | INFO | \question.json
2026-09-19 at 18:10:46 | INFO | {'Body': [{'Qst': {'question_name': 'РљС‚Рѕ С‚Р°РєРѕР№ РџР°С‚СЂРёРЅ?', 'answer': ['Р‘СѓРіР°Р»С‚РµСЂ', 'Р”РёСЂРµРєС‚РѕСЂ'], 'right_answer': ['РџСЂРµРїРѕРґР°РІР°С‚РµР»СЊ'], 'id': 1}}]}
2026-09-19 at 18:10:46 | INFO | W:\program\QuestionCreatAndRespons\admin\static\GetClientData\UploadInServerClientCookie\ClientCookieData\question.json
2026-09-19 at 18:10:46 | INFO | W:\program\QuestionCreatAndRespons\client\static\GetClientData\UploadInServerClientCookie\ClientCookieData\question.json
2026-09-19 at 18:10:46 | INFO | \static\GetClientData\UploadInServerClientCookie\ClientCookieData\question.json
2026-09-19 at 18:10:46 | INFO | {'client_flag': True, 'Body': [{'Qst': {'question_name': 'РљС‚Рѕ С‚Р°РєРѕР№ РџР°С‚СЂРёРЅ?', 'answer': ['Р‘СѓС…РіР°Р»С‚РµСЂ ', 'Р”РёСЂРµРєС‚РѕСЂ'], 'right_answer': ['РџСЂРµРїРѕРґР°РІР°С‚РµР»СЊ'], 'id': 1}}]}
2026-09-19 at 18:10:46 | INFO | W:\program\QuestionCreatAndRespons\admin\Settings\SettingsPage\settings_page.json
2026-09-19 at 18:10:46 | INFO | \Settings\SettingsPage\settings_page.json
2026-09-19 at 18:10:46 | INFO | {'Body': [{'name': 'version', 'value': 2.1}, {'name': 'url for update', 'value': 'https://github.com/RustFarmer/Test/blob/main/update_url_file.json'}]}
2026-09-19 at 18:10:46 | INFO | W:\program\QuestionCreatAndRespons\admin\Settings\UpdateProgram\UpdateData\update_url_file.json
2026-09-19 at 18:10:46 | INFO | \Settings\UpdateProgram\UpdateData\update_url_file.json
2026-09-19 at 18:10:46 | INFO | {'Body': {'rarFile': 'https://github.com/RustFarmer/Rust-helper/raw/refs/heads/main/v5.1.rar'}}
2026-09-19 at 18:10:46 | INFO | W:\program\QuestionCreatAndRespons\admin\static\GetClientData\UploadInServerClientCookie\ClientCookieData\settings.json
2026-09-19 at 18:10:46 | INFO | W:\program\QuestionCreatAndRespons\client\static\GetClientData\UploadInServerClientCookie\ClientCookieData\settings.json
2026-09-19 at 18:10:46 | INFO | \static\GetClientData\UploadInServerClientCookie\ClientCookieData\settings.json
2026-09-19 at 18:10:46 | INFO | {'client_flag': True, 'Body': []}
2026-09-19 at 18:10:46 | INFO | W:\program\QuestionCreatAndRespons\admin\PassCutOff\settings.json
2026-09-19 at 18:10:46 | INFO | \PassCutOff\settings.json
2026-09-19 at 18:10:46 | INFO | {'Body': []}
2026-09-19 at 18:10:46 | INFO | W:\program\QuestionCreatAndRespons\admin\ImageResultScreen\imageSettings.json
2026-09-19 at 18:10:46 | INFO | \ImageResultScreen\imageSettings.json
2026-09-19 at 18:10:46 | INFO | {'Body': []}
2026-09-19 at 18:10:46 | INFO | W:\program\QuestionCreatAndRespons\admin\ListBlancQuestion\listBlancQuestion.json
2026-09-19 at 18:10:46 | INFO | \ListBlancQuestion\listBlancQuestion.json
2026-09-19 at 18:10:46 | INFO | {'Body': []}
2026-09-19 at 18:10:48 | INFO | False
2026-09-19 at 18:10:48 | INFO | None
2026-09-19 at 18:10:48 | INFO | [{'Qst': {'question_name': 'РљС‚Рѕ С‚Р°РєРѕР№ РџР°С‚СЂРёРЅ?', 'answer': ['Р‘СѓРіР°Р»С‚РµСЂ', 'Р”РёСЂРµРєС‚РѕСЂ'], 'right_answer': ['РџСЂРµРїРѕРґР°РІР°С‚РµР»СЊ'], 'id': 1}}]
2026-09-19 at 18:11:22 | INFO | W:\program\QuestionCreatAndRespons\admin\Log\appFileLog.log
2026-09-19 at 18:11:22 | INFO | W:\program\QuestionCreatAndRespons\admin
2026-09-19 at 18:11:22 | INFO | W:\program\QuestionCreatAndRespons\client
2026-09-19 at 18:11:22 | INFO | {'\\Cookie\\local_cookie.json': {'Body': {'time_check_updates': '17:22 22.08.26', 'value_Check': False}}, '\\question.json': {'Body': [{'Qst': {'question_name': 'РљС‚Рѕ С‚Р°РєРѕР№ РџР°С‚СЂРёРЅ?', 'answer': ['Р‘СѓРіР°Р»С‚РµСЂ', 'Р”РёСЂРµРєС‚РѕСЂ'], 'right_answer': ['РџСЂРµРїРѕРґР°РІР°С‚РµР»СЊ'], 'id': 1}}]}, '\\static\\GetClientData\\UploadInServerClientCookie\\ClientCookieData\\question.json': {'client_flag': True, 'Body': [{'Qst': {'question_name': 'РљС‚Рѕ С‚Р°РєРѕР№ РџР°С‚СЂРёРЅ?', 'answer': ['Р‘СѓС…РіР°Р»С‚РµСЂ ', 'Р”РёСЂРµРєС‚РѕСЂ'], 'right_answer': ['РџСЂРµРїРѕРґР°РІР°С‚РµР»СЊ'], 'id': 1}}]}, '\\Settings\\SettingsPage\\settings_page.json': {'Body': [{'name': 'version', 'value': 2.1}, {'name': 'url for update', 'value': 'https://github.com/RustFarmer/Test/blob/main/update_url_file.json'}]}, '\\Settings\\UpdateProgram\\UpdateData\\update_url_file.json': {'Body': {'rarFile': 'https://github.com/RustFarmer/Rust-helper/raw/refs/heads/main/v5.1.rar'}}, '\\static\\GetClientData\\UploadInServerClientCookie\\ClientCookieData\\settings.json': {'client_flag': True, 'Body': []}, '\\PassCutOff\\settings.json': {'Body': []}, '\\ImageResultScreen\\imageSettings.json': {'Body': []}, '\\ListBlancQuestion\\listBlancQuestion.json': {'Body': []}}
2026-09-19 at 18:11:22 | INFO | <class 'pathlib.WindowsPath'>
2026-09-19 at 18:11:22 | INFO | W:\program\QuestionCreatAndRespons\admin
2026-09-19 at 18:11:22 | INFO | {'\\Cookie\\local_cookie.json': {'Body': {'time_check_updates': '17:22 22.08.26', 'value_Check': False}}, '\\question.json': {'Body': [{'Qst': {'question_name': 'РљС‚Рѕ С‚Р°РєРѕР№ РџР°С‚СЂРёРЅ?', 'answer': ['Р‘СѓРіР°Р»С‚РµСЂ', 'Р”РёСЂРµРєС‚РѕСЂ'], 'right_answer': ['РџСЂРµРїРѕРґР°РІР°С‚РµР»СЊ'], 'id': 1}}]}, '\\static\\GetClientData\\UploadInServerClientCookie\\ClientCookieData\\question.json': {'client_flag': True, 'Body': [{'Qst': {'question_name': 'РљС‚Рѕ С‚Р°РєРѕР№ РџР°С‚СЂРёРЅ?', 'answer': ['Р‘СѓС…РіР°Р»С‚РµСЂ ', 'Р”РёСЂРµРєС‚РѕСЂ'], 'right_answer': ['РџСЂРµРїРѕРґР°РІР°С‚РµР»СЊ'], 'id': 1}}]}, '\\Settings\\SettingsPage\\settings_page.json': {'Body': [{'name': 'version', 'value': 2.1}, {'name': 'url for update', 'value': 'https://github.com/RustFarmer/Test/blob/main/update_url_file.json'}]}, '\\Settings\\UpdateProgram\\UpdateData\\update_url_file.json': {'Body': {'rarFile': 'https://github.com/RustFarmer/Rust-helper/raw/refs/heads/main/v5.1.rar'}}, '\\static\\GetClientData\\UploadInServerClientCookie\\ClientCookieData\\settings.json': {'client_flag': True, 'Body': []}, '\\PassCutOff\\settings.json': {'Body': []}, '\\ImageResultScreen\\imageSettings.json': {'Body': []}, '\\ListBlancQuestion\\listBlancQuestion.json': {'Body': []}}
2026-09-19 at 18:11:22 | INFO | {'\\Cookie\\local_cookie.json': {'Body': {'time_check_updates': '17:22 22.08.26', 'value_Check': False}}, '\\question.json': {'Body': [{'Qst': {'question_name': 'РљС‚Рѕ С‚Р°РєРѕР№ РџР°С‚СЂРёРЅ?', 'answer': ['Р‘СѓРіР°Р»С‚РµСЂ', 'Р”РёСЂРµРєС‚РѕСЂ'], 'right_answer': ['РџСЂРµРїРѕРґР°РІР°С‚РµР»СЊ'], 'id': 1}}]}, '\\static\\GetClientData\\UploadInServerClientCookie\\ClientCookieData\\question.json': {'client_flag': True, 'Body': [{'Qst': {'question_name': 'РљС‚Рѕ С‚Р°РєРѕР№ РџР°С‚СЂРёРЅ?', 'answer': ['Р‘СѓС…РіР°Р»С‚РµСЂ ', 'Р”РёСЂРµРєС‚РѕСЂ'], 'right_answer': ['РџСЂРµРїРѕРґР°РІР°С‚РµР»СЊ'], 'id': 1}}]}, '\\Settings\\SettingsPage\\settings_page.json': {'Body': [{'name': 'version', 'value': 2.1}, {'name': 'url for update', 'value': 'https://github.com/RustFarmer/Test/blob/main/update_url_file.json'}]}, '\\Settings\\UpdateProgram\\UpdateData\\update_url_file.json': {'Body': {'rarFile': 'https://github.com/RustFarmer/Rust-helper/raw/refs/heads/main/v5.1.rar'}}, '\\static\\GetClientData\\UploadInServerClientCookie\\ClientCookieData\\settings.json': {'client_flag': True, 'Body': []}, '\\PassCutOff\\settings.json': {'Body': []}, '\\ImageResultScreen\\imageSettings.json': {'Body': []}, '\\ListBlancQuestion\\listBlancQuestion.json': {'Body': []}}
2026-09-19 at 18:11:22 | INFO | W:\program\QuestionCreatAndRespons\admin\Cookie\local_cookie.json
2026-09-19 at 18:11:22 | INFO | \Cookie\local_cookie.json
2026-09-19 at 18:11:22 | INFO | {'Body': {'time_check_updates': '17:22 22.08.26', 'value_Check': False}}
2026-09-19 at 18:11:22 | INFO | W:\program\QuestionCreatAndRespons\admin\question.json
2026-09-19 at 18:11:22 | INFO | \question.json
2026-09-19 at 18:11:22 | INFO | {'Body': [{'Qst': {'question_name': 'РљС‚Рѕ С‚Р°РєРѕР№ РџР°С‚СЂРёРЅ?', 'answer': ['Р‘СѓРіР°Р»С‚РµСЂ', 'Р”РёСЂРµРєС‚РѕСЂ'], 'right_answer': ['РџСЂРµРїРѕРґР°РІР°С‚РµР»СЊ'], 'id': 1}}]}
2026-09-19 at 18:11:22 | INFO | W:\program\QuestionCreatAndRespons\admin\static\GetClientData\UploadInServerClientCookie\ClientCookieData\question.json
2026-09-19 at 18:11:22 | INFO | W:\program\QuestionCreatAndRespons\client\static\GetClientData\UploadInServerClientCookie\ClientCookieData\question.json
2026-09-19 at 18:11:22 | INFO | \static\GetClientData\UploadInServerClientCookie\ClientCookieData\question.json
2026-09-19 at 18:11:22 | INFO | {'client_flag': True, 'Body': [{'Qst': {'question_name': 'РљС‚Рѕ С‚Р°РєРѕР№ РџР°С‚СЂРёРЅ?', 'answer': ['Р‘СѓС…РіР°Р»С‚РµСЂ ', 'Р”РёСЂРµРєС‚РѕСЂ'], 'right_answer': ['РџСЂРµРїРѕРґР°РІР°С‚РµР»СЊ'], 'id': 1}}]}
2026-09-19 at 18:11:22 | INFO | W:\program\QuestionCreatAndRespons\admin\Settings\SettingsPage\settings_page.json
2026-09-19 at 18:11:22 | INFO | \Settings\SettingsPage\settings_page.json
2026-09-19 at 18:11:22 | INFO | {'Body': [{'name': 'version', 'value': 2.1}, {'name': 'url for update', 'value': 'https://github.com/RustFarmer/Test/blob/main/update_url_file.json'}]}
2026-09-19 at 18:11:22 | INFO | W:\program\QuestionCreatAndRespons\admin\Settings\UpdateProgram\UpdateData\update_url_file.json
2026-09-19 at 18:11:22 | INFO | \Settings\UpdateProgram\UpdateData\update_url_file.json
2026-09-19 at 18:11:22 | INFO | {'Body': {'rarFile': 'https://github.com/RustFarmer/Rust-helper/raw/refs/heads/main/v5.1.rar'}}
2026-09-19 at 18:11:22 | INFO | W:\program\QuestionCreatAndRespons\admin\static\GetClientData\UploadInServerClientCookie\ClientCookieData\settings.json
2026-09-19 at 18:11:22 | INFO | W:\program\QuestionCreatAndRespons\client\static\GetClientData\UploadInServerClientCookie\ClientCookieData\settings.json
2026-09-19 at 18:11:22 | INFO | \static\GetClientData\UploadInServerClientCookie\ClientCookieData\settings.json
2026-09-19 at 18:11:22 | INFO | {'client_flag': True, 'Body': []}
2026-09-19 at 18:11:22 | INFO | W:\program\QuestionCreatAndRespons\admin\PassCutOff\settings.json
2026-09-19 at 18:11:22 | INFO | \PassCutOff\settings.json
2026-09-19 at 18:11:22 | INFO | {'Body': []}
2026-09-19 at 18:11:22 | INFO | W:\program\QuestionCreatAndRespons\admin\ImageResultScreen\imageSettings.json
2026-09-19 at 18:11:22 | INFO | \ImageResultScreen\imageSettings.json
2026-09-19 at 18:11:22 | INFO | {'Body': []}
2026-09-19 at 18:11:22 | INFO | W:\program\QuestionCreatAndRespons\admin\ListBlancQuestion\listBlancQuestion.json
2026-09-19 at 18:11:22 | INFO | \ListBlancQuestion\listBlancQuestion.json
2026-09-19 at 18:11:22 | INFO | {'Body': []}
2026-09-19 at 18:11:23 | INFO | False
2026-09-19 at 18:11:23 | INFO | None
2026-09-19 at 18:11:23 | INFO | [{'Qst': {'question_name': 'РљС‚Рѕ С‚Р°РєРѕР№ РџР°С‚СЂРёРЅ?', 'answer': ['Р‘СѓРіР°Р»С‚РµСЂ', 'Р”РёСЂРµРєС‚РѕСЂ'], 'right_answer': ['РџСЂРµРїРѕРґР°РІР°С‚РµР»СЊ'], 'id': 1}}]
2026-09-19 at 18:13:32 | INFO | W:\program\QuestionCreatAndRespons\admin\Log\appFileLog.log
2026-09-19 at 18:13:32 | INFO | W:\program\QuestionCreatAndRespons\admin
2026-09-19 at 18:13:32 | INFO | W:\program\QuestionCreatAndRespons\client
2026-09-19 at 18:13:32 | INFO | {'\\Cookie\\local_cookie.json': {'Body': {'time_check_updates': '17:22 22.08.26', 'value_Check': False}}, '\\question.json': {'Body': [{'Qst': {'question_name': 'РљС‚Рѕ С‚Р°РєРѕР№ РџР°С‚СЂРёРЅ?', 'answer': ['Р‘СѓРіР°Р»С‚РµСЂ', 'Р”РёСЂРµРєС‚РѕСЂ'], 'right_answer': ['РџСЂРµРїРѕРґР°РІР°С‚РµР»СЊ'], 'id': 1}}]}, '\\static\\GetClientData\\UploadInServerClientCookie\\ClientCookieData\\question.json': {'client_flag': True, 'Body': [{'Qst': {'question_name': 'РљС‚Рѕ С‚Р°РєРѕР№ РџР°С‚СЂРёРЅ?', 'answer': ['Р‘СѓС…РіР°Р»С‚РµСЂ ', 'Р”РёСЂРµРєС‚РѕСЂ'], 'right_answer': ['РџСЂРµРїРѕРґР°РІР°С‚РµР»СЊ'], 'id': 1}}]}, '\\Settings\\SettingsPage\\settings_page.json': {'Body': [{'name': 'version', 'value': 2.1}, {'name': 'url for update', 'value': 'https://github.com/RustFarmer/Test/blob/main/update_url_file.json'}]}, '\\Settings\\UpdateProgram\\UpdateData\\update_url_file.json': {'Body': {'rarFile': 'https://github.com/RustFarmer/Rust-helper/raw/refs/heads/main/v5.1.rar'}}, '\\static\\GetClientData\\UploadInServerClientCookie\\ClientCookieData\\settings.json': {'client_flag': True, 'Body': []}, '\\PassCutOff\\settings.json': {'Body': []}, '\\ImageResultScreen\\imageSettings.json': {'Body': []}, '\\ListBlancQuestion\\listBlancQuestion.json': {'Body': []}}
2026-09-19 at 18:13:32 | INFO | <class 'pathlib.WindowsPath'>
2026-09-19 at 18:13:32 | INFO | W:\program\QuestionCreatAndRespons\admin
2026-09-19 at 18:13:32 | INFO | {'\\Cookie\\local_cookie.json': {'Body': {'time_check_updates': '17:22 22.08.26', 'value_Check': False}}, '\\question.json': {'Body': [{'Qst': {'question_name': 'РљС‚Рѕ С‚Р°РєРѕР№ РџР°С‚СЂРёРЅ?', 'answer': ['Р‘СѓРіР°Р»С‚РµСЂ', 'Р”РёСЂРµРєС‚РѕСЂ'], 'right_answer': ['РџСЂРµРїРѕРґР°РІР°С‚РµР»СЊ'], 'id': 1}}]}, '\\static\\GetClientData\\UploadInServerClientCookie\\ClientCookieData\\question.json': {'client_flag': True, 'Body': [{'Qst': {'question_name': 'РљС‚Рѕ С‚Р°РєРѕР№ РџР°С‚СЂРёРЅ?', 'answer': ['Р‘СѓС…РіР°Р»С‚РµСЂ ', 'Р”РёСЂРµРєС‚РѕСЂ'], 'right_answer': ['РџСЂРµРїРѕРґР°РІР°С‚РµР»СЊ'], 'id': 1}}]}, '\\Settings\\SettingsPage\\settings_page.json': {'Body': [{'name': 'version', 'value': 2.1}, {'name': 'url for update', 'value': 'https://github.com/RustFarmer/Test/blob/main/update_url_file.json'}]}, '\\Settings\\UpdateProgram\\UpdateData\\update_url_file.json': {'Body': {'rarFile': 'https://github.com/RustFarmer/Rust-helper/raw/refs/heads/main/v5.1.rar'}}, '\\static\\GetClientData\\UploadInServerClientCookie\\ClientCookieData\\settings.json': {'client_flag': True, 'Body': []}, '\\PassCutOff\\settings.json': {'Body': []}, '\\ImageResultScreen\\imageSettings.json': {'Body': []}, '\\ListBlancQuestion\\listBlancQuestion.json': {'Body': []}}
2026-09-19 at 18:13:32 | INFO | {'\\Cookie\\local_cookie.json': {'Body': {'time_check_updates': '17:22 22.08.26', 'value_Check': False}}, '\\question.json': {'Body': [{'Qst': {'question_name': 'РљС‚Рѕ С‚Р°РєРѕР№ РџР°С‚СЂРёРЅ?', 'answer': ['Р‘СѓРіР°Р»С‚РµСЂ', 'Р”РёСЂРµРєС‚РѕСЂ'], 'right_answer': ['РџСЂРµРїРѕРґР°РІР°С‚РµР»СЊ'], 'id': 1}}]}, '\\static\\GetClientData\\UploadInServerClientCookie\\ClientCookieData\\question.json': {'client_flag': True, 'Body': [{'Qst': {'question_name': 'РљС‚Рѕ С‚Р°РєРѕР№ РџР°С‚СЂРёРЅ?', 'answer': ['Р‘СѓС…РіР°Р»С‚РµСЂ ', 'Р”РёСЂРµРєС‚РѕСЂ'], 'right_answer': ['РџСЂРµРїРѕРґР°РІР°С‚РµР»СЊ'], 'id': 1}}]}, '\\Settings\\SettingsPage\\settings_page.json': {'Body': [{'name': 'version', 'value': 2.1}, {'name': 'url for update', 'value': 'https://github.com/RustFarmer/Test/blob/main/update_url_file.json'}]}, '\\Settings\\UpdateProgram\\UpdateData\\update_url_file.json': {'Body': {'rarFile': 'https://github.com/RustFarmer/Rust-helper/raw/refs/heads/main/v5.1.rar'}}, '\\static\\GetClientData\\UploadInServerClientCookie\\ClientCookieData\\settings.json': {'client_flag': True, 'Body': []}, '\\PassCutOff\\settings.json': {'Body': []}, '\\ImageResultScreen\\imageSettings.json': {'Body': []}, '\\ListBlancQuestion\\listBlancQuestion.json': {'Body': []}}
2026-09-19 at 18:13:32 | INFO | W:\program\QuestionCreatAndRespons\admin\Cookie\local_cookie.json
2026-09-19 at 18:13:32 | INFO | \Cookie\local_cookie.json
2026-09-19 at 18:13:32 | INFO | {'Body': {'time_check_updates': '17:22 22.08.26', 'value_Check': False}}
2026-09-19 at 18:13:32 | INFO | W:\program\QuestionCreatAndRespons\admin\question.json
2026-09-19 at 18:13:32 | INFO | \question.json
2026-09-19 at 18:13:32 | INFO | {'Body': [{'Qst': {'question_name': 'РљС‚Рѕ С‚Р°РєРѕР№ РџР°С‚СЂРёРЅ?', 'answer': ['Р‘СѓРіР°Р»С‚РµСЂ', 'Р”РёСЂРµРєС‚РѕСЂ'], 'right_answer': ['РџСЂРµРїРѕРґР°РІР°С‚РµР»СЊ'], 'id': 1}}]}
2026-09-19 at 18:13:32 | INFO | W:\program\QuestionCreatAndRespons\admin\static\GetClientData\UploadInServerClientCookie\ClientCookieData\question.json
2026-09-19 at 18:13:32 | INFO | W:\program\QuestionCreatAndRespons\client\static\GetClientData\UploadInServerClientCookie\ClientCookieData\question.json
2026-09-19 at 18:13:32 | INFO | \static\GetClientData\UploadInServerClientCookie\ClientCookieData\question.json
2026-09-19 at 18:13:32 | INFO | {'client_flag': True, 'Body': [{'Qst': {'question_name': 'РљС‚Рѕ С‚Р°РєРѕР№ РџР°С‚СЂРёРЅ?', 'answer': ['Р‘СѓС…РіР°Р»С‚РµСЂ ', 'Р”РёСЂРµРєС‚РѕСЂ'], 'right_answer': ['РџСЂРµРїРѕРґР°РІР°С‚РµР»СЊ'], 'id': 1}}]}
2026-09-19 at 18:13:32 | INFO | W:\program\QuestionCreatAndRespons\admin\Settings\SettingsPage\settings_page.json
2026-09-19 at 18:13:32 | INFO | \Settings\SettingsPage\settings_page.json
2026-09-19 at 18:13:32 | INFO | {'Body': [{'name': 'version', 'value': 2.1}, {'name': 'url for update', 'value': 'https://github.com/RustFarmer/Test/blob/main/update_url_file.json'}]}
2026-09-19 at 18:13:32 | INFO | W:\program\QuestionCreatAndRespons\admin\Settings\UpdateProgram\UpdateData\update_url_file.json
2026-09-19 at 18:13:32 | INFO | \Settings\UpdateProgram\UpdateData\update_url_file.json
2026-09-19 at 18:13:32 | INFO | {'Body': {'rarFile': 'https://github.com/RustFarmer/Rust-helper/raw/refs/heads/main/v5.1.rar'}}
2026-09-19 at 18:13:32 | INFO | W:\program\QuestionCreatAndRespons\admin\static\GetClientData\UploadInServerClientCookie\ClientCookieData\settings.json
2026-09-19 at 18:13:32 | INFO | W:\program\QuestionCreatAndRespons\client\static\GetClientData\UploadInServerClientCookie\ClientCookieData\settings.json
2026-09-19 at 18:13:32 | INFO | \static\GetClientData\UploadInServerClientCookie\ClientCookieData\settings.json
2026-09-19 at 18:13:32 | INFO | {'client_flag': True, 'Body': []}
2026-09-19 at 18:13:32 | INFO | W:\program\QuestionCreatAndRespons\admin\PassCutOff\settings.json
2026-09-19 at 18:13:32 | INFO | \PassCutOff\settings.json
2026-09-19 at 18:13:32 | INFO | {'Body': []}
2026-09-19 at 18:13:32 | INFO | W:\program\QuestionCreatAndRespons\admin\ImageResultScreen\imageSettings.json
2026-09-19 at 18:13:32 | INFO | \ImageResultScreen\imageSettings.json
2026-09-19 at 18:13:32 | INFO | {'Body': []}
2026-09-19 at 18:13:32 | INFO | W:\program\QuestionCreatAndRespons\admin\ListBlancQuestion\listBlancQuestion.json
2026-09-19 at 18:13:32 | INFO | \ListBlancQuestion\listBlancQuestion.json
2026-09-19 at 18:13:32 | INFO | {'Body': []}
2026-09-19 at 18:13:33 | INFO | False
2026-09-19 at 18:13:33 | INFO | None
2026-09-19 at 18:13:33 | INFO | [{'Qst': {'question_name': 'РљС‚Рѕ С‚Р°РєРѕР№ РџР°С‚СЂРёРЅ?', 'answer': ['Р‘СѓРіР°Р»С‚РµСЂ', 'Р”РёСЂРµРєС‚РѕСЂ'], 'right_answer': ['РџСЂРµРїРѕРґР°РІР°С‚РµР»СЊ'], 'id': 1}}]
2026-09-19 at 18:17:32 | INFO | W:\program\QuestionCreatAndRespons\admin\Log\appFileLog.log
2026-09-19 at 18:17:32 | INFO | W:\program\QuestionCreatAndRespons\admin
2026-09-19 at 18:17:32 | INFO | W:\program\QuestionCreatAndRespons\client
2026-09-19 at 18:17:32 | INFO | {'\\Cookie\\local_cookie.json': {'Body': {'time_check_updates': '17:22 22.08.26', 'value_Check': False}}, '\\question.json': {'Body': [{'Qst': {'question_name': 'РљС‚Рѕ С‚Р°РєРѕР№ РџР°С‚СЂРёРЅ?', 'answer': ['Р‘СѓРіР°Р»С‚РµСЂ', 'Р”РёСЂРµРєС‚РѕСЂ'], 'right_answer': ['РџСЂРµРїРѕРґР°РІР°С‚РµР»СЊ'], 'id': 1}}]}, '\\static\\GetClientData\\UploadInServerClientCookie\\ClientCookieData\\question.json': {'client_flag': True, 'Body': [{'Qst': {'question_name': 'РљС‚Рѕ С‚Р°РєРѕР№ РџР°С‚СЂРёРЅ?', 'answer': ['Р‘СѓС…РіР°Р»С‚РµСЂ ', 'Р”РёСЂРµРєС‚РѕСЂ'], 'right_answer': ['РџСЂРµРїРѕРґР°РІР°С‚РµР»СЊ'], 'id': 1}}]}, '\\Settings\\SettingsPage\\settings_page.json': {'Body': [{'name': 'version', 'value': 2.1}, {'name': 'url for update', 'value': 'https://github.com/RustFarmer/Test/blob/main/update_url_file.json'}]}, '\\Settings\\UpdateProgram\\UpdateData\\update_url_file.json': {'Body': {'rarFile': 'https://github.com/RustFarmer/Rust-helper/raw/refs/heads/main/v5.1.rar'}}, '\\static\\GetClientData\\UploadInServerClientCookie\\ClientCookieData\\settings.json': {'client_flag': True, 'Body': []}, '\\PassCutOff\\settings.json': {'Body': []}, '\\ImageResultScreen\\imageSettings.json': {'Body': []}, '\\ListBlancQuestion\\listBlancQuestion.json': {'Body': []}}
2026-09-19 at 18:17:32 | INFO | <class 'pathlib.WindowsPath'>
2026-09-19 at 18:17:32 | INFO | W:\program\QuestionCreatAndRespons\admin
2026-09-19 at 18:17:32 | INFO | {'\\Cookie\\local_cookie.json': {'Body': {'time_check_updates': '17:22 22.08.26', 'value_Check': False}}, '\\question.json': {'Body': [{'Qst': {'question_name': 'РљС‚Рѕ С‚Р°РєРѕР№ РџР°С‚СЂРёРЅ?', 'answer': ['Р‘СѓРіР°Р»С‚РµСЂ', 'Р”РёСЂРµРєС‚РѕСЂ'], 'right_answer': ['РџСЂРµРїРѕРґР°РІР°С‚РµР»СЊ'], 'id': 1}}]}, '\\static\\GetClientData\\UploadInServerClientCookie\\ClientCookieData\\question.json': {'client_flag': True, 'Body': [{'Qst': {'question_name': 'РљС‚Рѕ С‚Р°РєРѕР№ РџР°С‚СЂРёРЅ?', 'answer': ['Р‘СѓС…РіР°Р»С‚РµСЂ ', 'Р”РёСЂРµРєС‚РѕСЂ'], 'right_answer': ['РџСЂРµРїРѕРґР°РІР°С‚РµР»СЊ'], 'id': 1}}]}, '\\Settings\\SettingsPage\\settings_page.json': {'Body': [{'name': 'version', 'value': 2.1}, {'name': 'url for update', 'value': 'https://github.com/RustFarmer/Test/blob/main/update_url_file.json'}]}, '\\Settings\\UpdateProgram\\UpdateData\\update_url_file.json': {'Body': {'rarFile': 'https://github.com/RustFarmer/Rust-helper/raw/refs/heads/main/v5.1.rar'}}, '\\static\\GetClientData\\UploadInServerClientCookie\\ClientCookieData\\settings.json': {'client_flag': True, 'Body': []}, '\\PassCutOff\\settings.json': {'Body': []}, '\\ImageResultScreen\\imageSettings.json': {'Body': []}, '\\ListBlancQuestion\\listBlancQuestion.json': {'Body': []}}
2026-09-19 at 18:17:32 | INFO | {'\\Cookie\\local_cookie.json': {'Body': {'time_check_updates': '17:22 22.08.26', 'value_Check': False}}, '\\question.json': {'Body': [{'Qst': {'question_name': 'РљС‚Рѕ С‚Р°РєРѕР№ РџР°С‚СЂРёРЅ?', 'answer': ['Р‘СѓРіР°Р»С‚РµСЂ', 'Р”РёСЂРµРєС‚РѕСЂ'], 'right_answer': ['РџСЂРµРїРѕРґР°РІР°С‚РµР»СЊ'], 'id': 1}}]}, '\\static\\GetClientData\\UploadInServerClientCookie\\ClientCookieData\\question.json': {'client_flag': True, 'Body': [{'Qst': {'question_name': 'РљС‚Рѕ С‚Р°РєРѕР№ РџР°С‚СЂРёРЅ?', 'answer': ['Р‘СѓС…РіР°Р»С‚РµСЂ ', 'Р”РёСЂРµРєС‚РѕСЂ'], 'right_answer': ['РџСЂРµРїРѕРґР°РІР°С‚РµР»СЊ'], 'id': 1}}]}, '\\Settings\\SettingsPage\\settings_page.json': {'Body': [{'name': 'version', 'value': 2.1}, {'name': 'url for update', 'value': 'https://github.com/RustFarmer/Test/blob/main/update_url_file.json'}]}, '\\Settings\\UpdateProgram\\UpdateData\\update_url_file.json': {'Body': {'rarFile': 'https://github.com/RustFarmer/Rust-helper/raw/refs/heads/main/v5.1.rar'}}, '\\static\\GetClientData\\UploadInServerClientCookie\\ClientCookieData\\settings.json': {'client_flag': True, 'Body': []}, '\\PassCutOff\\settings.json': {'Body': []}, '\\ImageResultScreen\\imageSettings.json': {'Body': []}, '\\ListBlancQuestion\\listBlancQuestion.json': {'Body': []}}
2026-09-19 at 18:17:32 | INFO | W:\program\QuestionCreatAndRespons\admin\Cookie\local_cookie.json
2026-09-19 at 18:17:32 | INFO | \Cookie\local_cookie.json
2026-09-19 at 18:17:32 | INFO | {'Body': {'time_check_updates': '17:22 22.08.26', 'value_Check': False}}
2026-09-19 at 18:17:32 | INFO | W:\program\QuestionCreatAndRespons\admin\question.json
2026-09-19 at 18:17:32 | INFO | \question.json
2026-09-19 at 18:17:32 | INFO | {'Body': [{'Qst': {'question_name': 'РљС‚Рѕ С‚Р°РєРѕР№ РџР°С‚СЂРёРЅ?', 'answer': ['Р‘СѓРіР°Р»С‚РµСЂ', 'Р”РёСЂРµРєС‚РѕСЂ'], 'right_answer': ['РџСЂРµРїРѕРґР°РІР°С‚РµР»СЊ'], 'id': 1}}]}
2026-09-19 at 18:17:32 | INFO | W:\program\QuestionCreatAndRespons\admin\static\GetClientData\UploadInServerClientCookie\ClientCookieData\question.json
2026-09-19 at 18:17:32 | INFO | W:\program\QuestionCreatAndRespons\client\static\GetClientData\UploadInServerClientCookie\ClientCookieData\question.json
2026-09-19 at 18:17:32 | INFO | \static\GetClientData\UploadInServerClientCookie\ClientCookieData\question.json
2026-09-19 at 18:17:32 | INFO | {'client_flag': True, 'Body': [{'Qst': {'question_name': 'РљС‚Рѕ С‚Р°РєРѕР№ РџР°С‚СЂРёРЅ?', 'answer': ['Р‘СѓС…РіР°Р»С‚РµСЂ ', 'Р”РёСЂРµРєС‚РѕСЂ'], 'right_answer': ['РџСЂРµРїРѕРґР°РІР°С‚РµР»СЊ'], 'id': 1}}]}
2026-09-19 at 18:17:32 | INFO | W:\program\QuestionCreatAndRespons\admin\Settings\SettingsPage\settings_page.json
2026-09-19 at 18:17:32 | INFO | \Settings\SettingsPage\settings_page.json
2026-09-19 at 18:17:32 | INFO | {'Body': [{'name': 'version', 'value': 2.1}, {'name': 'url for update', 'value': 'https://github.com/RustFarmer/Test/blob/main/update_url_file.json'}]}
2026-09-19 at 18:17:32 | INFO | W:\program\QuestionCreatAndRespons\admin\Settings\UpdateProgram\UpdateData\update_url_file.json
2026-09-19 at 18:17:32 | INFO | \Settings\UpdateProgram\UpdateData\update_url_file.json
2026-09-19 at 18:17:32 | INFO | {'Body': {'rarFile': 'https://github.com/RustFarmer/Rust-helper/raw/refs/heads/main/v5.1.rar'}}
2026-09-19 at 18:17:32 | INFO | W:\program\QuestionCreatAndRespons\admin\static\GetClientData\UploadInServerClientCookie\ClientCookieData\settings.json
2026-09-19 at 18:17:32 | INFO | W:\program\QuestionCreatAndRespons\client\static\GetClientData\UploadInServerClientCookie\ClientCookieData\settings.json
2026-09-19 at 18:17:32 | INFO | \static\GetClientData\UploadInServerClientCookie\ClientCookieData\settings.json
2026-09-19 at 18:17:32 | INFO | {'client_flag': True, 'Body': []}
2026-09-19 at 18:17:32 | INFO | W:\program\QuestionCreatAndRespons\admin\PassCutOff\settings.json
2026-09-19 at 18:17:32 | INFO | \PassCutOff\settings.json
2026-09-19 at 18:17:32 | INFO | {'Body': []}
2026-09-19 at 18:17:32 | INFO | W:\program\QuestionCreatAndRespons\admin\ImageResultScreen\imageSettings.json
2026-09-19 at 18:17:32 | INFO | \ImageResultScreen\imageSettings.json
2026-09-19 at 18:17:32 | INFO | {'Body': []}
2026-09-19 at 18:17:32 | INFO | W:\program\QuestionCreatAndRespons\admin\ListBlancQuestion\listBlancQuestion.json
2026-09-19 at 18:17:32 | INFO | \ListBlancQuestion\listBlancQuestion.json
2026-09-19 at 18:17:32 | INFO | {'Body': []}
2026-09-19 at 18:17:34 | INFO | False
2026-09-19 at 18:17:34 | INFO | None
2026-09-19 at 18:17:34 | INFO | [{'Qst': {'question_name': 'РљС‚Рѕ С‚Р°РєРѕР№ РџР°С‚СЂРёРЅ?', 'answer': ['Р‘СѓРіР°Р»С‚РµСЂ', 'Р”РёСЂРµРєС‚РѕСЂ'], 'right_answer': ['РџСЂРµРїРѕРґР°РІР°С‚РµР»СЊ'], 'id': 1}}]
2026-09-19 at 18:17:57 | INFO | W:\program\QuestionCreatAndRespons\admin\Log\appFileLog.log
2026-09-19 at 18:17:57 | INFO | W:\program\QuestionCreatAndRespons\admin
2026-09-19 at 18:17:57 | INFO | W:\program\QuestionCreatAndRespons\client
2026-09-19 at 18:17:57 | INFO | {'\\Cookie\\local_cookie.json': {'Body': {'time_check_updates': '17:22 22.08.26', 'value_Check': False}}, '\\question.json': {'Body': [{'Qst': {'question_name': 'РљС‚Рѕ С‚Р°РєРѕР№ РџР°С‚СЂРёРЅ?', 'answer': ['Р‘СѓРіР°Р»С‚РµСЂ', 'Р”РёСЂРµРєС‚РѕСЂ'], 'right_answer': ['РџСЂРµРїРѕРґР°РІР°С‚РµР»СЊ'], 'id': 1}}]}, '\\static\\GetClientData\\UploadInServerClientCookie\\ClientCookieData\\question.json': {'client_flag': True, 'Body': [{'Qst': {'question_name': 'РљС‚Рѕ С‚Р°РєРѕР№ РџР°С‚СЂРёРЅ?', 'answer': ['Р‘СѓС…РіР°Р»С‚РµСЂ ', 'Р”РёСЂРµРєС‚РѕСЂ'], 'right_answer': ['РџСЂРµРїРѕРґР°РІР°С‚РµР»СЊ'], 'id': 1}}]}, '\\Settings\\SettingsPage\\settings_page.json': {'Body': [{'name': 'version', 'value': 2.1}, {'name': 'url for update', 'value': 'https://github.com/RustFarmer/Test/blob/main/update_url_file.json'}]}, '\\Settings\\UpdateProgram\\UpdateData\\update_url_file.json': {'Body': {'rarFile': 'https://github.com/RustFarmer/Rust-helper/raw/refs/heads/main/v5.1.rar'}}, '\\static\\GetClientData\\UploadInServerClientCookie\\ClientCookieData\\settings.json': {'client_flag': True, 'Body': []}, '\\PassCutOff\\settings.json': {'Body': []}, '\\ImageResultScreen\\imageSettings.json': {'Body': []}, '\\ListBlancQuestion\\listBlancQuestion.json': {'Body': []}}
2026-09-19 at 18:17:57 | INFO | <class 'pathlib.WindowsPath'>
2026-09-19 at 18:17:57 | INFO | W:\program\QuestionCreatAndRespons\admin
2026-09-19 at 18:17:57 | INFO | {'\\Cookie\\local_cookie.json': {'Body': {'time_check_updates': '17:22 22.08.26', 'value_Check': False}}, '\\question.json': {'Body': [{'Qst': {'question_name': 'РљС‚Рѕ С‚Р°РєРѕР№ РџР°С‚СЂРёРЅ?', 'answer': ['Р‘СѓРіР°Р»С‚РµСЂ', 'Р”РёСЂРµРєС‚РѕСЂ'], 'right_answer': ['РџСЂРµРїРѕРґР°РІР°С‚РµР»СЊ'], 'id': 1}}]}, '\\static\\GetClientData\\UploadInServerClientCookie\\ClientCookieData\\question.json': {'client_flag': True, 'Body': [{'Qst': {'question_name': 'РљС‚Рѕ С‚Р°РєРѕР№ РџР°С‚СЂРёРЅ?', 'answer': ['Р‘СѓС…РіР°Р»С‚РµСЂ ', 'Р”РёСЂРµРєС‚РѕСЂ'], 'right_answer': ['РџСЂРµРїРѕРґР°РІР°С‚РµР»СЊ'], 'id': 1}}]}, '\\Settings\\SettingsPage\\settings_page.json': {'Body': [{'name': 'version', 'value': 2.1}, {'name': 'url for update', 'value': 'https://github.com/RustFarmer/Test/blob/main/update_url_file.json'}]}, '\\Settings\\UpdateProgram\\UpdateData\\update_url_file.json': {'Body': {'rarFile': 'https://github.com/RustFarmer/Rust-helper/raw/refs/heads/main/v5.1.rar'}}, '\\static\\GetClientData\\UploadInServerClientCookie\\ClientCookieData\\settings.json': {'client_flag': True, 'Body': []}, '\\PassCutOff\\settings.json': {'Body': []}, '\\ImageResultScreen\\imageSettings.json': {'Body': []}, '\\ListBlancQuestion\\listBlancQuestion.json': {'Body': []}}
2026-09-19 at 18:17:57 | INFO | {'\\Cookie\\local_cookie.json': {'Body': {'time_check_updates': '17:22 22.08.26', 'value_Check': False}}, '\\question.json': {'Body': [{'Qst': {'question_name': 'РљС‚Рѕ С‚Р°РєРѕР№ РџР°С‚СЂРёРЅ?', 'answer': ['Р‘СѓРіР°Р»С‚РµСЂ', 'Р”РёСЂРµРєС‚РѕСЂ'], 'right_answer': ['РџСЂРµРїРѕРґР°РІР°С‚РµР»СЊ'], 'id': 1}}]}, '\\static\\GetClientData\\UploadInServerClientCookie\\ClientCookieData\\question.json': {'client_flag': True, 'Body': [{'Qst': {'question_name': 'РљС‚Рѕ С‚Р°РєРѕР№ РџР°С‚СЂРёРЅ?', 'answer': ['Р‘СѓС…РіР°Р»С‚РµСЂ ', 'Р”РёСЂРµРєС‚РѕСЂ'], 'right_answer': ['РџСЂРµРїРѕРґР°РІР°С‚РµР»СЊ'], 'id': 1}}]}, '\\Settings\\SettingsPage\\settings_page.json': {'Body': [{'name': 'version', 'value': 2.1}, {'name': 'url for update', 'value': 'https://github.com/RustFarmer/Test/blob/main/update_url_file.json'}]}, '\\Settings\\UpdateProgram\\UpdateData\\update_url_file.json': {'Body': {'rarFile': 'https://github.com/RustFarmer/Rust-helper/raw/refs/heads/main/v5.1.rar'}}, '\\static\\GetClientData\\UploadInServerClientCookie\\ClientCookieData\\settings.json': {'client_flag': True, 'Body': []}, '\\PassCutOff\\settings.json': {'Body': []}, '\\ImageResultScreen\\imageSettings.json': {'Body': []}, '\\ListBlancQuestion\\listBlancQuestion.json': {'Body': []}}
2026-09-19 at 18:17:57 | INFO | W:\program\QuestionCreatAndRespons\admin\Cookie\local_cookie.json
2026-09-19 at 18:17:57 | INFO | \Cookie\local_cookie.json
2026-09-19 at 18:17:57 | INFO | {'Body': {'time_check_updates': '17:22 22.08.26', 'value_Check': False}}
2026-09-19 at 18:17:57 | INFO | W:\program\QuestionCreatAndRespons\admin\question.json
2026-09-19 at 18:17:57 | INFO | \question.json
2026-09-19 at 18:17:57 | INFO | {'Body': [{'Qst': {'question_name': 'РљС‚Рѕ С‚Р°РєРѕР№ РџР°С‚СЂРёРЅ?', 'answer': ['Р‘СѓРіР°Р»С‚РµСЂ', 'Р”РёСЂРµРєС‚РѕСЂ'], 'right_answer': ['РџСЂРµРїРѕРґР°РІР°С‚РµР»СЊ'], 'id': 1}}]}
2026-09-19 at 18:17:57 | INFO | W:\program\QuestionCreatAndRespons\admin\static\GetClientData\UploadInServerClientCookie\ClientCookieData\question.json
2026-09-19 at 18:17:57 | INFO | W:\program\QuestionCreatAndRespons\client\static\GetClientData\UploadInServerClientCookie\ClientCookieData\question.json
2026-09-19 at 18:17:57 | INFO | \static\GetClientData\UploadInServerClientCookie\ClientCookieData\question.json
2026-09-19 at 18:17:57 | INFO | {'client_flag': True, 'Body': [{'Qst': {'question_name': 'РљС‚Рѕ С‚Р°РєРѕР№ РџР°С‚СЂРёРЅ?', 'answer': ['Р‘СѓС…РіР°Р»С‚РµСЂ ', 'Р”РёСЂРµРєС‚РѕСЂ'], 'right_answer': ['РџСЂРµРїРѕРґР°РІР°С‚РµР»СЊ'], 'id': 1}}]}
2026-09-19 at 18:17:57 | INFO | W:\program\QuestionCreatAndRespons\admin\Settings\SettingsPage\settings_page.json
2026-09-19 at 18:17:57 | INFO | \Settings\SettingsPage\settings_page.json
2026-09-19 at 18:17:57 | INFO | {'Body': [{'name': 'version', 'value': 2.1}, {'name': 'url for update', 'value': 'https://github.com/RustFarmer/Test/blob/main/update_url_file.json'}]}
2026-09-19 at 18:17:57 | INFO | W:\program\QuestionCreatAndRespons\admin\Settings\UpdateProgram\UpdateData\update_url_file.json
2026-09-19 at 18:17:57 | INFO | \Settings\UpdateProgram\UpdateData\update_url_file.json
2026-09-19 at 18:17:57 | INFO | {'Body': {'rarFile': 'https://github.com/RustFarmer/Rust-helper/raw/refs/heads/main/v5.1.rar'}}
2026-09-19 at 18:17:57 | INFO | W:\program\QuestionCreatAndRespons\admin\static\GetClientData\UploadInServerClientCookie\ClientCookieData\settings.json
2026-09-19 at 18:17:57 | INFO | W:\program\QuestionCreatAndRespons\client\static\GetClientData\UploadInServerClientCookie\ClientCookieData\settings.json
2026-09-19 at 18:17:57 | INFO | \static\GetClientData\UploadInServerClientCookie\ClientCookieData\settings.json
2026-09-19 at 18:17:57 | INFO | {'client_flag': True, 'Body': []}
2026-09-19 at 18:17:57 | INFO | W:\program\QuestionCreatAndRespons\admin\PassCutOff\settings.json
2026-09-19 at 18:17:57 | INFO | \PassCutOff\settings.json
2026-09-19 at 18:17:57 | INFO | {'Body': []}
2026-09-19 at 18:17:57 | INFO | W:\program\QuestionCreatAndRespons\admin\ImageResultScreen\imageSettings.json
2026-09-19 at 18:17:57 | INFO | \ImageResultScreen\imageSettings.json
2026-09-19 at 18:17:57 | INFO | {'Body': []}
2026-09-19 at 18:17:57 | INFO | W:\program\QuestionCreatAndRespons\admin\ListBlancQuestion\listBlancQuestion.json
2026-09-19 at 18:17:57 | INFO | \ListBlancQuestion\listBlancQuestion.json
2026-09-19 at 18:17:57 | INFO | {'Body': []}
2026-09-19 at 18:17:59 | INFO | False
2026-09-19 at 18:17:59 | INFO | None
2026-09-19 at 18:17:59 | INFO | [{'Qst': {'question_name': 'РљС‚Рѕ С‚Р°РєРѕР№ РџР°С‚СЂРёРЅ?', 'answer': ['Р‘СѓРіР°Р»С‚РµСЂ', 'Р”РёСЂРµРєС‚РѕСЂ'], 'right_answer': ['РџСЂРµРїРѕРґР°РІР°С‚РµР»СЊ'], 'id': 1}}]
